crashid,date,hour,day,city_section,highwayid,compass,milepost,lat,lon,road_type,road_char,street_name,isect_num,isect_name,lane_quantity,vehicle_id,partic_type,age,gender,vehicle_type,striking_vehicle,collision_type,crash_severity,injury_severity,vehicle_movement,vehicle_direction,weather,road_cond,light_cond,speeding,alcohol,drug
1661765,2016-03-11,18:00:00,FRIDAY,Portland NE,1,N,301.72,45.525803,-122.665444,MN,STRGHT,PACIFIC HY I-5,9448,SB EX MORRISN BR C7,6,3137305,DRVR,56,1,PSNGR CAR,1,REAR,INJ,NONE,STRGHT,S,CLR,DRY,DAY,0,0,0
1661765,2016-03-11,18:00:00,FRIDAY,Portland NE,1,N,301.72,45.525803,-122.665444,MN,STRGHT,PACIFIC HY I-5,9448,SB EX MORRISN BR C7,6,3137306,DRVR,53,1,PSNGR CAR,0,REAR,INJ,INJC,STOP,S,CLR,DRY,DAY,0,0,0
1662036,2016-03-13,6:00:00,SUNDAY,Portland SW,2,S,299.5,45.497408,-122.673261,MN,STRGHT,PACIFIC HY I-5,9492,NB EX MARQUAM BR,6,3137794,DRVR,54,1,SEMI TOW,1,SS-O,INJ,NONE,STRGHT,N,RAIN,WET,DLIT,0,0,0
1662036,2016-03-13,6:00:00,SUNDAY,Portland SW,2,S,299.5,45.497408,-122.673261,MN,STRGHT,PACIFIC HY I-5,9492,NB EX MARQUAM BR,6,3137795,DRVR,64,1,PSNGR CAR,0,SS-O,INJ,INJC,STRGHT,N,RAIN,WET,DLIT,0,0,0
1662095,2016-03-13,18:00:00,SUNDAY,Portland NE,1,N,301.71,45.525653,-122.665453,MN,STRGHT,PACIFIC HY I-5,9448,SB EX MORRISN BR C7,4,3137905,DRVR,28,1,PSNGR CAR,1,REAR,INJ,NONE,STRGHT,S,CLR,DRY,DAY,0,0,0
1662095,2016-03-13,18:00:00,SUNDAY,Portland NE,1,N,301.71,45.525653,-122.665453,MN,STRGHT,PACIFIC HY I-5,9448,SB EX MORRISN BR C7,4,3137906,DRVR,32,2,PSNGR CAR,0,REAR,INJ,NONE,STRGHT,S,CLR,DRY,DAY,0,0,0
1662095,2016-03-13,18:00:00,SUNDAY,Portland NE,1,N,301.71,45.525653,-122.665453,MN,STRGHT,PACIFIC HY I-5,9448,SB EX MORRISN BR C7,4,3137906,PSNG,10,2,PSNGR CAR,0,REAR,INJ,INJB,STRGHT,S,CLR,DRY,DAY,0,0,0
1662095,2016-03-13,18:00:00,SUNDAY,Portland NE,1,N,301.71,45.525653,-122.665453,MN,STRGHT,PACIFIC HY I-5,9448,SB EX MORRISN BR C7,4,3137906,PSNG,6,2,PSNGR CAR,0,REAR,INJ,INJB,STRGHT,S,CLR,DRY,DAY,0,0,0
1662231,2016-03-14,15:00:00,MONDAY,Portland Bridges,1,SW,300.4,45.508219,-122.668672,MN,BRIDGE,MARQUAM BRIDGE,9453,NB EXTO PAC HY I-5,6,3138148,DRVR,31,1,PSNGR CAR,1,REAR,INJ,NONE,STRGHT,NE,RAIN,WET,DAY,0,0,0
1662231,2016-03-14,15:00:00,MONDAY,Portland Bridges,1,SW,300.4,45.508219,-122.668672,MN,BRIDGE,MARQUAM BRIDGE,9453,NB EXTO PAC HY I-5,6,3138149,DRVR,50,2,PSNGR CAR,0,REAR,INJ,NONE,STOP,NE,RAIN,WET,DAY,0,0,0
1662231,2016-03-14,15:00:00,MONDAY,Portland Bridges,1,SW,300.4,45.508219,-122.668672,MN,BRIDGE,MARQUAM BRIDGE,9453,NB EXTO PAC HY I-5,6,3138150,DRVR,44,2,PSNGR CAR,0,REAR,INJ,NONE,STOP,NE,RAIN,WET,DAY,0,0,0
1662231,2016-03-14,15:00:00,MONDAY,Portland Bridges,1,SW,300.4,45.508219,-122.668672,MN,BRIDGE,MARQUAM BRIDGE,9453,NB EXTO PAC HY I-5,6,3138151,DRVR,40,2,PSNGR CAR,0,REAR,INJ,INJC,STOP,NE,RAIN,WET,DAY,0,0,0
1662618,2016-03-16,0:00:00,WEDNESDAY,Portland N,2,S,308.3,45.616969,-122.675781,MN,BRIDGE,PACIFIC HY I-5,9457,NB EF JANTZN BCH C2,6,3138869,DRVR,57,2,PSNGR CAR,1,REAR,INJ,INJC,STRGHT,N,CLR,DRY,DAY,0,0,0
1662618,2016-03-16,0:00:00,WEDNESDAY,Portland N,2,S,308.3,45.616969,-122.675781,MN,BRIDGE,PACIFIC HY I-5,9457,NB EF JANTZN BCH C2,6,3138870,DRVR,47,1,PSNGR CAR,0,REAR,INJ,NONE,STOP,N,CLR,DRY,DAY,0,0,0
1662618,2016-03-16,0:00:00,WEDNESDAY,Portland N,2,S,308.3,45.616969,-122.675781,MN,BRIDGE,PACIFIC HY I-5,9457,NB EF JANTZN BCH C2,6,3138871,DRVR,37,2,PSNGR CAR,0,REAR,INJ,INJC,STOP,N,CLR,DRY,DAY,0,0,0
1662104,2016-03-19,12:00:00,SATURDAY,Portland N,1,N,308.01,45.613236,-122.678344,MN,BRIDGE,PACIFIC HY I-5,9458,SB EX JANTZN BCH C4,6,3137919,DRVR,0,9,PSNGR CAR,1,REAR,INJ,NONE,STRGHT,S,CLD,DRY,DLIT,0,0,0
1662104,2016-03-19,12:00:00,SATURDAY,Portland N,1,N,308.01,45.613236,-122.678344,MN,BRIDGE,PACIFIC HY I-5,9458,SB EX JANTZN BCH C4,6,3137920,DRVR,22,1,PSNGR CAR,0,REAR,INJ,INJC,STOP,S,CLD,DRY,DLIT,0,0,0
1662040,2016-03-20,15:00:00,SUNDAY,Portland NE,1,N,301.92,45.528903,-122.665375,MN,STRGHT,PACIFIC HY I-5,9436,SB EX BANFIELD FY,6,3137800,DRVR,30,1,PSNGR CAR,1,REAR,INJ,INJC,STRGHT,S,RAIN,WET,DAY,1,0,0
1662040,2016-03-20,15:00:00,SUNDAY,Portland NE,1,N,301.92,45.528903,-122.665375,MN,STRGHT,PACIFIC HY I-5,9436,SB EX BANFIELD FY,6,3137800,PSNG,24,2,PSNGR CAR,1,REAR,INJ,INJC,STRGHT,S,RAIN,WET,DAY,1,0,0
1662040,2016-03-20,15:00:00,SUNDAY,Portland NE,1,N,301.92,45.528903,-122.665375,MN,STRGHT,PACIFIC HY I-5,9436,SB EX BANFIELD FY,6,3137801,DRVR,22,1,PSNGR CAR,0,REAR,INJ,INJC,STOP,S,RAIN,WET,DAY,1,0,0
1662257,2016-03-21,6:00:00,MONDAY,Portland NE,1,CN,302.28,45.534369,-122.665719,CN,INTER,NE WEIDLER ST,9434,NB EX WEIDLER C1,,3138199,DRVR,54,1,PSNGR CAR,1,ANGL,INJ,NONE,STRGHT,N,RAIN,WET,DAY,0,0,0
1662257,2016-03-21,6:00:00,MONDAY,Portland NE,1,CN,302.28,45.534369,-122.665719,CN,INTER,NE WEIDLER ST,9434,NB EX WEIDLER C1,,3138200,DRVR,58,1,PSNGR CAR,0,ANGL,INJ,INJC,STRGHT,E,RAIN,WET,DAY,0,0,0
1662532,2016-03-23,0:00:00,WEDNESDAY,Portland N,1,N,305,45.570839,-122.678719,MN,STRGHT,PACIFIC HY I-5,9420,SB EX PTLD BLVD C3,4,3138715,DRVR,33,2,PSNGR CAR,1,REAR,INJ,NONE,STRGHT,S,CLR,DRY,DAY,0,0,0
1662532,2016-03-23,0:00:00,WEDNESDAY,Portland N,1,N,305,45.570839,-122.678719,MN,STRGHT,PACIFIC HY I-5,9420,SB EX PTLD BLVD C3,4,3138715,PSNG,1,2,PSNGR CAR,1,REAR,INJ,NO<5,STRGHT,S,CLR,DRY,DAY,0,0,0
1662532,2016-03-23,0:00:00,WEDNESDAY,Portland N,1,N,305,45.570839,-122.678719,MN,STRGHT,PACIFIC HY I-5,9420,SB EX PTLD BLVD C3,4,3138716,DRVR,36,1,PSNGR CAR,0,REAR,INJ,INJC,STRGHT,S,CLR,DRY,DAY,0,0,0
1662475,2016-03-23,15:00:00,WEDNESDAY,Portland N,1,NW,302.49,45.536883,-122.667986,CN,STRGHT,NB EF WILLIAMS C2,2639,N WILLIAMS AVE,2,3138610,DRVR,29,2,PSNGR CAR,1,REAR,INJ,INJB,STRGHT,NW,RAIN,WET,DAY,0,0,0
1662475,2016-03-23,15:00:00,WEDNESDAY,Portland N,1,NW,302.49,45.536883,-122.667986,CN,STRGHT,NB EF WILLIAMS C2,2639,N WILLIAMS AVE,2,3138611,DRVR,22,2,PSNGR CAR,0,REAR,INJ,NONE,STOP,NW,RAIN,WET,DAY,0,0,0
1662760,2016-03-24,17:00:00,THURSDAY,Portland SE,2,N,300.91,45.514594,-122.667614,MN,STRGHT,PACIFIC HY I-5,9460,NB EXTO BANFIELD C1,6,3139143,DRVR,26,1,PSNGR CAR,1,REAR,INJ,NONE,STRGHT,N,CLR,DRY,DAY,0,0,0
1662760,2016-03-24,17:00:00,THURSDAY,Portland SE,2,N,300.91,45.514594,-122.667614,MN,STRGHT,PACIFIC HY I-5,9460,NB EXTO BANFIELD C1,6,3139144,DRVR,28,1,PSNGR CAR,0,REAR,INJ,NONE,STOP,N,CLR,DRY,DAY,0,0,0
1662760,2016-03-24,17:00:00,THURSDAY,Portland SE,2,N,300.91,45.514594,-122.667614,MN,STRGHT,PACIFIC HY I-5,9460,NB EXTO BANFIELD C1,6,3139145,DRVR,62,1,PSNGR CAR,0,REAR,INJ,NONE,STOP,N,CLR,DRY,DAY,0,0,0
1662760,2016-03-24,17:00:00,THURSDAY,Portland SE,2,N,300.91,45.514594,-122.667614,MN,STRGHT,PACIFIC HY I-5,9460,NB EXTO BANFIELD C1,6,3139146,DRVR,67,2,PSNGR CAR,0,REAR,INJ,INJC,STOP,N,CLR,DRY,DAY,0,0,0
1662795,2016-03-25,13:00:00,FRIDAY,Portland N,2,S,307.47,45.605392,-122.682203,MN,STRGHT,PACIFIC HY I-5,9101,NB EXTO I-5 NBD,6,3139223,DRVR,21,1,PSNGR CAR,1,REAR,INJ,NONE,STRGHT,N,CLR,DRY,DAY,0,0,0
1662795,2016-03-25,13:00:00,FRIDAY,Portland N,2,S,307.47,45.605392,-122.682203,MN,STRGHT,PACIFIC HY I-5,9101,NB EXTO I-5 NBD,6,3139224,DRVR,33,2,PSNGR CAR,0,REAR,INJ,INJC,STOP,N,CLR,DRY,DAY,0,0,0
1662795,2016-03-25,13:00:00,FRIDAY,Portland N,2,S,307.47,45.605392,-122.682203,MN,STRGHT,PACIFIC HY I-5,9101,NB EXTO I-5 NBD,6,3139225,DRVR,66,2,PSNGR CAR,0,REAR,INJ,NONE,STOP,N,CLR,DRY,DAY,0,0,0
1662780,2016-03-25,15:00:00,FRIDAY,Portland SW,2,S,299.48,45.497114,-122.673275,MN,STRGHT,PACIFIC HY I-5,9492,NB EX MARQUAM BR,3,3139192,DRVR,22,1,PSNGR CAR,1,REAR,INJ,NONE,STRGHT,N,CLR,DRY,DAY,0,0,0
1662780,2016-03-25,15:00:00,FRIDAY,Portland SW,2,S,299.48,45.497114,-122.673275,MN,STRGHT,PACIFIC HY I-5,9492,NB EX MARQUAM BR,3,3139193,DRVR,73,1,PSNGR CAR,0,REAR,INJ,INJC,STOP,N,CLR,DRY,DAY,0,0,0
1680035,2016-03-26,20:00:00,SATURDAY,Portland N,2,S,304.46,45.562947,-122.678442,MN,STRGHT,PACIFIC HY I-5,9423,NB EF MISSOURI C1,6,3172034,DRVR,36,2,PSNGR CAR,1,FIX,INJ,NONE,STRGHT,N,RAIN,WET,DUSK,0,0,0
1680035,2016-03-26,20:00:00,SATURDAY,Portland N,2,S,304.46,45.562947,-122.678442,MN,STRGHT,PACIFIC HY I-5,9423,NB EF MISSOURI C1,6,3172035,DRVR,24,2,PSNGR CAR,0,FIX,INJ,INJC,STRGHT,N,RAIN,WET,DUSK,0,0,0
1662993,2016-03-28,15:00:00,MONDAY,Portland N,1,NW,302.49,45.536883,-122.667986,CN,STRGHT,NB EF WILLIAMS C2,267,N BROADWAY ST,2,3139589,DRVR,40,2,PSNGR CAR,1,REAR,INJ,INJB,STRGHT,NW,CLR,DRY,DAY,0,0,0
1662993,2016-03-28,15:00:00,MONDAY,Portland N,1,NW,302.49,45.536883,-122.667986,CN,STRGHT,NB EF WILLIAMS C2,267,N BROADWAY ST,2,3139590,DRVR,26,2,PSNGR CAR,0,REAR,INJ,NONE,STOP,NW,CLR,DRY,DAY,0,0,0
1662993,2016-03-28,15:00:00,MONDAY,Portland N,1,NW,302.49,45.536883,-122.667986,CN,STRGHT,NB EF WILLIAMS C2,267,N BROADWAY ST,2,3139591,DRVR,0,2,PSNGR CAR,0,REAR,INJ,NONE,STOP,NW,CLR,DRY,DAY,0,0,0
1663285,2016-03-30,8:00:00,WEDNESDAY,Portland N,1,CN,307.47,45.605944,-122.682294,MN,STRGHT,PACIFIC HY I-5,9902,SB EXTO MARINE DR,3,3140125,DRVR,37,1,SEMI TOW,1,REAR,INJ,NONE,STRGHT,S,CLR,DRY,DAY,0,0,0
1663285,2016-03-30,8:00:00,WEDNESDAY,Portland N,1,CN,307.47,45.605944,-122.682294,MN,STRGHT,PACIFIC HY I-5,9902,SB EXTO MARINE DR,3,3140126,DRVR,41,2,PSNGR CAR,0,REAR,INJ,INJC,STOP,S,CLR,DRY,DAY,0,0,0
1663254,2016-03-30,21:00:00,WEDNESDAY,Portland SW,2,S,299.27,45.494019,-122.673419,MN,STRGHT,PACIFIC HY I-5,9492,NB EX MARQUAM BR,6,3140066,DRVR,22,1,SEMI TOW,1,SS-O,INJ,NONE,STRGHT,N,CLR,DRY,DLIT,0,0,0
1663254,2016-03-30,21:00:00,WEDNESDAY,Portland SW,2,S,299.27,45.494019,-122.673419,MN,STRGHT,PACIFIC HY I-5,9492,NB EX MARQUAM BR,6,3140067,DRVR,51,1,PSNGR CAR,0,SS-O,INJ,INJB,STRGHT,N,CLR,DRY,DLIT,0,0,0
1663448,2016-03-31,10:00:00,THURSDAY,Portland N,2,N,305.15,45.572814,-122.678575,MN,STRGHT,PACIFIC HY I-5,9419,NB EF PTLD BLVD C2,8,3140442,DRVR,0,9,TRUCK,1,SS-O,INJ,NONE,STRGHT,N,UNK,UNK,DAY,0,0,0
1663448,2016-03-31,10:00:00,THURSDAY,Portland N,2,N,305.15,45.572814,-122.678575,MN,STRGHT,PACIFIC HY I-5,9419,NB EF PTLD BLVD C2,8,3140443,DRVR,60,1,PSNGR CAR,0,SS-O,INJ,INJC,STRGHT,N,UNK,UNK,DAY,0,0,0
1680020,2016-03-31,15:00:00,THURSDAY,Portland N,2,N,303.5,45.548694,-122.678528,MN,STRGHT,PACIFIC HY I-5,9431,NB EF FREMONT BR,8,3172004,DRVR,30,1,PSNGR CAR,1,REAR,INJ,INJC,STRGHT,NW,CLR,DRY,DAY,0,0,0
1680020,2016-03-31,15:00:00,THURSDAY,Portland N,2,N,303.5,45.548694,-122.678528,MN,STRGHT,PACIFIC HY I-5,9431,NB EF FREMONT BR,8,3172005,DRVR,57,1,PSNGR CAR,0,REAR,INJ,NONE,STOP,NW,CLR,DRY,DAY,0,0,0
1663429,2016-03-31,17:00:00,THURSDAY,Portland SE,1,S,300.49,45.509092,-122.667256,MN,STRGHT,PACIFIC HY I-5,9452,SB EX MARQUAM BR,3,3140406,DRVR,22,1,PSNGR CAR,1,REAR,INJ,NONE,STRGHT,N,UNK,UNK,DAY,0,0,0
1663429,2016-03-31,17:00:00,THURSDAY,Portland SE,1,S,300.49,45.509092,-122.667256,MN,STRGHT,PACIFIC HY I-5,9452,SB EX MARQUAM BR,3,3140407,DRVR,29,2,PSNGR CAR,0,REAR,INJ,INJC,STRGHT,N,UNK,UNK,DAY,0,0,0
1663713,2016-04-01,21:00:00,FRIDAY,Portland N,1,NW,302.64,45.538972,-122.670236,MN,STRGHT,PACIFIC HY I-5,9432,SB EX VANCOUVER C3,7,3140962,DRVR,26,1,PSNGR CAR,1,REAR,INJ,NONE,STRGHT,SE,CLR,DRY,DLIT,0,0,0
1663713,2016-04-01,21:00:00,FRIDAY,Portland N,1,NW,302.64,45.538972,-122.670236,MN,STRGHT,PACIFIC HY I-5,9432,SB EX VANCOUVER C3,7,3140963,DRVR,24,1,PSNGR CAR,0,REAR,INJ,INJC,STRGHT,SE,CLR,DRY,DLIT,0,0,0
1663713,2016-04-01,21:00:00,FRIDAY,Portland N,1,NW,302.64,45.538972,-122.670236,MN,STRGHT,PACIFIC HY I-5,9432,SB EX VANCOUVER C3,7,3140963,PSNG,22,2,PSNGR CAR,0,REAR,INJ,INJC,STRGHT,SE,CLR,DRY,DLIT,0,0,0
1663740,2016-04-02,17:00:00,SATURDAY,Portland N,2,S,307.98,45.612806,-122.678239,MN,STRGHT,PACIFIC HY I-5,9457,NB EF JANTZN BCH C2,6,3141012,DRVR,0,9,UNKNOWN,1,REAR,INJ,NONE,STRGHT,N,CLR,DRY,DAY,0,0,0
1663740,2016-04-02,17:00:00,SATURDAY,Portland N,2,S,307.98,45.612806,-122.678239,MN,STRGHT,PACIFIC HY I-5,9457,NB EF JANTZN BCH C2,6,3141013,DRVR,47,1,PSNGR CAR,0,REAR,INJ,INJC,STOP,N,CLR,DRY,DAY,0,0,0
1663740,2016-04-02,17:00:00,SATURDAY,Portland N,2,S,307.98,45.612806,-122.678239,MN,STRGHT,PACIFIC HY I-5,9457,NB EF JANTZN BCH C2,6,3141013,PSNG,45,2,PSNGR CAR,0,REAR,INJ,INJC,STOP,N,CLR,DRY,DAY,0,0,0
1663333,2016-04-03,21:00:00,SUNDAY,Portland N,1,S,303.78,45.553167,-122.678753,MN,STRGHT,PACIFIC HY I-5,9429,SB EF GOING ST C4,6,3140217,DRVR,0,9,UNKNOWN,1,REAR,INJ,NONE,STRGHT,S,CLR,DRY,DLIT,0,0,0
1663333,2016-04-03,21:00:00,SUNDAY,Portland N,1,S,303.78,45.553167,-122.678753,MN,STRGHT,PACIFIC HY I-5,9429,SB EF GOING ST C4,6,3140218,DRVR,24,1,PSNGR CAR,0,REAR,INJ,INJB,STRGHT,S,CLR,DRY,DLIT,0,0,0
1663761,2016-04-04,10:00:00,MONDAY,Portland N,1,N,305.15,45.573064,-122.678742,MN,STRGHT,PACIFIC HY I-5,9420,SB EX PTLD BLVD C3,4,3141058,DRVR,34,1,PSNGR CAR,1,REAR,INJ,NONE,STRGHT,S,RAIN,WET,DAY,1,0,0
1663761,2016-04-04,10:00:00,MONDAY,Portland N,1,N,305.15,45.573064,-122.678742,MN,STRGHT,PACIFIC HY I-5,9420,SB EX PTLD BLVD C3,4,3141059,DRVR,34,1,PSNGR CAR,0,REAR,INJ,INJC,STOP,S,RAIN,WET,DAY,1,0,0
1663761,2016-04-04,10:00:00,MONDAY,Portland N,1,N,305.15,45.573064,-122.678742,MN,STRGHT,PACIFIC HY I-5,9420,SB EX PTLD BLVD C3,4,3141059,PSNG,0,1,PSNGR CAR,0,REAR,INJ,INJC,STOP,S,RAIN,WET,DAY,1,0,0
1663819,2016-04-05,17:00:00,TUESDAY,Portland N,2,S,304,45.556194,-122.678483,MN,STRGHT,PACIFIC HY I-5,9427,NB EF GOING ST C2,6,3141167,DRVR,60,1,PSNGR CAR,1,REAR,INJ,NONE,STRGHT,N,CLR,DRY,DAY,0,0,0
1663819,2016-04-05,17:00:00,TUESDAY,Portland N,2,S,304,45.556194,-122.678483,MN,STRGHT,PACIFIC HY I-5,9427,NB EF GOING ST C2,6,3141168,DRVR,56,1,PSNGR CAR,0,REAR,INJ,INJC,STOP,N,CLR,DRY,DAY,0,0,0
1663819,2016-04-05,17:00:00,TUESDAY,Portland N,2,S,304,45.556194,-122.678483,MN,STRGHT,PACIFIC HY I-5,9427,NB EF GOING ST C2,6,3141169,DRVR,43,1,PSNGR CAR,0,REAR,INJ,NONE,STOP,N,CLR,DRY,DAY,0,0,0
1663819,2016-04-05,17:00:00,TUESDAY,Portland N,2,S,304,45.556194,-122.678483,MN,STRGHT,PACIFIC HY I-5,9427,NB EF GOING ST C2,6,3141170,DRVR,33,2,PSNGR CAR,0,REAR,INJ,INJC,STOP,N,CLR,DRY,DAY,0,0,0
1663927,2016-04-06,14:00:00,WEDNESDAY,Portland SW,1,NW,299.9,45.502725,-122.674506,MN,STRGHT,SB EF MARQUAM BR,9496,SB EX HOOD AVE C2,2,3141381,DRVR,27,2,PSNGR CAR,1,REAR,INJ,NONE,STRGHT,SE,CLR,DRY,DAY,0,0,0
1663927,2016-04-06,14:00:00,WEDNESDAY,Portland SW,1,NW,299.9,45.502725,-122.674506,MN,STRGHT,SB EF MARQUAM BR,9496,SB EX HOOD AVE C2,2,3141382,DRVR,44,1,PSNGR CAR,0,REAR,INJ,INJC,STOP,SE,CLR,DRY,DAY,0,0,0
1666268,2016-04-06,14:00:00,WEDNESDAY,Portland NE,1,S,302,45.530589,-122.66535,MN,BRIDGE,PACIFIC HY I-5,9435,SB EF WILLIAMS C5,6,3145826,DRVR,61,1,SEMI TOW,1,REAR,INJ,NONE,STRGHT,S,CLR,DRY,DAY,0,0,0
1666268,2016-04-06,14:00:00,WEDNESDAY,Portland NE,1,S,302,45.530589,-122.66535,MN,BRIDGE,PACIFIC HY I-5,9435,SB EF WILLIAMS C5,6,3145827,DRVR,48,2,PSNGR CAR,0,REAR,INJ,INJC,STOP,S,CLR,DRY,DAY,0,0,0
1666268,2016-04-06,14:00:00,WEDNESDAY,Portland NE,1,S,302,45.530589,-122.66535,MN,BRIDGE,PACIFIC HY I-5,9435,SB EF WILLIAMS C5,6,3145828,DRVR,47,1,PSNGR CAR,0,REAR,INJ,NONE,STOP,S,CLR,DRY,DAY,0,0,0
1664009,2016-04-06,14:00:00,WEDNESDAY,Portland N,2,N,308.18,45.615406,-122.676694,MN,BRIDGE,PACIFIC HY I-5,9457,NB EF JANTZN BCH C2,3,3141527,DRVR,52,1,PSNGR CAR,1,REAR,INJ,NONE,STRGHT,N,CLR,DRY,DAY,0,0,0
1664009,2016-04-06,14:00:00,WEDNESDAY,Portland N,2,N,308.18,45.615406,-122.676694,MN,BRIDGE,PACIFIC HY I-5,9457,NB EF JANTZN BCH C2,3,3141528,DRVR,44,2,PSNGR CAR,0,REAR,INJ,INJB,STOP,N,CLR,DRY,DAY,0,0,0
1664009,2016-04-06,14:00:00,WEDNESDAY,Portland N,2,N,308.18,45.615406,-122.676694,MN,BRIDGE,PACIFIC HY I-5,9457,NB EF JANTZN BCH C2,3,3141528,PSNG,21,1,PSNGR CAR,0,REAR,INJ,INJB,STOP,N,CLR,DRY,DAY,0,0,0
1664009,2016-04-06,14:00:00,WEDNESDAY,Portland N,2,N,308.18,45.615406,-122.676694,MN,BRIDGE,PACIFIC HY I-5,9457,NB EF JANTZN BCH C2,3,3141529,DRVR,27,1,PSNGR CAR,0,REAR,INJ,NONE,STOP,N,CLR,DRY,DAY,0,0,0
1664449,2016-04-08,18:00:00,FRIDAY,Portland N,2,S,304.42,45.562353,-122.678439,MN,STRGHT,PACIFIC HY I-5,9423,NB EF MISSOURI C1,6,3142375,DRVR,18,1,PSNGR CAR,1,REAR,INJ,NONE,STRGHT,N,CLR,DRY,DAY,0,0,0
1664449,2016-04-08,18:00:00,FRIDAY,Portland N,2,S,304.42,45.562353,-122.678439,MN,STRGHT,PACIFIC HY I-5,9423,NB EF MISSOURI C1,6,3142376,DRVR,37,2,PSNGR CAR,0,REAR,INJ,INJC,STOP,N,CLR,DRY,DAY,0,0,0
1664449,2016-04-08,18:00:00,FRIDAY,Portland N,2,S,304.42,45.562353,-122.678439,MN,STRGHT,PACIFIC HY I-5,9423,NB EF MISSOURI C1,6,3142376,PSNG,11,2,PSNGR CAR,0,REAR,INJ,INJC,STOP,N,CLR,DRY,DAY,0,0,0
1664449,2016-04-08,18:00:00,FRIDAY,Portland N,2,S,304.42,45.562353,-122.678439,MN,STRGHT,PACIFIC HY I-5,9423,NB EF MISSOURI C1,6,3142376,PSNG,9,1,PSNGR CAR,0,REAR,INJ,INJC,STOP,N,CLR,DRY,DAY,0,0,0
1664522,2016-04-09,0:00:00,SATURDAY,Portland N,1,S,305.1,45.572211,-122.678744,MN,STRGHT,PACIFIC HY I-5,9420,SB EX PTLD BLVD C3,4,3142511,DRVR,17,1,PSNGR CAR,1,REAR,INJ,NONE,STRGHT,S,CLR,DRY,DAY,0,0,0
1664522,2016-04-09,0:00:00,SATURDAY,Portland N,1,S,305.1,45.572211,-122.678744,MN,STRGHT,PACIFIC HY I-5,9420,SB EX PTLD BLVD C3,4,3142511,PSNG,18,2,PSNGR CAR,1,REAR,INJ,INJB,STRGHT,S,CLR,DRY,DAY,0,0,0
1664522,2016-04-09,0:00:00,SATURDAY,Portland N,1,S,305.1,45.572211,-122.678744,MN,STRGHT,PACIFIC HY I-5,9420,SB EX PTLD BLVD C3,4,3142512,DRVR,0,1,PSNGR CAR,0,REAR,INJ,NONE,STOP,S,CLR,DRY,DAY,0,0,0
1664518,2016-04-09,17:00:00,SATURDAY,Portland N,2,N,305.44,45.576964,-122.678503,MN,STRGHT,PACIFIC HY I-5,9416,NB EX LOMBARD WB C2,5,3142500,DRVR,0,1,PSNGR CAR,1,REAR,INJ,NONE,STRGHT,N,CLR,DRY,DAY,0,0,0
1664518,2016-04-09,17:00:00,SATURDAY,Portland N,2,N,305.44,45.576964,-122.678503,MN,STRGHT,PACIFIC HY I-5,9416,NB EX LOMBARD WB C2,5,3142501,DRVR,20,2,PSNGR CAR,0,REAR,INJ,INJC,STOP,N,CLR,DRY,DAY,0,0,0
1664518,2016-04-09,17:00:00,SATURDAY,Portland N,2,N,305.44,45.576964,-122.678503,MN,STRGHT,PACIFIC HY I-5,9416,NB EX LOMBARD WB C2,5,3142502,DRVR,21,2,PSNGR CAR,0,REAR,INJ,INJC,STOP,N,CLR,DRY,DAY,0,0,0
1664518,2016-04-09,17:00:00,SATURDAY,Portland N,2,N,305.44,45.576964,-122.678503,MN,STRGHT,PACIFIC HY I-5,9416,NB EX LOMBARD WB C2,5,3142502,PSNG,25,1,PSNGR CAR,0,REAR,INJ,INJB,STOP,N,CLR,DRY,DAY,0,0,0
1664518,2016-04-09,17:00:00,SATURDAY,Portland N,2,N,305.44,45.576964,-122.678503,MN,STRGHT,PACIFIC HY I-5,9416,NB EX LOMBARD WB C2,5,3142503,DRVR,36,2,PSNGR CAR,0,REAR,INJ,NONE,STOP,N,CLR,DRY,DAY,0,0,0
1664518,2016-04-09,17:00:00,SATURDAY,Portland N,2,N,305.44,45.576964,-122.678503,MN,STRGHT,PACIFIC HY I-5,9416,NB EX LOMBARD WB C2,5,3142504,DRVR,30,1,PSNGR CAR,0,REAR,INJ,NONE,STOP,N,CLR,DRY,DAY,0,0,0
1664518,2016-04-09,17:00:00,SATURDAY,Portland N,2,N,305.44,45.576964,-122.678503,MN,STRGHT,PACIFIC HY I-5,9416,NB EX LOMBARD WB C2,5,3142505,DRVR,45,1,PSNGR CAR,0,REAR,INJ,NONE,STOP,N,CLR,DRY,DAY,0,0,0