crashid,date,hour,day,city_section,highwayid,compass,milepost,lat,lon,road_type,road_char,street_name,isect_num,isect_name,lane_quantity,vehicle_id,partic_type,age,gender,vehicle_type,striking_vehicle,collision_type,crash_severity,injury_severity,vehicle_movement,vehicle_direction,weather,road_cond,light_cond,speeding,alcohol,drug
1666205,2016-04-13,8:00:00,WEDNESDAY,Portland N,1,S,304.99,45.570703,-122.678717,MN,STRGHT,PACIFIC HY I-5,9420,SB EX PTLD BLVD C3,4,3145708,DRVR,23,1,PSNGR CAR,1,REAR,INJ,NONE,STRGHT,S,CLR,DRY,DAY,0,0,0
1666205,2016-04-13,8:00:00,WEDNESDAY,Portland N,1,S,304.99,45.570703,-122.678717,MN,STRGHT,PACIFIC HY I-5,9420,SB EX PTLD BLVD C3,4,3145709,DRVR,38,2,PSNGR CAR,0,REAR,INJ,INJC,STOP,S,CLR,DRY,DAY,0,0,0
1666205,2016-04-13,8:00:00,WEDNESDAY,Portland N,1,S,304.99,45.570703,-122.678717,MN,STRGHT,PACIFIC HY I-5,9420,SB EX PTLD BLVD C3,4,3145709,PSNG,42,2,PSNGR CAR,0,REAR,INJ,INJC,STOP,S,CLR,DRY,DAY,0,0,0
1666132,2016-04-18,6:00:00,MONDAY,Portland SE,2,N,301,45.515872,-122.667289,MN,STRGHT,PACIFIC HY I-5,9460,NB EXTO BANFIELD C1,6,3145574,DRVR,38,2,PSNGR CAR,1,REAR,INJ,NONE,STRGHT,N,CLR,DRY,DAY,0,0,0
1666132,2016-04-18,6:00:00,MONDAY,Portland SE,2,N,301,45.515872,-122.667289,MN,STRGHT,PACIFIC HY I-5,9460,NB EXTO BANFIELD C1,6,3145575,DRVR,28,1,PSNGR CAR,0,REAR,INJ,INJC,STOP,N,CLR,DRY,DAY,0,0,0
1666323,2016-04-18,15:00:00,MONDAY,Portland SW,2,W,300.17,45.506231,-122.672286,MN,BRIDGE,MARQUAM BRIDGE,9550,EB EX MARQUAM BR C2,2,3145935,DRVR,53,1,SEMI TOW,1,REAR,INJ,NONE,STRGHT,E,CLR,DRY,DAY,0,0,0
1666323,2016-04-18,15:00:00,MONDAY,Portland SW,2,W,300.17,45.506231,-122.672286,MN,BRIDGE,MARQUAM BRIDGE,9550,EB EX MARQUAM BR C2,2,3145936,DRVR,34,1,PSNGR CAR,0,REAR,INJ,INJC,STOP,E,CLR,DRY,DAY,0,0,0
1666193,2016-04-21,2:00:00,THURSDAY,Portland N,2,N,304.22,45.559386,-122.678439,MN,STRGHT,PACIFIC HY I-5,9427,NB EF GOING ST C2,6,3145687,DRVR,30,1,PSNGR CAR,1,REAR,INJ,INJB,STRGHT,N,CLR,DRY,DARK,0,0,0
1666193,2016-04-21,2:00:00,THURSDAY,Portland N,2,N,304.22,45.559386,-122.678439,MN,STRGHT,PACIFIC HY I-5,9427,NB EF GOING ST C2,6,3145688,,,,PSNGR CAR,0,REAR,INJ,,PRKD-P,N,CLR,DRY,DARK,0,0,0
1666372,2016-04-22,16:00:00,FRIDAY,Portland N,1,N,302.65,45.539094,-122.670336,MN,STRGHT,PACIFIC HY I-5,9432,SB EX VANCOUVER C3,6,3146029,DRVR,22,1,PSNGR CAR,1,REAR,INJ,NONE,STRGHT,S,CLR,DRY,DAY,0,0,0
1666372,2016-04-22,16:00:00,FRIDAY,Portland N,1,N,302.65,45.539094,-122.670336,MN,STRGHT,PACIFIC HY I-5,9432,SB EX VANCOUVER C3,6,3146030,DRVR,34,1,PSNGR CAR,0,REAR,INJ,NONE,STRGHT,S,CLR,DRY,DAY,0,0,0
1666372,2016-04-22,16:00:00,FRIDAY,Portland N,1,N,302.65,45.539094,-122.670336,MN,STRGHT,PACIFIC HY I-5,9432,SB EX VANCOUVER C3,6,3146030,PSNG,14,2,PSNGR CAR,0,REAR,INJ,INJC,STRGHT,S,CLR,DRY,DAY,0,0,0
1665378,2016-04-24,19:00:00,SUNDAY,Portland N,1,N,303.09,45.544006,-122.675475,MN,BRIDGE,PACIFIC HY I-5,9455,SB EF GREELEY AV C2,6,3144173,DRVR,23,2,PSNGR CAR,1,FIX,INJ,INJC,STRGHT,S,RAIN,WET,DUSK,0,1,0
1666230,2016-04-26,15:00:00,TUESDAY,Portland N,2,N,306.06,45.585994,-122.679975,MN,STRGHT,PACIFIC HY I-5,9414,NB EX COL BLVD C1,4,3145758,DRVR,0,1,UNKNOWN,1,REAR,INJ,NONE,STRGHT,N,CLR,WET,DAY,0,0,0
1666230,2016-04-26,15:00:00,TUESDAY,Portland N,2,N,306.06,45.585994,-122.679975,MN,STRGHT,PACIFIC HY I-5,9414,NB EX COL BLVD C1,4,3145759,DRVR,53,1,PSNGR CAR,0,REAR,INJ,INJC,STOP,N,CLR,WET,DAY,0,0,0
1666230,2016-04-26,15:00:00,TUESDAY,Portland N,2,N,306.06,45.585994,-122.679975,MN,STRGHT,PACIFIC HY I-5,9414,NB EX COL BLVD C1,4,3145760,DRVR,0,9,UNKNOWN,0,REAR,INJ,NONE,STOP,N,CLR,WET,DAY,0,0,0
1665779,2016-04-28,13:00:00,THURSDAY,Portland Bridges,1,NE,300.34,45.507658,-122.669642,MN,BRIDGE,MARQUAM BRIDGE,9551,WB EF MARQUAM BR C1,3,3144919,DRVR,0,1,PSNGR CAR,1,REAR,INJ,NONE,STRGHT,NE,CLR,DRY,DAY,0,0,0
1665779,2016-04-28,13:00:00,THURSDAY,Portland Bridges,1,NE,300.34,45.507658,-122.669642,MN,BRIDGE,MARQUAM BRIDGE,9551,WB EF MARQUAM BR C1,3,3144920,DRVR,25,2,PSNGR CAR,0,REAR,INJ,INJC,STOP,NE,CLR,DRY,DAY,0,0,0
1665779,2016-04-28,13:00:00,THURSDAY,Portland Bridges,1,NE,300.34,45.507658,-122.669642,MN,BRIDGE,MARQUAM BRIDGE,9551,WB EF MARQUAM BR C1,3,3144921,DRVR,53,1,PSNGR CAR,0,REAR,INJ,NONE,STOP,NE,CLR,DRY,DAY,0,0,0
1665918,2016-04-29,17:00:00,FRIDAY,Portland Bridges,2,NE,300.36,45.507864,-122.669286,MN,BRIDGE,MARQUAM BRIDGE,9452,SB EX MARQUAM BR,3,3145165,DRVR,63,1,PSNGR CAR,1,REAR,INJ,INJC,STRGHT,SW,RAIN,WET,DAY,0,0,0
1665918,2016-04-29,17:00:00,FRIDAY,Portland Bridges,2,NE,300.36,45.507864,-122.669286,MN,BRIDGE,MARQUAM BRIDGE,9452,SB EX MARQUAM BR,3,3145166,DRVR,27,2,PSNGR CAR,0,REAR,INJ,NONE,STOP,SW,RAIN,WET,DAY,0,0,0
1665918,2016-04-29,17:00:00,FRIDAY,Portland Bridges,2,NE,300.36,45.507864,-122.669286,MN,BRIDGE,MARQUAM BRIDGE,9452,SB EX MARQUAM BR,3,3145167,DRVR,29,2,PSNGR CAR,0,REAR,INJ,NONE,STRGHT,SW,RAIN,WET,DAY,0,0,0
1666064,2016-04-30,0:00:00,SATURDAY,Portland SE,2,S,300.53,45.509436,-122.666922,MN,BRIDGE,PACIFIC HY I-5,9460,NB EXTO BANFIELD C1,4,3145444,DRVR,68,1,PSNGR CAR,1,REAR,INJ,NONE,STRGHT,N,CLR,DRY,DAY,0,0,0
1666064,2016-04-30,0:00:00,SATURDAY,Portland SE,2,S,300.53,45.509436,-122.666922,MN,BRIDGE,PACIFIC HY I-5,9460,NB EXTO BANFIELD C1,4,3145445,DRVR,64,2,PSNGR CAR,0,REAR,INJ,INJC,STOP,N,CLR,DRY,DAY,0,0,0
1666510,2016-05-01,14:00:00,SUNDAY,Portland N,2,N,306.77,45.595808,-122.684161,MN,STRGHT,PACIFIC HY I-5,9901,EXTO MLK/MARINE C1,6,3146283,DRVR,26,2,PSNGR CAR,1,REAR,INJ,NONE,STRGHT,N,CLR,DRY,DAY,0,0,0
1666510,2016-05-01,14:00:00,SUNDAY,Portland N,2,N,306.77,45.595808,-122.684161,MN,STRGHT,PACIFIC HY I-5,9901,EXTO MLK/MARINE C1,6,3146284,DRVR,24,2,PSNGR CAR,0,REAR,INJ,INJC,STOP,N,CLR,DRY,DAY,0,0,0
1666399,2016-05-01,15:00:00,SUNDAY,Portland N,2,N,307.85,45.610944,-122.679308,MN,STRGHT,PACIFIC HY I-5,9456,NB EX JANTZN BCH C1,6,3146080,DRVR,0,2,PSNGR CAR,1,SS-O,INJ,NONE,STRGHT,N,CLR,DRY,DAY,0,0,0
1666399,2016-05-01,15:00:00,SUNDAY,Portland N,2,N,307.85,45.610944,-122.679308,MN,STRGHT,PACIFIC HY I-5,9456,NB EX JANTZN BCH C1,6,3146081,DRVR,55,1,MTRCYCLE,0,SS-O,INJ,INJA,STRGHT,N,CLR,DRY,DAY,0,0,0
1666761,2016-05-02,7:00:00,MONDAY,Portland NE,1,S,302,45.530589,-122.66535,MN,STRGHT,PACIFIC HY I-5,9435,SB EF WILLIAMS C5,6,3146768,DRVR,48,2,PSNGR CAR,1,REAR,INJ,INJB,STRGHT,S,CLR,DRY,DAY,0,0,0
1666761,2016-05-02,7:00:00,MONDAY,Portland NE,1,S,302,45.530589,-122.66535,MN,STRGHT,PACIFIC HY I-5,9435,SB EF WILLIAMS C5,6,3146769,DRVR,27,2,PSNGR CAR,0,REAR,INJ,NONE,STOP,S,CLR,DRY,DAY,0,0,0
1666887,2016-05-02,15:00:00,MONDAY,Portland N,1,N,307.53,45.606778,-122.682031,MN,BRIDGE,PACIFIC HY I-5,9902,SB EXTO MARINE DR,7,3147001,DRVR,65,2,PSNGR CAR,1,REAR,INJ,INJC,STRGHT,S,CLR,DRY,DAY,0,0,0
1666887,2016-05-02,15:00:00,MONDAY,Portland N,1,N,307.53,45.606778,-122.682031,MN,BRIDGE,PACIFIC HY I-5,9902,SB EXTO MARINE DR,7,3147002,DRVR,42,1,TRUCK,0,REAR,INJ,INJC,STOP,S,CLR,DRY,DAY,0,0,0
1666968,2016-05-04,8:00:00,WEDNESDAY,Portland N,1,N,306.6,45.593525,-122.683431,MN,STRGHT,PACIFIC HY I-5,9411,SB EF VICTORY BV C3,6,3147169,DRVR,53,1,SEMI TOW,1,REAR,INJ,NONE,STRGHT,S,CLR,DRY,DAY,0,0,0
1666968,2016-05-04,8:00:00,WEDNESDAY,Portland N,1,N,306.6,45.593525,-122.683431,MN,STRGHT,PACIFIC HY I-5,9411,SB EF VICTORY BV C3,6,3147170,DRVR,60,2,PSNGR CAR,0,REAR,INJ,INJC,STOP,S,CLR,DRY,DAY,0,0,0
1668206,2016-05-05,6:00:00,THURSDAY,Portland SE,1,N,301.36,45.521408,-122.665739,MN,STRGHT,PACIFIC HY I-5,9439,SB ENFR BANFIELD C2,5,3149510,DRVR,46,1,PSNGR CAR,1,REAR,INJ,NONE,STRGHT,S,CLR,DRY,DAY,0,0,0
1668206,2016-05-05,6:00:00,THURSDAY,Portland SE,1,N,301.36,45.521408,-122.665739,MN,STRGHT,PACIFIC HY I-5,9439,SB ENFR BANFIELD C2,5,3149511,DRVR,60,2,PSNGR CAR,0,REAR,INJ,INJC,STOP,S,CLR,DRY,DAY,0,0,0
1668206,2016-05-05,6:00:00,THURSDAY,Portland SE,1,N,301.36,45.521408,-122.665739,MN,STRGHT,PACIFIC HY I-5,9439,SB ENFR BANFIELD C2,5,3149511,PSNG,24,2,PSNGR CAR,0,REAR,INJ,INJC,STOP,S,CLR,DRY,DAY,0,0,0
1684752,2016-05-05,14:00:00,THURSDAY,Portland SW,2,S,299.12,45.491831,-122.673956,MN,STRGHT,PACIFIC HY I-5,9480,NB EX MACADAM AV C1,6,3181276,DRVR,21,1,PSNGR CAR,1,REAR,INJ,NONE,STRGHT,N,CLR,DRY,DAY,0,0,0
1684752,2016-05-05,14:00:00,THURSDAY,Portland SW,2,S,299.12,45.491831,-122.673956,MN,STRGHT,PACIFIC HY I-5,9480,NB EX MACADAM AV C1,6,3181277,DRVR,22,2,PSNGR CAR,0,REAR,INJ,INJC,STOP,N,CLR,DRY,DAY,0,0,0
1667333,2016-05-06,8:00:00,FRIDAY,Portland SE,1,S,301,45.516269,-122.667408,MN,STRGHT,PACIFIC HY I-5,9439,SB ENFR BANFIELD C2,5,3147855,DRVR,19,2,PSNGR CAR,1,REAR,INJ,INJC,STRGHT,S,CLR,DRY,DAY,0,0,0
1667333,2016-05-06,8:00:00,FRIDAY,Portland SE,1,S,301,45.516269,-122.667408,MN,STRGHT,PACIFIC HY I-5,9439,SB ENFR BANFIELD C2,5,3147856,DRVR,19,1,PSNGR CAR,0,REAR,INJ,NONE,STOP,S,CLR,DRY,DAY,0,0,0
1667333,2016-05-06,8:00:00,FRIDAY,Portland SE,1,S,301,45.516269,-122.667408,MN,STRGHT,PACIFIC HY I-5,9439,SB ENFR BANFIELD C2,5,3147857,DRVR,43,2,PSNGR CAR,0,REAR,INJ,NONE,STOP,S,CLR,DRY,DAY,0,0,0
1667368,2016-05-06,15:00:00,FRIDAY,Portland SW,1,NW,299.85,45.502,-122.674317,MN,STRGHT,SB EF MARQUAM BR,9496,SB EX HOOD AVE C2,2,3147924,DRVR,42,1,PSNGR CAR,1,REAR,INJ,NONE,STRGHT,SE,CLR,DRY,DAY,0,0,0
1667368,2016-05-06,15:00:00,FRIDAY,Portland SW,1,NW,299.85,45.502,-122.674317,MN,STRGHT,SB EF MARQUAM BR,9496,SB EX HOOD AVE C2,2,3147925,DRVR,71,2,PSNGR CAR,0,REAR,INJ,INJC,STOP,SE,CLR,DRY,DAY,0,0,0
1667430,2016-05-06,15:00:00,FRIDAY,Portland N,2,N,306.47,45.591933,-122.682531,MN,STRGHT,PACIFIC HY I-5,9412,NB EX VICTORY BV C1,6,3148037,DRVR,46,1,OTH BUS,1,REAR,INJ,NONE,STRGHT,N,CLR,DRY,DAY,0,0,0
1667430,2016-05-06,15:00:00,FRIDAY,Portland N,2,N,306.47,45.591933,-122.682531,MN,STRGHT,PACIFIC HY I-5,9412,NB EX VICTORY BV C1,6,3148038,DRVR,68,1,PSNGR CAR,0,REAR,INJ,NONE,STOP,N,CLR,DRY,DAY,0,0,0
1667430,2016-05-06,15:00:00,FRIDAY,Portland N,2,N,306.47,45.591933,-122.682531,MN,STRGHT,PACIFIC HY I-5,9412,NB EX VICTORY BV C1,6,3148039,DRVR,34,1,PSNGR CAR,0,REAR,INJ,INJC,STOP,N,CLR,DRY,DAY,0,0,0
1667430,2016-05-06,15:00:00,FRIDAY,Portland N,2,N,306.47,45.591933,-122.682531,MN,STRGHT,PACIFIC HY I-5,9412,NB EX VICTORY BV C1,6,3148039,PSNG,25,1,PSNGR CAR,0,REAR,INJ,INJC,STOP,N,CLR,DRY,DAY,0,0,0
1667373,2016-05-06,18:00:00,FRIDAY,Portland N,2,SE,303.29,45.545803,-122.677428,MN,STRGHT,PACIFIC HY I-5,9431,NB EF FREMONT BR,8,3147933,DRVR,62,2,PSNGR CAR,1,SS-O,INJ,NONE,STRGHT,NW,CLR,DRY,DAY,0,0,0
1667373,2016-05-06,18:00:00,FRIDAY,Portland N,2,SE,303.29,45.545803,-122.677428,MN,STRGHT,PACIFIC HY I-5,9431,NB EF FREMONT BR,8,3147933,PSNG,62,1,PSNGR CAR,1,SS-O,INJ,INJC,STRGHT,NW,CLR,DRY,DAY,0,0,0
1667373,2016-05-06,18:00:00,FRIDAY,Portland N,2,SE,303.29,45.545803,-122.677428,MN,STRGHT,PACIFIC HY I-5,9431,NB EF FREMONT BR,8,3147934,DRVR,26,1,TRUCK,0,SS-O,INJ,NONE,STRGHT,NW,CLR,DRY,DAY,0,0,0
1667380,2016-05-06,21:00:00,FRIDAY,Portland N,1,S,304.96,45.570289,-122.678708,MN,STRGHT,PACIFIC HY I-5,9420,SB EX PTLD BLVD C3,4,3147946,DRVR,34,2,PSNGR CAR,1,REAR,INJ,NONE,STRGHT,S,CLR,DRY,DLIT,0,0,0
1667380,2016-05-06,21:00:00,FRIDAY,Portland N,1,S,304.96,45.570289,-122.678708,MN,STRGHT,PACIFIC HY I-5,9420,SB EX PTLD BLVD C3,4,3147947,DRVR,28,1,PSNGR CAR,0,REAR,INJ,INJC,STRGHT,S,CLR,DRY,DLIT,0,0,0
1667380,2016-05-06,21:00:00,FRIDAY,Portland N,1,S,304.96,45.570289,-122.678708,MN,STRGHT,PACIFIC HY I-5,9420,SB EX PTLD BLVD C3,4,3147947,PSNG,28,2,PSNGR CAR,0,REAR,INJ,INJC,STRGHT,S,CLR,DRY,DLIT,0,0,0
1667380,2016-05-06,21:00:00,FRIDAY,Portland N,1,S,304.96,45.570289,-122.678708,MN,STRGHT,PACIFIC HY I-5,9420,SB EX PTLD BLVD C3,4,3147948,DRVR,25,1,PSNGR CAR,0,REAR,INJ,INJC,STRGHT,S,CLR,DRY,DLIT,0,0,0
1667475,2016-05-07,10:00:00,SATURDAY,Portland N,1,SE,302.52,45.537514,-122.668978,MN,STRGHT,PACIFIC HY I-5,9432,SB EX VANCOUVER C3,6,3148124,DRVR,31,1,PSNGR CAR,1,REAR,INJ,NONE,STRGHT,SE,CLR,DRY,DAY,0,0,0
1667475,2016-05-07,10:00:00,SATURDAY,Portland N,1,SE,302.52,45.537514,-122.668978,MN,STRGHT,PACIFIC HY I-5,9432,SB EX VANCOUVER C3,6,3148125,DRVR,28,2,PSNGR CAR,0,REAR,INJ,INJC,STOP,SE,CLR,DRY,DAY,0,0,0
1667560,2016-05-07,10:00:00,SATURDAY,Portland N,1,NW,303.51,45.549361,-122.678753,MN,STRGHT,PACIFIC HY I-5,9430,SB EX FREMONT BR,8,3148284,DRVR,66,1,PSNGR CAR,1,REAR,INJ,NONE,STRGHT,SE,CLR,DRY,DAY,0,0,0
1667560,2016-05-07,10:00:00,SATURDAY,Portland N,1,NW,303.51,45.549361,-122.678753,MN,STRGHT,PACIFIC HY I-5,9430,SB EX FREMONT BR,8,3148285,DRVR,35,2,PSNGR CAR,0,REAR,INJ,INJC,STOP,SE,CLR,DRY,DAY,0,0,0
1667560,2016-05-07,10:00:00,SATURDAY,Portland N,1,NW,303.51,45.549361,-122.678753,MN,STRGHT,PACIFIC HY I-5,9430,SB EX FREMONT BR,8,3148285,PSNG,4,2,PSNGR CAR,0,REAR,INJ,NO<5,STOP,SE,CLR,DRY,DAY,0,0,0
1667605,2016-05-07,14:00:00,SATURDAY,Portland N,2,N,308,45.613064,-122.678081,MN,BRIDGE,PACIFIC HY I-5,9457,NB EF JANTZN BCH C2,3,3148360,DRVR,49,2,PSNGR CAR,1,REAR,INJ,NONE,STRGHT,N,CLR,DRY,DAY,0,0,0
1667605,2016-05-07,14:00:00,SATURDAY,Portland N,2,N,308,45.613064,-122.678081,MN,BRIDGE,PACIFIC HY I-5,9457,NB EF JANTZN BCH C2,3,3148361,DRVR,0,1,PSNGR CAR,0,REAR,INJ,NONE,STOP,N,CLR,DRY,DAY,0,0,0
1667605,2016-05-07,14:00:00,SATURDAY,Portland N,2,N,308,45.613064,-122.678081,MN,BRIDGE,PACIFIC HY I-5,9457,NB EF JANTZN BCH C2,3,3148362,DRVR,37,2,PSNGR CAR,0,REAR,INJ,INJC,STOP,N,CLR,DRY,DAY,0,0,0
1667697,2016-05-08,14:00:00,SUNDAY,Portland SE,2,N,300.61,45.510489,-122.666633,MN,BRIDGE,PACIFIC HY I-5,9453,NB EF MARQUAM BR,3,3148529,DRVR,54,2,PSNGR CAR,1,SS-O,INJ,NONE,STRGHT,N,CLR,DRY,DAY,0,0,0
1667697,2016-05-08,14:00:00,SUNDAY,Portland SE,2,N,300.61,45.510489,-122.666633,MN,BRIDGE,PACIFIC HY I-5,9453,NB EF MARQUAM BR,3,3148530,DRVR,31,2,PSNGR CAR,0,SS-O,INJ,INJC,STRGHT,N,CLR,DRY,DAY,0,0,0
1667728,2016-05-09,17:00:00,MONDAY,Portland NE,1,N,301.95,45.529536,-122.665364,MN,STRGHT,PACIFIC HY I-5,9436,SB EX BANFIELD FY,6,3148593,DRVR,51,1,PSNGR CAR,1,REAR,INJ,NONE,STRGHT,S,CLR,DRY,DAY,0,0,0
1667728,2016-05-09,17:00:00,MONDAY,Portland NE,1,N,301.95,45.529536,-122.665364,MN,STRGHT,PACIFIC HY I-5,9436,SB EX BANFIELD FY,6,3148594,DRVR,32,2,PSNGR CAR,0,REAR,INJ,INJC,STOP,S,CLR,DRY,DAY,0,0,0
1667766,2016-05-09,17:00:00,MONDAY,Portland NE,2,NW,302.16,45.532525,-122.665386,MN,STRGHT,PACIFIC HY I-5,9434,NB EX WEIDLER C1,6,3148663,DRVR,45,1,PSNGR CAR,1,REAR,INJ,NONE,STRGHT,NW,CLR,DRY,DAY,0,0,0
1667766,2016-05-09,17:00:00,MONDAY,Portland NE,2,NW,302.16,45.532525,-122.665386,MN,STRGHT,PACIFIC HY I-5,9434,NB EX WEIDLER C1,6,3148664,DRVR,29,2,PSNGR CAR,0,REAR,INJ,NONE,STOP,NW,CLR,DRY,DAY,0,0,0
1667766,2016-05-09,17:00:00,MONDAY,Portland NE,2,NW,302.16,45.532525,-122.665386,MN,STRGHT,PACIFIC HY I-5,9434,NB EX WEIDLER C1,6,3148665,DRVR,47,2,PSNGR CAR,0,REAR,INJ,NONE,STOP,NW,CLR,DRY,DAY,0,0,0
1667766,2016-05-09,17:00:00,MONDAY,Portland NE,2,NW,302.16,45.532525,-122.665386,MN,STRGHT,PACIFIC HY I-5,9434,NB EX WEIDLER C1,6,3148665,PSNG,46,1,PSNGR CAR,0,REAR,INJ,INJC,STOP,NW,CLR,DRY,DAY,0,0,0
1667766,2016-05-09,17:00:00,MONDAY,Portland NE,2,NW,302.16,45.532525,-122.665386,MN,STRGHT,PACIFIC HY I-5,9434,NB EX WEIDLER C1,6,3148666,DRVR,0,1,PSNGR CAR,0,REAR,INJ,NONE,STOP,NW,CLR,DRY,DAY,0,0,0
1668549,2016-05-10,18:00:00,TUESDAY,Portland N,2,N,304.85,45.568544,-122.678503,MN,STRGHT,PACIFIC HY I-5,9422,NB EX PTLD BLVD C1,6,3150137,DRVR,33,2,PSNGR CAR,1,REAR,INJ,NONE,STRGHT,N,CLR,DRY,DAY,0,0,0
1668549,2016-05-10,18:00:00,TUESDAY,Portland N,2,N,304.85,45.568544,-122.678503,MN,STRGHT,PACIFIC HY I-5,9422,NB EX PTLD BLVD C1,6,3150138,DRVR,29,1,PSNGR CAR,0,REAR,INJ,INJC,STOP,N,CLR,DRY,DAY,0,0,0
1668549,2016-05-10,18:00:00,TUESDAY,Portland N,2,N,304.85,45.568544,-122.678503,MN,STRGHT,PACIFIC HY I-5,9422,NB EX PTLD BLVD C1,6,3150139,DRVR,26,1,PSNGR CAR,0,REAR,INJ,NONE,STOP,N,CLR,DRY,DAY,0,0,0
1668549,2016-05-10,18:00:00,TUESDAY,Portland N,2,N,304.85,45.568544,-122.678503,MN,STRGHT,PACIFIC HY I-5,9422,NB EX PTLD BLVD C1,6,3150140,DRVR,0,1,PSNGR CAR,0,REAR,INJ,NONE,STRGHT,N,CLR,DRY,DAY,0,0,0
1668998,2016-05-11,0:00:00,WEDNESDAY,Portland N,2,N,308.3,45.616969,-122.675781,MN,BRIDGE,PACIFIC HY I-5,9457,NB EF JANTZN BCH C2,6,3150985,DRVR,58,1,PSNGR CAR,1,REAR,INJ,INJC,STRGHT,N,CLR,DRY,DAY,0,1,0
1668998,2016-05-11,0:00:00,WEDNESDAY,Portland N,2,N,308.3,45.616969,-122.675781,MN,BRIDGE,PACIFIC HY I-5,9457,NB EF JANTZN BCH C2,6,3150986,DRVR,41,1,PSNGR CAR,0,REAR,INJ,NONE,STRGHT,N,CLR,DRY,DAY,0,1,0
1669019,2016-05-11,8:00:00,WEDNESDAY,Portland N,1,S,307.4,45.604997,-122.682586,MN,STRGHT,PACIFIC HY I-5,9902,SB EXTO MARINE DR,7,3151022,DRVR,26,2,PSNGR CAR,1,REAR,INJ,INJB,STRGHT,S,CLR,DRY,DAY,0,0,0
1669019,2016-05-11,8:00:00,WEDNESDAY,Portland N,1,S,307.4,45.604997,-122.682586,MN,STRGHT,PACIFIC HY I-5,9902,SB EXTO MARINE DR,7,3151023,DRVR,39,1,PSNGR CAR,0,REAR,INJ,NONE,STRGHT,S,CLR,DRY,DAY,0,0,0
1669059,2016-05-11,16:00:00,WEDNESDAY,Portland NE,2,S,302.01,45.530503,-122.665167,MN,STRGHT,PACIFIC HY I-5,9434,NB EX WEIDLER C1,6,3151099,DRVR,22,1,PSNGR CAR,1,REAR,INJ,INJC,STRGHT,N,CLR,DRY,DAY,0,0,0
1669059,2016-05-11,16:00:00,WEDNESDAY,Portland NE,2,S,302.01,45.530503,-122.665167,MN,STRGHT,PACIFIC HY I-5,9434,NB EX WEIDLER C1,6,3151100,DRVR,42,2,PSNGR CAR,0,REAR,INJ,INJC,STOP,N,CLR,DRY,DAY,0,0,0
1669059,2016-05-11,16:00:00,WEDNESDAY,Portland NE,2,S,302.01,45.530503,-122.665167,MN,STRGHT,PACIFIC HY I-5,9434,NB EX WEIDLER C1,6,3151101,DRVR,0,1,PSNGR CAR,0,REAR,INJ,NONE,STOP,N,CLR,DRY,DAY,0,0,0
1668287,2016-05-13,16:00:00,FRIDAY,Portland N,2,S,305.92,45.583986,-122.6791,MN,STRGHT,PACIFIC HY I-5,9414,NB EX COL BLVD C1,6,3149656,DRVR,36,1,PSNGR CAR,1,REAR,INJ,NONE,STRGHT,N,CLR,DRY,DAY,0,0,0
1668287,2016-05-13,16:00:00,FRIDAY,Portland N,2,S,305.92,45.583986,-122.6791,MN,STRGHT,PACIFIC HY I-5,9414,NB EX COL BLVD C1,6,3149657,DRVR,24,2,PSNGR CAR,0,REAR,INJ,INJC,STOP,N,CLR,DRY,DAY,0,0,0
1667910,2016-05-14,14:00:00,SATURDAY,Portland N,1,N,304.86,45.568917,-122.678683,MN,STRGHT,PACIFIC HY I-5,9421,SB EF PTLD BLVD C4,6,3148946,DRVR,18,1,PSNGR CAR,1,REAR,INJ,NONE,STRGHT,S,RAIN,WET,DAY,0,0,0
1667910,2016-05-14,14:00:00,SATURDAY,Portland N,1,N,304.86,45.568917,-122.678683,MN,STRGHT,PACIFIC HY I-5,9421,SB EF PTLD BLVD C4,6,3148947,DRVR,35,2,PSNGR CAR,0,REAR,INJ,INJC,STOP,S,RAIN,WET,DAY,0,0,0
1667937,2016-05-14,16:00:00,SATURDAY,Portland SW,2,S,299,45.490192,-122.675033,MN,STRGHT,PACIFIC HY I-5,9480,NB EX MACADAM AV C1,6,3148995,DRVR,27,1,PSNGR CAR,1,REAR,INJ,NONE,STRGHT,N,CLR,DRY,DAY,0,0,0
1667937,2016-05-14,16:00:00,SATURDAY,Portland SW,2,S,299,45.490192,-122.675033,MN,STRGHT,PACIFIC HY I-5,9480,NB EX MACADAM AV C1,6,3148996,DRVR,52,1,PSNGR CAR,0,REAR,INJ,INJA,STOP,N,CLR,DRY,DAY,0,0,0