crashid,date,hour,day,city_section,highwayid,compass,milepost,lat,lon,road_type,road_char,street_name,isect_num,isect_name,lane_quantity,vehicle_id,partic_type,age,gender,vehicle_type,striking_vehicle,collision_type,crash_severity,injury_severity,vehicle_movement,vehicle_direction,weather,road_cond,light_cond,speeding,alcohol,drug
1667937,2016-05-14,16:00:00,SATURDAY,Portland SW,2,S,299,45.490192,-122.675033,MN,STRGHT,PACIFIC HY I-5,9480,NB EX MACADAM AV C1,6,3148997,DRVR,36,2,PSNGR CAR,0,REAR,INJ,NONE,STOP,N,CLR,DRY,DAY,0,0,0
1667962,2016-05-15,13:00:00,SUNDAY,Portland N,2,N,307.24,45.602217,-122.683219,MN,STRGHT,PACIFIC HY I-5,609,N DENVER AVE,6,3149043,DRVR,53,1,PSNGR CAR,1,REAR,INJ,INJC,STRGHT,N,RAIN,WET,DAY,0,0,0
1667962,2016-05-15,13:00:00,SUNDAY,Portland N,2,N,307.24,45.602217,-122.683219,MN,STRGHT,PACIFIC HY I-5,609,N DENVER AVE,6,3149044,DRVR,0,2,PSNGR CAR,0,REAR,INJ,NONE,STOP,N,RAIN,WET,DAY,0,0,0
1667962,2016-05-15,13:00:00,SUNDAY,Portland N,2,N,307.24,45.602217,-122.683219,MN,STRGHT,PACIFIC HY I-5,609,N DENVER AVE,6,3149045,DRVR,50,2,PSNGR CAR,0,REAR,INJ,NONE,STRGHT,N,RAIN,WET,DAY,0,0,0
1668348,2016-05-17,13:00:00,TUESDAY,Portland N,2,N,308,45.613064,-122.678081,MN,BRIDGE,PACIFIC HY I-5,9457,NB EF JANTZN BCH C2,3,3149764,DRVR,57,1,PSNGR CAR,1,REAR,INJ,NONE,STRGHT,N,CLR,DRY,DAY,0,0,0
1668348,2016-05-17,13:00:00,TUESDAY,Portland N,2,N,308,45.613064,-122.678081,MN,BRIDGE,PACIFIC HY I-5,9457,NB EF JANTZN BCH C2,3,3149765,DRVR,59,2,PSNGR CAR,0,REAR,INJ,NONE,STOP,N,CLR,DRY,DAY,0,0,0
1668348,2016-05-17,13:00:00,TUESDAY,Portland N,2,N,308,45.613064,-122.678081,MN,BRIDGE,PACIFIC HY I-5,9457,NB EF JANTZN BCH C2,3,3149766,DRVR,25,2,PSNGR CAR,0,REAR,INJ,INJC,STOP,N,CLR,DRY,DAY,0,0,0
1668348,2016-05-17,13:00:00,TUESDAY,Portland N,2,N,308,45.613064,-122.678081,MN,BRIDGE,PACIFIC HY I-5,9457,NB EF JANTZN BCH C2,3,3149766,PSNG,27,1,PSNGR CAR,0,REAR,INJ,INJC,STOP,N,CLR,DRY,DAY,0,0,0
1668348,2016-05-17,13:00:00,TUESDAY,Portland N,2,N,308,45.613064,-122.678081,MN,BRIDGE,PACIFIC HY I-5,9457,NB EF JANTZN BCH C2,3,3149767,DRVR,55,2,PSNGR CAR,0,REAR,INJ,NONE,STOP,N,CLR,DRY,DAY,0,0,0
1668200,2016-05-18,14:00:00,WEDNESDAY,Portland Bridges,2,SW,300.46,45.508725,-122.667797,MN,BRIDGE,MARQUAM BRIDGE,9453,NB EXTO PAC HY I-5,3,3149498,DRVR,63,1,PSNGR CAR,1,REAR,INJ,NONE,STRGHT,SW,CLR,DRY,DAY,0,0,0
1668200,2016-05-18,14:00:00,WEDNESDAY,Portland Bridges,2,SW,300.46,45.508725,-122.667797,MN,BRIDGE,MARQUAM BRIDGE,9453,NB EXTO PAC HY I-5,3,3149499,DRVR,58,2,PSNGR CAR,0,REAR,INJ,INJC,STOP,SW,CLR,DRY,DAY,0,0,0
1668360,2016-05-19,17:00:00,THURSDAY,Portland N,1,S,304.22,45.559647,-122.678667,MN,STRGHT,PACIFIC HY I-5,9424,SB EX MINNESOTA C2,6,3149786,DRVR,53,1,PSNGR CAR,1,REAR,INJ,NONE,STRGHT,S,CLD,DRY,DAY,0,0,0
1668360,2016-05-19,17:00:00,THURSDAY,Portland N,1,S,304.22,45.559647,-122.678667,MN,STRGHT,PACIFIC HY I-5,9424,SB EX MINNESOTA C2,6,3149787,DRVR,34,2,PSNGR CAR,0,REAR,INJ,INJC,STRGHT,S,CLD,DRY,DAY,0,0,0
1684563,2016-05-21,1:00:00,SATURDAY,Portland SW,1,S,299.51,45.497092,-122.673494,MN,STRGHT,PACIFIC HY I-5,9493,SB EF MARQUAM BR,6,3180898,DRVR,0,9,UNKNOWN,1,SS-O,INJ,NONE,STRGHT,S,CLR,DRY,DLIT,0,0,0
1684563,2016-05-21,1:00:00,SATURDAY,Portland SW,1,S,299.51,45.497092,-122.673494,MN,STRGHT,PACIFIC HY I-5,9493,SB EF MARQUAM BR,6,3180899,DRVR,26,2,PSNGR CAR,0,SS-O,INJ,INJB,STRGHT,S,CLR,DRY,DLIT,0,0,0
1684563,2016-05-21,1:00:00,SATURDAY,Portland SW,1,S,299.51,45.497092,-122.673494,MN,STRGHT,PACIFIC HY I-5,9493,SB EF MARQUAM BR,6,3180900,DRVR,37,1,SEMI TOW,0,SS-O,INJ,NONE,STRGHT,S,CLR,DRY,DLIT,0,0,0
1663953,2016-05-21,16:00:00,SATURDAY,Portland N,2,S,305.4,45.576375,-122.678508,MN,STRGHT,PACIFIC HY I-5,9416,NB EX LOMBARD WB C2,6,3141431,DRVR,48,1,PSNGR CAR,1,REAR,INJ,NONE,STRGHT,N,CLR,DRY,DAY,0,0,0
1663953,2016-05-21,16:00:00,SATURDAY,Portland N,2,S,305.4,45.576375,-122.678508,MN,STRGHT,PACIFIC HY I-5,9416,NB EX LOMBARD WB C2,6,3141432,DRVR,61,2,PSNGR CAR,0,REAR,INJ,INJC,STOP,N,CLR,DRY,DAY,0,0,0
1668752,2016-05-22,6:00:00,SUNDAY,Portland N,1,S,303.44,45.548361,-122.678733,MN,STRGHT,PACIFIC HY I-5,9430,SB EX FREMONT BR,8,3150520,DRVR,0,9,PSNGR CAR,1,REAR,INJ,NONE,STRGHT,S,CLR,DRY,DAY,0,0,0
1668752,2016-05-22,6:00:00,SUNDAY,Portland N,1,S,303.44,45.548361,-122.678733,MN,STRGHT,PACIFIC HY I-5,9430,SB EX FREMONT BR,8,3150521,DRVR,56,2,PSNGR CAR,0,REAR,INJ,INJC,STRGHT,S,CLR,DRY,DAY,0,0,0
1684769,2016-05-22,13:00:00,SUNDAY,Portland N,1,N,304.5,45.5638,-122.678706,MN,STRGHT,PACIFIC HY I-5,9424,SB EX MINNESOTA C2,6,3181313,DRVR,0,1,PSNGR CAR,1,REAR,INJ,NONE,STRGHT,S,RAIN,WET,DAY,0,0,0
1684769,2016-05-22,13:00:00,SUNDAY,Portland N,1,N,304.5,45.5638,-122.678706,MN,STRGHT,PACIFIC HY I-5,9424,SB EX MINNESOTA C2,6,3181314,DRVR,42,1,PSNGR CAR,0,REAR,INJ,INJC,STOP,S,RAIN,WET,DAY,0,0,0
1684769,2016-05-22,13:00:00,SUNDAY,Portland N,1,N,304.5,45.5638,-122.678706,MN,STRGHT,PACIFIC HY I-5,9424,SB EX MINNESOTA C2,6,3181314,PSNG,3,2,PSNGR CAR,0,REAR,INJ,NO<5,STOP,S,RAIN,WET,DAY,0,0,0
1668923,2016-05-24,18:00:00,TUESDAY,Portland NE,1,N,301.71,45.525653,-122.665453,MN,STRGHT,PACIFIC HY I-5,9448,SB EX MORRISN BR C7,6,3150859,DRVR,30,1,PSNGR CAR,1,REAR,INJ,NONE,STRGHT,S,CLR,DRY,DAY,0,0,0
1668923,2016-05-24,18:00:00,TUESDAY,Portland NE,1,N,301.71,45.525653,-122.665453,MN,STRGHT,PACIFIC HY I-5,9448,SB EX MORRISN BR C7,6,3150860,DRVR,36,2,PSNGR CAR,0,REAR,INJ,INJC,STRGHT,S,CLR,DRY,DAY,0,0,0
1669215,2016-05-27,16:00:00,FRIDAY,Portland NE,1,CN,302.28,45.534369,-122.665719,CN,INTER,NE WEIDLER ST,9434,NB EX WEIDLER C1,,3151399,DRVR,46,2,PSNGR CAR,1,ANGL,INJ,NONE,STRGHT,N,CLR,DRY,DAY,0,0,0
1669215,2016-05-27,16:00:00,FRIDAY,Portland NE,1,CN,302.28,45.534369,-122.665719,CN,INTER,NE WEIDLER ST,9434,NB EX WEIDLER C1,,3151400,DRVR,45,1,PSNGR CAR,0,ANGL,INJ,NONE,STRGHT,E,CLR,DRY,DAY,0,0,0
1669215,2016-05-27,16:00:00,FRIDAY,Portland NE,1,CN,302.28,45.534369,-122.665719,CN,INTER,NE WEIDLER ST,9434,NB EX WEIDLER C1,,3151401,DRVR,55,1,PSNGR CAR,0,ANGL,INJ,INJC,STRGHT,E,CLR,DRY,DAY,0,0,0
1669498,2016-05-29,14:00:00,SUNDAY,Portland N,2,N,308.15,45.615014,-122.676922,MN,BRIDGE,PACIFIC HY I-5,9457,NB EF JANTZN BCH C2,6,3151937,DRVR,0,1,PSNGR CAR,1,REAR,INJ,NONE,STRGHT,N,CLR,DRY,DAY,0,0,0
1669498,2016-05-29,14:00:00,SUNDAY,Portland N,2,N,308.15,45.615014,-122.676922,MN,BRIDGE,PACIFIC HY I-5,9457,NB EF JANTZN BCH C2,6,3151938,DRVR,31,1,PSNGR CAR,0,REAR,INJ,INJC,STOP,N,CLR,DRY,DAY,0,0,0
1669498,2016-05-29,14:00:00,SUNDAY,Portland N,2,N,308.15,45.615014,-122.676922,MN,BRIDGE,PACIFIC HY I-5,9457,NB EF JANTZN BCH C2,6,3151939,DRVR,50,2,PSNGR CAR,0,REAR,INJ,NONE,STOP,N,CLR,DRY,DAY,0,0,0
1669678,2016-05-30,15:00:00,MONDAY,Portland N,2,N,308.26,45.616447,-122.676086,MN,BRIDGE,PACIFIC HY I-5,9457,NB EF JANTZN BCH C2,6,3152266,DRVR,52,2,PSNGR CAR,1,REAR,INJ,INJC,STRGHT,N,CLR,DRY,DAY,0,0,0
1669678,2016-05-30,15:00:00,MONDAY,Portland N,2,N,308.26,45.616447,-122.676086,MN,BRIDGE,PACIFIC HY I-5,9457,NB EF JANTZN BCH C2,6,3152266,PSNG,0,2,PSNGR CAR,1,REAR,INJ,INJC,STRGHT,N,CLR,DRY,DAY,0,0,0
1669678,2016-05-30,15:00:00,MONDAY,Portland N,2,N,308.26,45.616447,-122.676086,MN,BRIDGE,PACIFIC HY I-5,9457,NB EF JANTZN BCH C2,6,3152267,DRVR,16,2,PSNGR CAR,0,REAR,INJ,NONE,STRGHT,N,CLR,DRY,DAY,0,0,0
1669851,2016-05-31,16:00:00,TUESDAY,Portland N,2,SE,303.08,45.543497,-122.674667,MN,STRGHT,PACIFIC HY I-5,9454,NB EX GREELEY AV C1,6,3152600,DRVR,47,1,PSNGR CAR,1,REAR,INJ,INJC,STRGHT,NW,CLR,DRY,DAY,0,0,0
1669851,2016-05-31,16:00:00,TUESDAY,Portland N,2,SE,303.08,45.543497,-122.674667,MN,STRGHT,PACIFIC HY I-5,9454,NB EX GREELEY AV C1,6,3152601,DRVR,74,1,PSNGR CAR,0,REAR,INJ,NONE,STOP,NW,CLR,DRY,DAY,0,0,0
1669851,2016-05-31,16:00:00,TUESDAY,Portland N,2,SE,303.08,45.543497,-122.674667,MN,STRGHT,PACIFIC HY I-5,9454,NB EX GREELEY AV C1,6,3152602,DRVR,49,2,PSNGR CAR,0,REAR,INJ,NONE,STOP,NW,CLR,DRY,DAY,0,0,0
1668996,2016-05-31,19:00:00,TUESDAY,Portland N,2,N,303.84,45.553983,-122.678508,MN,STRGHT,PACIFIC HY I-5,9428,NB EX MISSOURI C1,8,3150981,DRVR,44,1,PSNGR CAR,1,REAR,INJ,NONE,STRGHT,N,CLR,DRY,DAY,0,0,0
1668996,2016-05-31,19:00:00,TUESDAY,Portland N,2,N,303.84,45.553983,-122.678508,MN,STRGHT,PACIFIC HY I-5,9428,NB EX MISSOURI C1,8,3150982,DRVR,36,1,PSNGR CAR,0,REAR,INJ,INJC,STOP,N,CLR,DRY,DAY,0,0,0
1669966,2016-06-01,8:00:00,WEDNESDAY,Portland N,1,S,304.19,45.5592,-122.678672,MN,STRGHT,PACIFIC HY I-5,9424,SB EX MINNESOTA C2,6,3152813,DRVR,44,2,PSNGR CAR,1,REAR,INJ,NONE,STRGHT,S,CLR,DRY,DAY,0,0,0
1669966,2016-06-01,8:00:00,WEDNESDAY,Portland N,1,S,304.19,45.5592,-122.678672,MN,STRGHT,PACIFIC HY I-5,9424,SB EX MINNESOTA C2,6,3152814,DRVR,38,1,PSNGR CAR,0,REAR,INJ,INJC,STOP,S,CLR,DRY,DAY,0,0,0
1669966,2016-06-01,8:00:00,WEDNESDAY,Portland N,1,S,304.19,45.5592,-122.678672,MN,STRGHT,PACIFIC HY I-5,9424,SB EX MINNESOTA C2,6,3152815,DRVR,35,1,PSNGR CAR,0,REAR,INJ,NONE,STOP,S,CLR,DRY,DAY,0,0,0
1669970,2016-06-01,14:00:00,WEDNESDAY,Portland N,1,CN,305.44,45.577225,-122.6775,CN,INTER,N LOMBARD ST,9418,NB EX LOMBARD EB C1,,3152820,DRVR,60,2,PSNGR CAR,1,TURN,INJ,NONE,TURN-R,E,CLR,DRY,DAY,0,0,0
1669970,2016-06-01,14:00:00,WEDNESDAY,Portland N,1,CN,305.44,45.577225,-122.6775,CN,INTER,N LOMBARD ST,9418,NB EX LOMBARD EB C1,,,BIKE,15,1,,0,TURN,INJ,INJC,,,CLR,DRY,DAY,0,0,0
1669381,2016-06-03,13:00:00,FRIDAY,Portland N,2,N,305.43,45.576817,-122.678503,MN,STRGHT,PACIFIC HY I-5,9416,NB EX LOMBARD WB C2,5,3151701,DRVR,22,2,PSNGR CAR,1,REAR,INJ,NONE,STRGHT,N,CLR,DRY,DAY,0,0,0
1669381,2016-06-03,13:00:00,FRIDAY,Portland N,2,N,305.43,45.576817,-122.678503,MN,STRGHT,PACIFIC HY I-5,9416,NB EX LOMBARD WB C2,5,3151702,DRVR,54,1,PSNGR CAR,0,REAR,INJ,INJC,STOP,N,CLR,DRY,DAY,0,0,0
1669381,2016-06-03,13:00:00,FRIDAY,Portland N,2,N,305.43,45.576817,-122.678503,MN,STRGHT,PACIFIC HY I-5,9416,NB EX LOMBARD WB C2,5,3151702,PSNG,52,2,PSNGR CAR,0,REAR,INJ,INJC,STOP,N,CLR,DRY,DAY,0,0,0
1669346,2016-06-03,14:00:00,FRIDAY,Portland N,1,SE,302.56,45.538,-122.669408,MN,STRGHT,PACIFIC HY I-5,9432,SB EX VANCOUVER C3,6,3151633,DRVR,23,1,PSNGR CAR,1,REAR,INJ,INJC,STRGHT,SE,CLR,DRY,DAY,0,0,0
1669346,2016-06-03,14:00:00,FRIDAY,Portland N,1,SE,302.56,45.538,-122.669408,MN,STRGHT,PACIFIC HY I-5,9432,SB EX VANCOUVER C3,6,3151634,DRVR,41,1,PSNGR CAR,0,REAR,INJ,INJC,STRGHT,SE,CLR,DRY,DAY,0,0,0
1669460,2016-06-04,10:00:00,SATURDAY,Portland N,1,N,303.86,45.554317,-122.678736,MN,STRGHT,PACIFIC HY I-5,9429,SB EF GOING ST C4,6,3151859,DRVR,26,2,PSNGR CAR,1,REAR,INJ,INJC,STRGHT,S,CLR,DRY,DAY,0,0,0
1669460,2016-06-04,10:00:00,SATURDAY,Portland N,1,N,303.86,45.554317,-122.678736,MN,STRGHT,PACIFIC HY I-5,9429,SB EF GOING ST C4,6,3151860,DRVR,19,2,PSNGR CAR,0,REAR,INJ,INJC,STOP,S,CLR,DRY,DAY,0,0,0
1669460,2016-06-04,10:00:00,SATURDAY,Portland N,1,N,303.86,45.554317,-122.678736,MN,STRGHT,PACIFIC HY I-5,9429,SB EF GOING ST C4,6,3151861,DRVR,44,1,PSNGR CAR,0,REAR,INJ,INJC,STOP,S,CLR,DRY,DAY,0,0,0
1669460,2016-06-04,10:00:00,SATURDAY,Portland N,1,N,303.86,45.554317,-122.678736,MN,STRGHT,PACIFIC HY I-5,9429,SB EF GOING ST C4,6,3151861,PSNG,37,2,PSNGR CAR,0,REAR,INJ,INJB,STOP,S,CLR,DRY,DAY,0,0,0
1669460,2016-06-04,10:00:00,SATURDAY,Portland N,1,N,303.86,45.554317,-122.678736,MN,STRGHT,PACIFIC HY I-5,9429,SB EF GOING ST C4,6,3151861,PSNG,15,2,PSNGR CAR,0,REAR,INJ,INJC,STOP,S,CLR,DRY,DAY,0,0,0
1669460,2016-06-04,10:00:00,SATURDAY,Portland N,1,N,303.86,45.554317,-122.678736,MN,STRGHT,PACIFIC HY I-5,9429,SB EF GOING ST C4,6,3151861,PSNG,16,2,PSNGR CAR,0,REAR,INJ,INJC,STOP,S,CLR,DRY,DAY,0,0,0
1669460,2016-06-04,10:00:00,SATURDAY,Portland N,1,N,303.86,45.554317,-122.678736,MN,STRGHT,PACIFIC HY I-5,9429,SB EF GOING ST C4,6,3151862,DRVR,76,1,PSNGR CAR,0,REAR,INJ,NONE,STOP,S,CLR,DRY,DAY,0,0,0
1669718,2016-06-06,15:00:00,MONDAY,Portland N,1,N,304.56,45.564667,-122.678717,MN,STRGHT,PACIFIC HY I-5,9424,SB EX MINNESOTA C2,6,3152341,DRVR,0,9,SEMI TOW,1,SS-O,INJ,NONE,STRGHT,S,CLR,DRY,DAY,0,0,0
1669718,2016-06-06,15:00:00,MONDAY,Portland N,1,N,304.56,45.564667,-122.678717,MN,STRGHT,PACIFIC HY I-5,9424,SB EX MINNESOTA C2,6,3152342,DRVR,67,2,PSNGR CAR,0,SS-O,INJ,INJC,STRGHT,S,CLR,DRY,DAY,0,0,0
1669786,2016-06-07,11:00:00,TUESDAY,Portland N,1,N,304.2,45.55935,-122.678672,MN,STRGHT,PACIFIC HY I-5,9425,SB EF MINNESOTA C3,6,3152476,DRVR,18,2,PSNGR CAR,1,REAR,INJ,NONE,STRGHT,S,CLR,DRY,DAY,0,0,0
1669786,2016-06-07,11:00:00,TUESDAY,Portland N,1,N,304.2,45.55935,-122.678672,MN,STRGHT,PACIFIC HY I-5,9425,SB EF MINNESOTA C3,6,3152477,DRVR,32,1,PSNGR CAR,0,REAR,INJ,INJC,STRGHT,S,CLR,DRY,DAY,0,0,0
1670062,2016-06-07,13:00:00,TUESDAY,Portland N,1,S,305.1,45.572211,-122.678744,MN,STRGHT,PACIFIC HY I-5,9420,SB EX PTLD BLVD C3,4,3152986,DRVR,0,9,PSNGR CAR,1,REAR,INJ,NONE,STRGHT,S,CLR,DRY,DAY,0,0,0
1670062,2016-06-07,13:00:00,TUESDAY,Portland N,1,S,305.1,45.572211,-122.678744,MN,STRGHT,PACIFIC HY I-5,9420,SB EX PTLD BLVD C3,4,3152987,DRVR,43,2,PSNGR CAR,0,REAR,INJ,INJC,STOP,S,CLR,DRY,DAY,0,0,0
1680759,2016-06-08,9:00:00,WEDNESDAY,Portland N,1,N,307,45.599164,-122.684297,MN,STRGHT,PACIFIC HY I-5,609,N DENVER AVE,8,3173493,DRVR,35,1,PSNGR CAR,1,REAR,INJ,NONE,STRGHT,S,CLR,DRY,DAY,0,0,0
1680759,2016-06-08,9:00:00,WEDNESDAY,Portland N,1,N,307,45.599164,-122.684297,MN,STRGHT,PACIFIC HY I-5,609,N DENVER AVE,8,3173494,DRVR,45,2,PSNGR CAR,0,REAR,INJ,INJC,STOP,S,CLR,DRY,DAY,0,0,0
1670517,2016-06-10,13:00:00,FRIDAY,Portland N,2,S,306.34,45.590058,-122.681803,MN,STRGHT,PACIFIC HY I-5,9412,NB EX VICTORY BV C1,6,3153835,DRVR,19,1,PSNGR CAR,1,REAR,INJ,NONE,STRGHT,N,RAIN,WET,DAY,0,0,0
1670517,2016-06-10,13:00:00,FRIDAY,Portland N,2,S,306.34,45.590058,-122.681803,MN,STRGHT,PACIFIC HY I-5,9412,NB EX VICTORY BV C1,6,3153836,DRVR,44,2,PSNGR CAR,0,REAR,INJ,INJC,STRGHT,N,RAIN,WET,DAY,0,0,0
1670601,2016-06-11,2:00:00,SATURDAY,Portland N,2,N,303.82,45.553706,-122.678511,MN,STRGHT,PACIFIC HY I-5,9428,NB EX MISSOURI C1,8,3153992,DRVR,24,1,PSNGR CAR,1,FIX,INJ,INJC,STRGHT,N,CLD,DRY,DLIT,0,1,0
1671150,2016-06-11,15:00:00,SATURDAY,Portland NE,1,S,301.99,45.530378,-122.66535,MN,STRGHT,PACIFIC HY I-5,9435,SB EF WILLIAMS C5,6,3155055,DRVR,61,1,PSNGR CAR,1,SS-O,INJ,NONE,STRGHT,S,CLR,DRY,DAY,0,0,0
1671150,2016-06-11,15:00:00,SATURDAY,Portland NE,1,S,301.99,45.530378,-122.66535,MN,STRGHT,PACIFIC HY I-5,9435,SB EF WILLIAMS C5,6,3155056,DRVR,27,2,PSNGR CAR,0,SS-O,INJ,INJC,STRGHT,S,CLR,DRY,DAY,0,0,0
1671746,2016-06-11,23:00:00,SATURDAY,Portland N,1,SW,305.44,45.577225,-122.6775,CN,INTER,N LOMBARD ST,9418,NB EX LOMBARD EB C1,,3156137,DRVR,0,2,UNKNOWN,1,REAR,INJ,NONE,STRGHT,NE,CLR,DRY,DLIT,0,0,0
1671746,2016-06-11,23:00:00,SATURDAY,Portland N,1,SW,305.44,45.577225,-122.6775,CN,INTER,N LOMBARD ST,9418,NB EX LOMBARD EB C1,,3156138,DRVR,24,1,PSNGR CAR,0,REAR,INJ,INJA,STOP,NE,CLR,DRY,DLIT,0,0,0
1679432,2016-06-12,16:00:00,SUNDAY,Portland Bridges,1,SW,300.49,45.509092,-122.667256,MN,BRIDGE,MARQUAM BRIDGE,9453,NB EXTO PAC HY I-5,3,3170890,DRVR,0,9,UNKNOWN,1,SS-O,INJ,NONE,STRGHT,NE,CLR,DRY,DAY,0,0,0
1679432,2016-06-12,16:00:00,SUNDAY,Portland Bridges,1,SW,300.49,45.509092,-122.667256,MN,BRIDGE,MARQUAM BRIDGE,9453,NB EXTO PAC HY I-5,3,3170891,DRVR,36,1,PSNGR CAR,0,SS-O,INJ,INJC,STRGHT,NE,CLR,DRY,DAY,0,0,0
1679432,2016-06-12,16:00:00,SUNDAY,Portland Bridges,1,SW,300.49,45.509092,-122.667256,MN,BRIDGE,MARQUAM BRIDGE,9453,NB EXTO PAC HY I-5,3,3170891,PSNG,41,2,PSNGR CAR,0,SS-O,INJ,INJC,STRGHT,NE,CLR,DRY,DAY,0,0,0
1679432,2016-06-12,16:00:00,SUNDAY,Portland Bridges,1,SW,300.49,45.509092,-122.667256,MN,BRIDGE,MARQUAM BRIDGE,9453,NB EXTO PAC HY I-5,3,3170892,DRVR,66,2,PSNGR CAR,0,SS-O,INJ,NONE,STRGHT,NE,CLR,DRY,DAY,0,0,0
1670756,2016-06-12,18:00:00,SUNDAY,Portland NE,1,N,301.95,45.529536,-122.665364,MN,STRGHT,PACIFIC HY I-5,9436,SB EX BANFIELD FY,6,3154301,DRVR,57,2,PSNGR CAR,1,REAR,INJ,INJC,STRGHT,S,CLR,DRY,DAY,0,0,0
1670756,2016-06-12,18:00:00,SUNDAY,Portland NE,1,N,301.95,45.529536,-122.665364,MN,STRGHT,PACIFIC HY I-5,9436,SB EX BANFIELD FY,6,3154302,DRVR,47,2,PSNGR CAR,0,REAR,INJ,NONE,STRGHT,S,CLR,DRY,DAY,0,0,0
1671003,2016-06-13,9:00:00,MONDAY,Portland N,1,N,304.5,45.5638,-122.678706,MN,STRGHT,PACIFIC HY I-5,9424,SB EX MINNESOTA C2,6,3154785,DRVR,22,1,PSNGR CAR,1,REAR,INJ,NONE,STRGHT,S,CLR,DRY,DAY,0,0,0
1671003,2016-06-13,9:00:00,MONDAY,Portland N,1,N,304.5,45.5638,-122.678706,MN,STRGHT,PACIFIC HY I-5,9424,SB EX MINNESOTA C2,6,3154786,DRVR,57,1,PSNGR CAR,0,REAR,INJ,INJC,STRGHT,S,CLR,DRY,DAY,0,0,0
1671003,2016-06-13,9:00:00,MONDAY,Portland N,1,N,304.5,45.5638,-122.678706,MN,STRGHT,PACIFIC HY I-5,9424,SB EX MINNESOTA C2,6,3154786,PSNG,84,2,PSNGR CAR,0,REAR,INJ,INJC,STRGHT,S,CLR,DRY,DAY,0,0,0
1670937,2016-06-13,17:00:00,MONDAY,Portland N,1,S,304.93,45.569878,-122.6787,MN,STRGHT,PACIFIC HY I-5,9420,SB EX PTLD BLVD C3,6,3154648,DRVR,56,1,PSNGR CAR,1,REAR,INJ,INJC,STRGHT,S,CLR,DRY,DAY,0,0,0
1670937,2016-06-13,17:00:00,MONDAY,Portland N,1,S,304.93,45.569878,-122.6787,MN,STRGHT,PACIFIC HY I-5,9420,SB EX PTLD BLVD C3,6,3154649,DRVR,58,2,PSNGR CAR,0,REAR,INJ,NONE,STRGHT,S,CLR,DRY,DAY,0,0,0
1670937,2016-06-13,17:00:00,MONDAY,Portland N,1,S,304.93,45.569878,-122.6787,MN,STRGHT,PACIFIC HY I-5,9420,SB EX PTLD BLVD C3,6,3154650,DRVR,58,1,PSNGR CAR,0,REAR,INJ,NONE,STRGHT,S,CLR,DRY,DAY,0,0,0
1671059,2016-06-14,15:00:00,TUESDAY,Portland N,2,N,308.2,45.615664,-122.676542,MN,BRIDGE,PACIFIC HY I-5,9457,NB EF JANTZN BCH C2,6,3154892,DRVR,33,1,PSNGR CAR,1,REAR,INJ,INJC,STRGHT,N,CLR,DRY,DAY,0,0,0
1671059,2016-06-14,15:00:00,TUESDAY,Portland N,2,N,308.2,45.615664,-122.676542,MN,BRIDGE,PACIFIC HY I-5,9457,NB EF JANTZN BCH C2,6,3154893,DRVR,0,1,PSNGR CAR,0,REAR,INJ,NONE,STRGHT,N,CLR,DRY,DAY,0,0,0
1671059,2016-06-14,15:00:00,TUESDAY,Portland N,2,N,308.2,45.615664,-122.676542,MN,BRIDGE,PACIFIC HY I-5,9457,NB EF JANTZN BCH C2,6,3154894,DRVR,35,1,PSNGR CAR,0,REAR,INJ,NONE,STRGHT,N,CLR,DRY,DAY,0,0,0
1666967,2016-06-14,22:00:00,TUESDAY,Portland N,1,N,304.5,45.5638,-122.678706,MN,STRGHT,PACIFIC HY I-5,9424,SB EX MINNESOTA C2,6,3147166,DRVR,51,1,PSNGR CAR,1,REAR,INJ,INJB,STRGHT,S,RAIN,WET,DLIT,0,0,0
1666967,2016-06-14,22:00:00,TUESDAY,Portland N,1,N,304.5,45.5638,-122.678706,MN,STRGHT,PACIFIC HY I-5,9424,SB EX MINNESOTA C2,6,3147167,DRVR,34,1,PSNGR CAR,0,REAR,INJ,NONE,STOP,S,RAIN,WET,DLIT,0,0,0
1666967,2016-06-14,22:00:00,TUESDAY,Portland N,1,N,304.5,45.5638,-122.678706,MN,STRGHT,PACIFIC HY I-5,9424,SB EX MINNESOTA C2,6,3147168,DRVR,58,1,OTH BUS,0,REAR,INJ,NONE,STRGHT,S,RAIN,WET,DLIT,0,0,0
1671062,2016-06-14,23:00:00,TUESDAY,Portland N,1,S,305.05,45.571525,-122.678731,MN,STRGHT,PACIFIC HY I-5,9420,SB EX PTLD BLVD C3,6,3154897,DRVR,25,2,PSNGR CAR,1,REAR,INJ,NONE,STRGHT,S,CLR,DRY,DLIT,0,0,0