crashid,date,hour,day,city_section,highwayid,compass,milepost,lat,lon,road_type,road_char,street_name,isect_num,isect_name,lane_quantity,vehicle_id,partic_type,age,gender,vehicle_type,striking_vehicle,collision_type,crash_severity,injury_severity,vehicle_movement,vehicle_direction,weather,road_cond,light_cond,speeding,alcohol,drug
1671062,2016-06-14,23:00:00,TUESDAY,Portland N,1,S,305.05,45.571525,-122.678731,MN,STRGHT,PACIFIC HY I-5,9420,SB EX PTLD BLVD C3,6,3154898,DRVR,48,1,PSNGR CAR,0,REAR,INJ,INJC,STRGHT,S,CLR,DRY,DLIT,0,0,0
1671062,2016-06-14,23:00:00,TUESDAY,Portland N,1,S,305.05,45.571525,-122.678731,MN,STRGHT,PACIFIC HY I-5,9420,SB EX PTLD BLVD C3,6,3154899,DRVR,0,1,PSNGR CAR,0,REAR,INJ,NONE,STRGHT,S,CLR,DRY,DLIT,0,0,0
1671256,2016-06-16,14:00:00,THURSDAY,Portland N,2,S,305.2,45.573486,-122.678561,MN,STRGHT,PACIFIC HY I-5,9418,NB EX LOMBARD EB C1,8,3155243,DRVR,24,1,PSNGR CAR,1,REAR,INJ,NONE,STRGHT,N,CLR,DRY,DAY,0,0,0
1671256,2016-06-16,14:00:00,THURSDAY,Portland N,2,S,305.2,45.573486,-122.678561,MN,STRGHT,PACIFIC HY I-5,9418,NB EX LOMBARD EB C1,8,3155244,DRVR,77,1,PSNGR CAR,0,REAR,INJ,INJB,STOP,N,CLR,DRY,DAY,0,0,0
1671256,2016-06-16,14:00:00,THURSDAY,Portland N,2,S,305.2,45.573486,-122.678561,MN,STRGHT,PACIFIC HY I-5,9418,NB EX LOMBARD EB C1,8,3155245,DRVR,72,2,PSNGR CAR,0,REAR,INJ,NONE,STOP,N,CLR,DRY,DAY,0,0,0
1671390,2016-06-16,16:00:00,THURSDAY,Portland SE,1,S,301.1,45.517806,-122.665378,CN,STRGHT,NB EF MORRISN BR C3,9503,EB EF MORRISN BR C5,1,3155481,DRVR,55,1,PSNGR CAR,1,REAR,INJ,NONE,STRGHT,N,CLR,DRY,DAY,0,0,0
1671390,2016-06-16,16:00:00,THURSDAY,Portland SE,1,S,301.1,45.517806,-122.665378,CN,STRGHT,NB EF MORRISN BR C3,9503,EB EF MORRISN BR C5,1,3155482,DRVR,36,2,PSNGR CAR,0,REAR,INJ,INJC,STOP,N,CLR,DRY,DAY,0,0,0
1671331,2016-06-16,19:00:00,THURSDAY,Portland N,1,S,303.85,45.554856,-122.677447,CN,CURVE,NB EF GOING ST C2,322,PACIFIC HY I-5,2,3155382,DRVR,86,2,PSNGR CAR,1,REAR,INJ,NONE,STRGHT,NW,CLR,DRY,DAY,0,0,0
1671331,2016-06-16,19:00:00,THURSDAY,Portland N,1,S,303.85,45.554856,-122.677447,CN,CURVE,NB EF GOING ST C2,322,PACIFIC HY I-5,2,3155383,DRVR,67,2,PSNGR CAR,0,REAR,INJ,INJC,STOP,NW,CLR,DRY,DAY,0,0,0
1670318,2016-06-19,16:00:00,SUNDAY,Portland N,2,SE,302.72,45.539236,-122.670233,MN,STRGHT,PACIFIC HY I-5,9442,NB EX FREMONT BR C1,4,3153462,DRVR,21,2,PSNGR CAR,1,REAR,INJ,NONE,STRGHT,NW,CLR,DRY,DAY,0,0,0
1670318,2016-06-19,16:00:00,SUNDAY,Portland N,2,SE,302.72,45.539236,-122.670233,MN,STRGHT,PACIFIC HY I-5,9442,NB EX FREMONT BR C1,4,3153463,DRVR,45,2,PSNGR CAR,0,REAR,INJ,INJC,STOP,NW,CLR,DRY,DAY,0,0,0
1671899,2016-06-21,18:00:00,TUESDAY,Portland Bridges,2,SW,300.36,45.507864,-122.669286,MN,BRIDGE,MARQUAM BRIDGE,9453,NB EXTO PAC HY I-5,4,3156423,DRVR,29,1,PSNGR CAR,1,REAR,INJ,NONE,STRGHT,SW,CLR,DRY,DAY,0,0,0
1671899,2016-06-21,18:00:00,TUESDAY,Portland Bridges,2,SW,300.36,45.507864,-122.669286,MN,BRIDGE,MARQUAM BRIDGE,9453,NB EXTO PAC HY I-5,4,3156424,DRVR,38,1,PSNGR CAR,0,REAR,INJ,INJC,STOP,SW,CLR,DRY,DAY,0,0,0
1671039,2016-06-24,14:00:00,FRIDAY,Portland N,1,NW,303.51,45.549361,-122.678753,MN,STRGHT,PACIFIC HY I-5,9430,SB EX FREMONT BR,8,3154849,DRVR,69,1,PSNGR CAR,1,REAR,INJ,INJB,STRGHT,SE,CLR,DRY,DAY,0,0,0
1671039,2016-06-24,14:00:00,FRIDAY,Portland N,1,NW,303.51,45.549361,-122.678753,MN,STRGHT,PACIFIC HY I-5,9430,SB EX FREMONT BR,8,3154850,DRVR,42,1,PSNGR CAR,0,REAR,INJ,INJB,STOP,SE,CLR,DRY,DAY,0,0,0
1671039,2016-06-24,14:00:00,FRIDAY,Portland N,1,NW,303.51,45.549361,-122.678753,MN,STRGHT,PACIFIC HY I-5,9430,SB EX FREMONT BR,8,3154850,PSNG,42,2,PSNGR CAR,0,REAR,INJ,INJB,STOP,SE,CLR,DRY,DAY,0,0,0
1671039,2016-06-24,14:00:00,FRIDAY,Portland N,1,NW,303.51,45.549361,-122.678753,MN,STRGHT,PACIFIC HY I-5,9430,SB EX FREMONT BR,8,3154850,PSNG,3,1,PSNGR CAR,0,REAR,INJ,INJC,STOP,SE,CLR,DRY,DAY,0,0,0
1671039,2016-06-24,14:00:00,FRIDAY,Portland N,1,NW,303.51,45.549361,-122.678753,MN,STRGHT,PACIFIC HY I-5,9430,SB EX FREMONT BR,8,3154850,PSNG,8,1,PSNGR CAR,0,REAR,INJ,INJC,STOP,SE,CLR,DRY,DAY,0,0,0
1671039,2016-06-24,14:00:00,FRIDAY,Portland N,1,NW,303.51,45.549361,-122.678753,MN,STRGHT,PACIFIC HY I-5,9430,SB EX FREMONT BR,8,3154851,DRVR,56,1,PSNGR CAR,0,REAR,INJ,NONE,STOP,SE,CLR,DRY,DAY,0,0,0
1671029,2016-06-24,15:00:00,FRIDAY,Portland NE,1,N,301.72,45.525803,-122.665444,MN,STRGHT,PACIFIC HY I-5,9448,SB EX MORRISN BR C7,6,3154831,DRVR,37,2,PSNGR CAR,1,REAR,INJ,NONE,STRGHT,S,RAIN,WET,DAY,0,0,0
1671029,2016-06-24,15:00:00,FRIDAY,Portland NE,1,N,301.72,45.525803,-122.665444,MN,STRGHT,PACIFIC HY I-5,9448,SB EX MORRISN BR C7,6,3154832,DRVR,53,1,PSNGR CAR,0,REAR,INJ,INJC,STOP,S,RAIN,WET,DAY,0,0,0
1671163,2016-06-25,17:00:00,SATURDAY,Portland N,1,N,305.95,45.584489,-122.679489,MN,STRGHT,PACIFIC HY I-5,9413,SB EF COL BLVD C2,4,3155079,DRVR,42,1,PSNGR CAR,1,REAR,INJ,NONE,STRGHT,S,UNK,UNK,DAY,0,0,0
1671163,2016-06-25,17:00:00,SATURDAY,Portland N,1,N,305.95,45.584489,-122.679489,MN,STRGHT,PACIFIC HY I-5,9413,SB EF COL BLVD C2,4,3155080,DRVR,49,1,PSNGR CAR,0,REAR,INJ,INJC,STRGHT,S,UNK,UNK,DAY,0,0,0
1671163,2016-06-25,17:00:00,SATURDAY,Portland N,1,N,305.95,45.584489,-122.679489,MN,STRGHT,PACIFIC HY I-5,9413,SB EF COL BLVD C2,4,3155081,DRVR,41,1,PSNGR CAR,0,REAR,INJ,NONE,STRGHT,S,UNK,UNK,DAY,0,0,0
1671216,2016-06-25,19:00:00,SATURDAY,Portland SW,2,S,299.5,45.497408,-122.673261,MN,STRGHT,PACIFIC HY I-5,9492,NB EX MARQUAM BR,6,3155173,DRVR,64,2,PSNGR CAR,1,REAR,INJ,NONE,STRGHT,N,CLR,DRY,DAY,0,0,0
1671216,2016-06-25,19:00:00,SATURDAY,Portland SW,2,S,299.5,45.497408,-122.673261,MN,STRGHT,PACIFIC HY I-5,9492,NB EX MARQUAM BR,6,3155174,DRVR,22,2,PSNGR CAR,0,REAR,INJ,INJC,STOP,N,CLR,DRY,DAY,0,0,0
1671386,2016-06-27,14:00:00,MONDAY,Portland N,2,N,306.49,45.592189,-122.682644,MN,STRGHT,PACIFIC HY I-5,9412,NB EX VICTORY BV C1,6,3155474,DRVR,24,1,PSNGR CAR,1,REAR,INJ,NONE,STRGHT,N,CLR,DRY,DAY,0,0,0
1671386,2016-06-27,14:00:00,MONDAY,Portland N,2,N,306.49,45.592189,-122.682644,MN,STRGHT,PACIFIC HY I-5,9412,NB EX VICTORY BV C1,6,3155475,DRVR,47,2,PSNGR CAR,0,REAR,INJ,INJB,STOP,N,CLR,DRY,DAY,0,0,0
1671386,2016-06-27,14:00:00,MONDAY,Portland N,2,N,306.49,45.592189,-122.682644,MN,STRGHT,PACIFIC HY I-5,9412,NB EX VICTORY BV C1,6,3155475,PSNG,36,2,PSNGR CAR,0,REAR,INJ,INJB,STOP,N,CLR,DRY,DAY,0,0,0
1671386,2016-06-27,14:00:00,MONDAY,Portland N,2,N,306.49,45.592189,-122.682644,MN,STRGHT,PACIFIC HY I-5,9412,NB EX VICTORY BV C1,6,3155476,DRVR,43,1,PSNGR CAR,0,REAR,INJ,NONE,STOP,N,CLR,DRY,DAY,0,0,0
1671393,2016-06-27,16:00:00,MONDAY,Portland N,1,S,303.01,45.543156,-122.674478,MN,BRIDGE,PACIFIC HY I-5,9455,SB EF GREELEY AV C2,6,3155486,DRVR,50,1,TRUCK,1,REAR,INJ,NONE,STRGHT,S,CLR,DRY,DAY,0,0,0
1671393,2016-06-27,16:00:00,MONDAY,Portland N,1,S,303.01,45.543156,-122.674478,MN,BRIDGE,PACIFIC HY I-5,9455,SB EF GREELEY AV C2,6,3155487,DRVR,43,1,PSNGR CAR,0,REAR,INJ,INJC,STOP,S,CLR,DRY,DAY,0,0,0
1671450,2016-06-27,19:00:00,MONDAY,Portland N,1,SE,306.87,45.597231,-122.684092,CN,STRGHT,NB EF VICTORY BV C1,609,N DENVER AVE,1,3155593,DRVR,0,1,MTRCYCLE,1,SS-O,INJ,INJB,STRGHT,NW,CLR,DRY,DAY,0,0,0
1671450,2016-06-27,19:00:00,MONDAY,Portland N,1,SE,306.87,45.597231,-122.684092,CN,STRGHT,NB EF VICTORY BV C1,609,N DENVER AVE,1,3155594,DRVR,22,2,PSNGR CAR,0,SS-O,INJ,NONE,STRGHT,NW,CLR,DRY,DAY,0,0,0
1672169,2016-07-01,15:00:00,FRIDAY,Portland N,1,S,304.42,45.562622,-122.678681,MN,STRGHT,PACIFIC HY I-5,9424,SB EX MINNESOTA C2,6,3156918,DRVR,58,1,PSNGR CAR,1,REAR,INJ,NONE,STRGHT,S,CLR,DRY,DAY,0,1,0
1672169,2016-07-01,15:00:00,FRIDAY,Portland N,1,S,304.42,45.562622,-122.678681,MN,STRGHT,PACIFIC HY I-5,9424,SB EX MINNESOTA C2,6,3156919,DRVR,64,1,PSNGR CAR,0,REAR,INJ,INJC,STRGHT,S,CLR,DRY,DAY,0,1,0
1672309,2016-07-02,13:00:00,SATURDAY,Portland N,2,N,306.75,45.595536,-122.684083,MN,STRGHT,PACIFIC HY I-5,9901,EXTO MLK/MARINE C1,6,3157179,DRVR,34,2,PSNGR CAR,1,REAR,INJ,NONE,STRGHT,N,CLR,DRY,DAY,0,0,0
1672309,2016-07-02,13:00:00,SATURDAY,Portland N,2,N,306.75,45.595536,-122.684083,MN,STRGHT,PACIFIC HY I-5,9901,EXTO MLK/MARINE C1,6,3157180,DRVR,25,1,PSNGR CAR,0,REAR,INJ,INJC,STOP,N,CLR,DRY,DAY,0,0,0
1672309,2016-07-02,13:00:00,SATURDAY,Portland N,2,N,306.75,45.595536,-122.684083,MN,STRGHT,PACIFIC HY I-5,9901,EXTO MLK/MARINE C1,6,3157181,DRVR,0,2,PSNGR CAR,0,REAR,INJ,NONE,STOP,N,CLR,DRY,DAY,0,0,0
1672309,2016-07-02,13:00:00,SATURDAY,Portland N,2,N,306.75,45.595536,-122.684083,MN,STRGHT,PACIFIC HY I-5,9901,EXTO MLK/MARINE C1,6,3157182,DRVR,31,1,PSNGR CAR,0,REAR,INJ,INJC,STOP,N,CLR,DRY,DAY,0,0,0
1672309,2016-07-02,13:00:00,SATURDAY,Portland N,2,N,306.75,45.595536,-122.684083,MN,STRGHT,PACIFIC HY I-5,9901,EXTO MLK/MARINE C1,6,3157182,PSNG,7,1,PSNGR CAR,0,REAR,INJ,INJC,STOP,N,CLR,DRY,DAY,0,0,0
1672301,2016-07-02,18:00:00,SATURDAY,Portland N,1,N,307.25,45.602969,-122.683217,MN,STRGHT,PACIFIC HY I-5,9701,SB EXTO I-5 S,6,3157162,DRVR,29,1,PSNGR CAR,1,SS-O,INJ,NONE,STRGHT,S,CLR,DRY,DAY,0,0,0
1672301,2016-07-02,18:00:00,SATURDAY,Portland N,1,N,307.25,45.602969,-122.683217,MN,STRGHT,PACIFIC HY I-5,9701,SB EXTO I-5 S,6,3157163,DRVR,45,1,PSNGR CAR,0,SS-O,INJ,NONE,STRGHT,S,CLR,DRY,DAY,0,0,0
1672301,2016-07-02,18:00:00,SATURDAY,Portland N,1,N,307.25,45.602969,-122.683217,MN,STRGHT,PACIFIC HY I-5,9701,SB EXTO I-5 S,6,3157164,DRVR,26,2,PSNGR CAR,0,SS-O,INJ,INJC,STRGHT,S,CLR,DRY,DAY,0,0,0
1684997,2016-07-05,8:00:00,TUESDAY,Portland SE,1,S,301.3,45.520569,-122.665981,MN,STRGHT,PACIFIC HY I-5,9439,SB ENFR BANFIELD C2,6,3181761,DRVR,0,9,PSNGR CAR,1,REAR,INJ,NONE,STRGHT,S,CLR,DRY,DAY,0,0,0
1684997,2016-07-05,8:00:00,TUESDAY,Portland SE,1,S,301.3,45.520569,-122.665981,MN,STRGHT,PACIFIC HY I-5,9439,SB ENFR BANFIELD C2,6,3181762,DRVR,29,2,PSNGR CAR,0,REAR,INJ,NONE,STRGHT,S,CLR,DRY,DAY,0,0,0
1684997,2016-07-05,8:00:00,TUESDAY,Portland SE,1,S,301.3,45.520569,-122.665981,MN,STRGHT,PACIFIC HY I-5,9439,SB ENFR BANFIELD C2,6,3181763,DRVR,58,2,PSNGR CAR,0,REAR,INJ,INJC,STRGHT,S,CLR,DRY,DAY,0,0,0
1684997,2016-07-05,8:00:00,TUESDAY,Portland SE,1,S,301.3,45.520569,-122.665981,MN,STRGHT,PACIFIC HY I-5,9439,SB ENFR BANFIELD C2,6,3181763,PSNG,0,1,PSNGR CAR,0,REAR,INJ,INJC,STRGHT,S,CLR,DRY,DAY,0,0,0
1672620,2016-07-05,17:00:00,TUESDAY,Portland N,1,CN,303.73,45.558989,-122.679072,CN,INTER,N MINNESOTA AVE,9425,SB EF MINNESOTA C3,,3157753,DRVR,44,2,PSNGR CAR,1,TURN,INJ,INJC,STRGHT,W,CLR,DRY,DAY,0,0,0
1672620,2016-07-05,17:00:00,TUESDAY,Portland N,1,CN,303.73,45.558989,-122.679072,CN,INTER,N MINNESOTA AVE,9425,SB EF MINNESOTA C3,,3157754,DRVR,43,1,PSNGR CAR,0,TURN,INJ,INJB,TURN-L,W,CLR,DRY,DAY,0,0,0
1667091,2016-07-07,9:00:00,THURSDAY,Portland N,1,SE,302.62,45.538731,-122.670036,MN,STRGHT,PACIFIC HY I-5,9432,SB EX VANCOUVER C3,7,3147386,DRVR,55,1,TRUCK,1,SS-O,INJ,NONE,STRGHT,SE,CLR,DRY,DAY,0,0,0
1667091,2016-07-07,9:00:00,THURSDAY,Portland N,1,SE,302.62,45.538731,-122.670036,MN,STRGHT,PACIFIC HY I-5,9432,SB EX VANCOUVER C3,7,3147387,DRVR,59,1,PSNGR CAR,0,SS-O,INJ,INJC,STRGHT,SE,CLR,DRY,DAY,0,0,0
1672293,2016-07-07,9:00:00,THURSDAY,Portland N,1,SE,303.43,45.548217,-122.678728,MN,STRGHT,PACIFIC HY I-5,9431,NB EF FREMONT BR,8,3157147,DRVR,46,2,PSNGR CAR,1,REAR,INJ,NONE,STRGHT,SE,CLR,DRY,DAY,0,0,0
1672293,2016-07-07,9:00:00,THURSDAY,Portland N,1,SE,303.43,45.548217,-122.678728,MN,STRGHT,PACIFIC HY I-5,9431,NB EF FREMONT BR,8,3157148,DRVR,47,2,PSNGR CAR,0,REAR,INJ,INJC,STOP,SE,CLR,DRY,DAY,0,0,0
1672315,2016-07-07,14:00:00,THURSDAY,Portland NE,1,W,301.77,45.525392,-122.661286,CN,STRGHT,NB EXTO BANFIELD C1,305,BANFIELD FY,2,3157193,DRVR,55,2,PSNGR CAR,1,REAR,INJ,NONE,STRGHT,E,CLR,DRY,DAY,0,0,0
1672315,2016-07-07,14:00:00,THURSDAY,Portland NE,1,W,301.77,45.525392,-122.661286,CN,STRGHT,NB EXTO BANFIELD C1,305,BANFIELD FY,2,3157194,DRVR,39,1,PSNGR CAR,0,REAR,INJ,INJC,STOP,E,CLR,DRY,DAY,0,0,0
1672315,2016-07-07,14:00:00,THURSDAY,Portland NE,1,W,301.77,45.525392,-122.661286,CN,STRGHT,NB EXTO BANFIELD C1,305,BANFIELD FY,2,3157195,DRVR,37,1,PSNGR CAR,0,REAR,INJ,INJC,STOP,E,CLR,DRY,DAY,0,0,0
1664580,2016-07-09,16:00:00,SATURDAY,Portland NE,1,N,301.92,45.528903,-122.665375,MN,STRGHT,PACIFIC HY I-5,9436,SB EX BANFIELD FY,6,3142616,DRVR,28,2,PSNGR CAR,1,REAR,INJ,NONE,STRGHT,S,CLR,DRY,DAY,0,0,0
1664580,2016-07-09,16:00:00,SATURDAY,Portland NE,1,N,301.92,45.528903,-122.665375,MN,STRGHT,PACIFIC HY I-5,9436,SB EX BANFIELD FY,6,3142617,DRVR,39,1,PSNGR CAR,0,REAR,INJ,INJB,STRGHT,S,CLR,DRY,DAY,0,0,0
1672767,2016-07-12,7:00:00,TUESDAY,Portland N,1,N,307.02,45.599494,-122.6842,MN,STRGHT,PACIFIC HY I-5,609,N DENVER AVE,6,3158028,DRVR,19,1,PSNGR CAR,1,REAR,INJ,NONE,STRGHT,S,CLR,DRY,DAY,0,0,0
1672767,2016-07-12,7:00:00,TUESDAY,Portland N,1,N,307.02,45.599494,-122.6842,MN,STRGHT,PACIFIC HY I-5,609,N DENVER AVE,6,3158029,DRVR,37,2,PSNGR CAR,0,REAR,INJ,INJC,STOP,S,CLR,DRY,DAY,0,0,0
1672767,2016-07-12,7:00:00,TUESDAY,Portland N,1,N,307.02,45.599494,-122.6842,MN,STRGHT,PACIFIC HY I-5,609,N DENVER AVE,6,3158029,PSNG,38,1,PSNGR CAR,0,REAR,INJ,INJC,STOP,S,CLR,DRY,DAY,0,0,0
1672767,2016-07-12,7:00:00,TUESDAY,Portland N,1,N,307.02,45.599494,-122.6842,MN,STRGHT,PACIFIC HY I-5,609,N DENVER AVE,6,3158029,PSNG,4,2,PSNGR CAR,0,REAR,INJ,INJC,STOP,S,CLR,DRY,DAY,0,0,0
1672767,2016-07-12,7:00:00,TUESDAY,Portland N,1,N,307.02,45.599494,-122.6842,MN,STRGHT,PACIFIC HY I-5,609,N DENVER AVE,6,3158029,PSNG,1,1,PSNGR CAR,0,REAR,INJ,INJC,STOP,S,CLR,DRY,DAY,0,0,0
1664381,2016-07-13,13:00:00,WEDNESDAY,Portland Bridges,1,NE,300.28,45.507097,-122.670614,MN,BRIDGE,MARQUAM BRIDGE,9452,SB EX MARQUAM BR,4,3142250,DRVR,53,1,PSNGR CAR,1,REAR,INJ,NONE,STRGHT,SW,CLR,DRY,DAY,0,0,0
1664381,2016-07-13,13:00:00,WEDNESDAY,Portland Bridges,1,NE,300.28,45.507097,-122.670614,MN,BRIDGE,MARQUAM BRIDGE,9452,SB EX MARQUAM BR,4,3142251,DRVR,72,1,PSNGR CAR,0,REAR,INJ,INJC,STOP,SW,CLR,DRY,DAY,0,0,0
1673004,2016-07-13,18:00:00,WEDNESDAY,Portland SW,1,NW,299.86,45.502144,-122.674364,MN,STRGHT,SB EX HOOD AVE C2,9493,SB EF MARQUAM BR,2,3158474,DRVR,35,1,PSNGR CAR,1,REAR,INJ,NONE,STRGHT,SE,CLR,DRY,DAY,0,0,0
1673004,2016-07-13,18:00:00,WEDNESDAY,Portland SW,1,NW,299.86,45.502144,-122.674364,MN,STRGHT,SB EX HOOD AVE C2,9493,SB EF MARQUAM BR,2,3158475,DRVR,40,2,PSNGR CAR,0,REAR,INJ,INJB,STOP,SE,CLR,DRY,DAY,0,0,0
1673208,2016-07-14,10:00:00,THURSDAY,Portland SW,1,NW,299.73,45.500286,-122.673706,MN,STRGHT,SB EF MARQUAM BR,9496,SB EX HOOD AVE C2,2,3158865,DRVR,46,1,TRUCK,1,REAR,INJ,NONE,STRGHT,SE,CLR,DRY,DAY,0,0,0
1673208,2016-07-14,10:00:00,THURSDAY,Portland SW,1,NW,299.73,45.500286,-122.673706,MN,STRGHT,SB EF MARQUAM BR,9496,SB EX HOOD AVE C2,2,3158866,DRVR,59,2,PSNGR CAR,0,REAR,INJ,INJC,STOP,SE,CLR,DRY,DAY,0,0,0
1685268,2016-07-15,16:00:00,FRIDAY,Portland NE,1,N,301.93,45.529114,-122.665369,MN,STRGHT,PACIFIC HY I-5,9436,SB EX BANFIELD FY,6,3182287,DRVR,45,1,PSNGR CAR,1,REAR,INJ,NONE,STRGHT,S,CLR,DRY,DAY,0,0,0
1685268,2016-07-15,16:00:00,FRIDAY,Portland NE,1,N,301.93,45.529114,-122.665369,MN,STRGHT,PACIFIC HY I-5,9436,SB EX BANFIELD FY,6,3182288,DRVR,48,2,PSNGR CAR,0,REAR,INJ,NONE,STOP,S,CLR,DRY,DAY,0,0,0
1685268,2016-07-15,16:00:00,FRIDAY,Portland NE,1,N,301.93,45.529114,-122.665369,MN,STRGHT,PACIFIC HY I-5,9436,SB EX BANFIELD FY,6,3182289,DRVR,36,2,PSNGR CAR,0,REAR,INJ,INJC,STOP,S,CLR,DRY,DAY,0,0,0
1672887,2016-07-16,15:00:00,SATURDAY,Portland N,2,N,308.3,45.616969,-122.675781,MN,BRIDGE,PACIFIC HY I-5,9457,NB EF JANTZN BCH C2,6,3158248,DRVR,21,1,PSNGR CAR,1,REAR,INJ,NONE,STRGHT,N,CLR,DRY,DAY,0,0,0
1672887,2016-07-16,15:00:00,SATURDAY,Portland N,2,N,308.3,45.616969,-122.675781,MN,BRIDGE,PACIFIC HY I-5,9457,NB EF JANTZN BCH C2,6,3158249,DRVR,55,1,PSNGR CAR,0,REAR,INJ,INJC,STOP,N,CLR,DRY,DAY,0,0,0
1672887,2016-07-16,15:00:00,SATURDAY,Portland N,2,N,308.3,45.616969,-122.675781,MN,BRIDGE,PACIFIC HY I-5,9457,NB EF JANTZN BCH C2,6,3158249,PSNG,5,2,PSNGR CAR,0,REAR,INJ,INJC,STOP,N,CLR,DRY,DAY,0,0,0
1672887,2016-07-16,15:00:00,SATURDAY,Portland N,2,N,308.3,45.616969,-122.675781,MN,BRIDGE,PACIFIC HY I-5,9457,NB EF JANTZN BCH C2,6,3158249,PSNG,16,2,PSNGR CAR,0,REAR,INJ,INJC,STOP,N,CLR,DRY,DAY,0,0,0
1672887,2016-07-16,15:00:00,SATURDAY,Portland N,2,N,308.3,45.616969,-122.675781,MN,BRIDGE,PACIFIC HY I-5,9457,NB EF JANTZN BCH C2,6,3158249,PSNG,28,1,PSNGR CAR,0,REAR,INJ,INJC,STOP,N,CLR,DRY,DAY,0,0,0
1673107,2016-07-16,16:00:00,SATURDAY,Portland Bridges,1,NE,300.4,45.508219,-122.668672,MN,BRIDGE,MARQUAM BRIDGE,9452,SB EX MARQUAM BR,5,3158673,DRVR,45,1,PSNGR CAR,1,REAR,INJ,NONE,STRGHT,SW,CLR,DRY,DAY,0,0,0
1673107,2016-07-16,16:00:00,SATURDAY,Portland Bridges,1,NE,300.4,45.508219,-122.668672,MN,BRIDGE,MARQUAM BRIDGE,9452,SB EX MARQUAM BR,5,3158674,DRVR,31,1,PSNGR CAR,0,REAR,INJ,INJC,STRGHT,SW,CLR,DRY,DAY,0,0,0
1673107,2016-07-16,16:00:00,SATURDAY,Portland Bridges,1,NE,300.4,45.508219,-122.668672,MN,BRIDGE,MARQUAM BRIDGE,9452,SB EX MARQUAM BR,5,3158674,PSNG,49,2,PSNGR CAR,0,REAR,INJ,INJC,STRGHT,SW,CLR,DRY,DAY,0,0,0
1673134,2016-07-16,16:00:00,SATURDAY,Portland N,1,N,305.14,45.572872,-122.678744,MN,STRGHT,PACIFIC HY I-5,9420,SB EX PTLD BLVD C3,6,3158719,DRVR,23,1,PSNGR CAR,1,REAR,INJ,NONE,STRGHT,S,CLR,DRY,DAY,0,0,0
1673134,2016-07-16,16:00:00,SATURDAY,Portland N,1,N,305.14,45.572872,-122.678744,MN,STRGHT,PACIFIC HY I-5,9420,SB EX PTLD BLVD C3,6,3158720,DRVR,55,2,PSNGR CAR,0,REAR,INJ,NONE,STOP,S,CLR,DRY,DAY,0,0,0
1673134,2016-07-16,16:00:00,SATURDAY,Portland N,1,N,305.14,45.572872,-122.678744,MN,STRGHT,PACIFIC HY I-5,9420,SB EX PTLD BLVD C3,6,3158720,PSNG,40,2,PSNGR CAR,0,REAR,INJ,INJC,STOP,S,CLR,DRY,DAY,0,0,0
1673452,2016-07-18,13:00:00,MONDAY,Portland SE,2,N,301.09,45.517156,-122.666978,MN,STRGHT,PACIFIC HY I-5,9449,NB EF MORRISN BR C3,4,3159331,DRVR,23,2,PSNGR CAR,1,REAR,INJ,NONE,STRGHT,N,CLR,DRY,DAY,0,0,0
1673452,2016-07-18,13:00:00,MONDAY,Portland SE,2,N,301.09,45.517156,-122.666978,MN,STRGHT,PACIFIC HY I-5,9449,NB EF MORRISN BR C3,4,3159332,DRVR,22,1,PSNGR CAR,0,REAR,INJ,NONE,STOP,N,CLR,DRY,DAY,0,0,0
1673452,2016-07-18,13:00:00,MONDAY,Portland SE,2,N,301.09,45.517156,-122.666978,MN,STRGHT,PACIFIC HY I-5,9449,NB EF MORRISN BR C3,4,3159333,DRVR,26,2,PSNGR CAR,0,REAR,INJ,INJC,STOP,N,CLR,DRY,DAY,0,0,0
1673723,2016-07-19,15:00:00,TUESDAY,Portland N,2,S,305.2,45.573486,-122.678561,MN,STRGHT,PACIFIC HY I-5,9418,NB EX LOMBARD EB C1,8,3159863,DRVR,0,9,PSNGR CAR,1,REAR,INJ,NONE,STRGHT,N,CLR,DRY,DAY,0,0,0
1673723,2016-07-19,15:00:00,TUESDAY,Portland N,2,S,305.2,45.573486,-122.678561,MN,STRGHT,PACIFIC HY I-5,9418,NB EX LOMBARD EB C1,8,3159864,DRVR,42,1,PSNGR CAR,0,REAR,INJ,INJC,STOP,N,CLR,DRY,DAY,0,0,0