crashid,date,hour,day,city_section,highwayid,compass,milepost,lat,lon,road_type,road_char,street_name,isect_num,isect_name,lane_quantity,vehicle_id,partic_type,age,gender,vehicle_type,striking_vehicle,collision_type,crash_severity,injury_severity,vehicle_movement,vehicle_direction,weather,road_cond,light_cond,speeding,alcohol,drug
1673723,2016-07-19,15:00:00,TUESDAY,Portland N,2,S,305.2,45.573486,-122.678561,MN,STRGHT,PACIFIC HY I-5,9418,NB EX LOMBARD EB C1,8,3159865,DRVR,62,2,PSNGR CAR,0,REAR,INJ,NONE,STOP,N,CLR,DRY,DAY,0,0,0
1673848,2016-07-23,10:00:00,SATURDAY,Portland Bridges,1,NE,300.35,45.507753,-122.669481,MN,BRIDGE,MARQUAM BRIDGE,9452,SB EX MARQUAM BR,3,3160114,DRVR,20,1,PSNGR CAR,1,REAR,INJ,NONE,STRGHT,NE,CLR,DRY,DAY,0,0,0
1673848,2016-07-23,10:00:00,SATURDAY,Portland Bridges,1,NE,300.35,45.507753,-122.669481,MN,BRIDGE,MARQUAM BRIDGE,9452,SB EX MARQUAM BR,3,3160115,DRVR,53,2,PSNGR CAR,0,REAR,INJ,NONE,STOP,NE,CLR,DRY,DAY,0,0,0
1673848,2016-07-23,10:00:00,SATURDAY,Portland Bridges,1,NE,300.35,45.507753,-122.669481,MN,BRIDGE,MARQUAM BRIDGE,9452,SB EX MARQUAM BR,3,3160116,DRVR,52,1,PSNGR CAR,0,REAR,INJ,INJC,STOP,NE,CLR,DRY,DAY,0,0,0
1673848,2016-07-23,10:00:00,SATURDAY,Portland Bridges,1,NE,300.35,45.507753,-122.669481,MN,BRIDGE,MARQUAM BRIDGE,9452,SB EX MARQUAM BR,3,3160116,PSNG,51,2,PSNGR CAR,0,REAR,INJ,INJC,STOP,NE,CLR,DRY,DAY,0,0,0
1673848,2016-07-23,10:00:00,SATURDAY,Portland Bridges,1,NE,300.35,45.507753,-122.669481,MN,BRIDGE,MARQUAM BRIDGE,9452,SB EX MARQUAM BR,3,3160116,PSNG,23,2,PSNGR CAR,0,REAR,INJ,INJC,STOP,NE,CLR,DRY,DAY,0,0,0
1673848,2016-07-23,10:00:00,SATURDAY,Portland Bridges,1,NE,300.35,45.507753,-122.669481,MN,BRIDGE,MARQUAM BRIDGE,9452,SB EX MARQUAM BR,3,3160116,PSNG,24,2,PSNGR CAR,0,REAR,INJ,INJC,STOP,NE,CLR,DRY,DAY,0,0,0
1667193,2016-07-26,16:00:00,TUESDAY,Portland N,2,S,304.02,45.556472,-122.678481,MN,STRGHT,PACIFIC HY I-5,9427,NB EF GOING ST C2,6,3147584,DRVR,40,1,SEMI TOW,1,REAR,INJ,NONE,STRGHT,N,CLR,DRY,DAY,0,0,0
1667193,2016-07-26,16:00:00,TUESDAY,Portland N,2,S,304.02,45.556472,-122.678481,MN,STRGHT,PACIFIC HY I-5,9427,NB EF GOING ST C2,6,3147585,DRVR,56,1,PSNGR CAR,0,REAR,INJ,INJC,STOP,N,CLR,DRY,DAY,0,0,0
1667235,2016-07-28,15:00:00,THURSDAY,Portland SE,1,S,301.21,45.519003,-122.666156,CN,STRGHT,NB EF MORRISN BR C3,9451,NB ENFR MORRISON ST,1,3147674,DRVR,63,1,SEMI TOW,1,SS-O,INJ,NONE,STRGHT,N,CLR,DRY,DAY,0,0,0
1667235,2016-07-28,15:00:00,THURSDAY,Portland SE,1,S,301.21,45.519003,-122.666156,CN,STRGHT,NB EF MORRISN BR C3,9451,NB ENFR MORRISON ST,1,3147675,DRVR,68,1,PSNGR CAR,0,SS-O,INJ,INJC,STRGHT,N,CLR,DRY,DAY,0,0,0
1674479,2016-07-28,19:00:00,THURSDAY,Portland NE,1,N,302.25,45.534142,-122.666292,MN,CURVE,PACIFIC HY I-5,9435,SB EF WILLIAMS C5,6,3161315,DRVR,17,1,PSNGR CAR,1,REAR,INJ,NONE,STRGHT,S,CLR,DRY,DAY,0,0,0
1674479,2016-07-28,19:00:00,THURSDAY,Portland NE,1,N,302.25,45.534142,-122.666292,MN,CURVE,PACIFIC HY I-5,9435,SB EF WILLIAMS C5,6,3161315,PSNG,19,2,PSNGR CAR,1,REAR,INJ,INJC,STRGHT,S,CLR,DRY,DAY,0,0,0
1674479,2016-07-28,19:00:00,THURSDAY,Portland NE,1,N,302.25,45.534142,-122.666292,MN,CURVE,PACIFIC HY I-5,9435,SB EF WILLIAMS C5,6,3161316,DRVR,31,2,PSNGR CAR,0,REAR,INJ,INJC,STOP,S,CLR,DRY,DAY,0,0,0
1674124,2016-07-29,15:00:00,FRIDAY,Portland N,1,S,306.87,45.597258,-122.684622,MN,STRGHT,PACIFIC HY I-5,609,N DENVER AVE,6,3160640,DRVR,20,2,PSNGR CAR,1,SS-O,INJ,INJC,STRGHT,S,CLR,DRY,DAY,0,0,0
1674124,2016-07-29,15:00:00,FRIDAY,Portland N,1,S,306.87,45.597258,-122.684622,MN,STRGHT,PACIFIC HY I-5,609,N DENVER AVE,6,3160641,DRVR,38,2,PSNGR CAR,0,SS-O,INJ,NONE,STOP,S,CLR,DRY,DAY,0,0,0
1674124,2016-07-29,15:00:00,FRIDAY,Portland N,1,S,306.87,45.597258,-122.684622,MN,STRGHT,PACIFIC HY I-5,609,N DENVER AVE,6,3160641,PSNG,65,1,PSNGR CAR,0,SS-O,INJ,INJB,STOP,S,CLR,DRY,DAY,0,0,0
1674020,2016-07-29,16:00:00,FRIDAY,Portland N,2,N,306.52,45.592572,-122.682814,MN,STRGHT,PACIFIC HY I-5,9412,NB EX VICTORY BV C1,6,3160441,DRVR,42,1,PSNGR CAR,1,REAR,INJ,NONE,STRGHT,N,CLR,DRY,DAY,0,0,0
1674020,2016-07-29,16:00:00,FRIDAY,Portland N,2,N,306.52,45.592572,-122.682814,MN,STRGHT,PACIFIC HY I-5,9412,NB EX VICTORY BV C1,6,3160442,DRVR,39,2,PSNGR CAR,0,REAR,INJ,NONE,STOP,N,CLR,DRY,DAY,0,0,0
1674020,2016-07-29,16:00:00,FRIDAY,Portland N,2,N,306.52,45.592572,-122.682814,MN,STRGHT,PACIFIC HY I-5,9412,NB EX VICTORY BV C1,6,3160443,DRVR,52,1,PSNGR CAR,0,REAR,INJ,INJC,STOP,N,CLR,DRY,DAY,0,0,0
1674566,2016-07-30,16:00:00,SATURDAY,Portland N,2,S,307.35,45.603739,-122.682756,MN,STRGHT,PACIFIC HY I-5,9101,NB EXTO I-5 NBD,6,3161476,DRVR,50,2,PSNGR CAR,1,REAR,INJ,NONE,STRGHT,N,CLR,DRY,DAY,0,0,0
1674566,2016-07-30,16:00:00,SATURDAY,Portland N,2,S,307.35,45.603739,-122.682756,MN,STRGHT,PACIFIC HY I-5,9101,NB EXTO I-5 NBD,6,3161477,DRVR,46,2,PSNGR CAR,0,REAR,INJ,INJC,STOP,N,CLR,DRY,DAY,0,0,0
1674566,2016-07-30,16:00:00,SATURDAY,Portland N,2,S,307.35,45.603739,-122.682756,MN,STRGHT,PACIFIC HY I-5,9101,NB EXTO I-5 NBD,6,3161477,PSNG,53,1,PSNGR CAR,0,REAR,INJ,INJC,STOP,N,CLR,DRY,DAY,0,0,0
1674304,2016-08-01,15:00:00,MONDAY,Portland N,1,N,303.98,45.556075,-122.678708,MN,STRGHT,PACIFIC HY I-5,9425,SB EF MINNESOTA C3,6,3160979,DRVR,25,1,PSNGR CAR,1,REAR,INJ,NONE,STRGHT,S,CLR,DRY,DAY,0,0,0
1674304,2016-08-01,15:00:00,MONDAY,Portland N,1,N,303.98,45.556075,-122.678708,MN,STRGHT,PACIFIC HY I-5,9425,SB EF MINNESOTA C3,6,3160980,DRVR,41,1,PSNGR CAR,0,REAR,INJ,INJA,STOP,S,CLR,DRY,DAY,0,0,0
1674304,2016-08-01,15:00:00,MONDAY,Portland N,1,N,303.98,45.556075,-122.678708,MN,STRGHT,PACIFIC HY I-5,9425,SB EF MINNESOTA C3,6,3160980,PSNG,36,2,PSNGR CAR,0,REAR,INJ,INJC,STOP,S,CLR,DRY,DAY,0,0,0
1674304,2016-08-01,15:00:00,MONDAY,Portland N,1,N,303.98,45.556075,-122.678708,MN,STRGHT,PACIFIC HY I-5,9425,SB EF MINNESOTA C3,6,3160980,PSNG,12,2,PSNGR CAR,0,REAR,INJ,INJC,STOP,S,CLR,DRY,DAY,0,0,0
1674228,2016-08-01,19:00:00,MONDAY,Portland N,1,SE,308.51,45.611125,-122.678417,CN,CURVE,NB EF JANTZN BCH C2,322,PACIFIC HY I-5,2,3160837,DRVR,0,1,PSNGR CAR,1,REAR,INJ,NONE,STRGHT,NW,CLR,DRY,DAY,0,0,0
1674228,2016-08-01,19:00:00,MONDAY,Portland N,1,SE,308.51,45.611125,-122.678417,CN,CURVE,NB EF JANTZN BCH C2,322,PACIFIC HY I-5,2,3160838,DRVR,64,1,PSNGR CAR,0,REAR,INJ,INJC,STRGHT,NW,CLR,DRY,DAY,0,0,0
1674228,2016-08-01,19:00:00,MONDAY,Portland N,1,SE,308.51,45.611125,-122.678417,CN,CURVE,NB EF JANTZN BCH C2,322,PACIFIC HY I-5,2,3160838,PSNG,62,2,PSNGR CAR,0,REAR,INJ,INJC,STRGHT,NW,CLR,DRY,DAY,0,0,0
1674228,2016-08-01,19:00:00,MONDAY,Portland N,1,SE,308.51,45.611125,-122.678417,CN,CURVE,NB EF JANTZN BCH C2,322,PACIFIC HY I-5,2,3160838,PSNG,4,1,PSNGR CAR,0,REAR,INJ,NO<5,STRGHT,NW,CLR,DRY,DAY,0,0,0
1674228,2016-08-01,19:00:00,MONDAY,Portland N,1,SE,308.51,45.611125,-122.678417,CN,CURVE,NB EF JANTZN BCH C2,322,PACIFIC HY I-5,2,3160838,PSNG,35,2,PSNGR CAR,0,REAR,INJ,INJC,STRGHT,NW,CLR,DRY,DAY,0,0,0
1674353,2016-08-01,22:00:00,MONDAY,Portland SE,1,N,301.28,45.520281,-122.666078,MN,STRGHT,PACIFIC HY I-5,9439,SB ENFR BANFIELD C2,6,3161070,DRVR,52,1,PSNGR CAR,1,PED,INJ,NONE,STRGHT,S,CLR,DRY,DLIT,0,0,0
1674353,2016-08-01,22:00:00,MONDAY,Portland SE,1,N,301.28,45.520281,-122.666078,MN,STRGHT,PACIFIC HY I-5,9439,SB ENFR BANFIELD C2,6,,PED,29,1,,0,PED,INJ,INJC,,,CLR,DRY,DLIT,0,0,0
1675034,2016-08-02,7:00:00,TUESDAY,Portland N,1,N,307.55,45.607044,-122.6819,MN,STRGHT,PACIFIC HY I-5,9902,SB EXTO MARINE DR,7,3162336,DRVR,34,1,PSNGR CAR,1,REAR,INJ,INJC,STRGHT,S,CLD,DRY,DAY,0,0,0
1675034,2016-08-02,7:00:00,TUESDAY,Portland N,1,N,307.55,45.607044,-122.6819,MN,STRGHT,PACIFIC HY I-5,9902,SB EXTO MARINE DR,7,3162337,DRVR,30,2,PSNGR CAR,0,REAR,INJ,NONE,STOP,S,CLD,DRY,DAY,0,0,0
1667289,2016-08-02,14:00:00,TUESDAY,Portland N,1,N,304.5,45.5638,-122.678706,MN,STRGHT,PACIFIC HY I-5,9424,SB EX MINNESOTA C2,6,3147771,DRVR,45,1,PSNGR CAR,1,REAR,INJ,INJB,STRGHT,S,CLR,DRY,DAY,0,0,0
1667289,2016-08-02,14:00:00,TUESDAY,Portland N,1,N,304.5,45.5638,-122.678706,MN,STRGHT,PACIFIC HY I-5,9424,SB EX MINNESOTA C2,6,3147772,DRVR,46,1,SEMI TOW,0,REAR,INJ,NONE,STOP,S,CLR,DRY,DAY,0,0,0
1675058,2016-08-02,15:00:00,TUESDAY,Portland N,1,N,305.15,45.573064,-122.678742,MN,STRGHT,PACIFIC HY I-5,9420,SB EX PTLD BLVD C3,8,3162384,DRVR,39,2,PSNGR CAR,1,REAR,INJ,NONE,STRGHT,S,CLR,DRY,DAY,0,0,0
1675058,2016-08-02,15:00:00,TUESDAY,Portland N,1,N,305.15,45.573064,-122.678742,MN,STRGHT,PACIFIC HY I-5,9420,SB EX PTLD BLVD C3,8,3162385,DRVR,70,2,PSNGR CAR,0,REAR,INJ,INJC,STRGHT,S,CLR,DRY,DAY,0,0,0
1674729,2016-08-04,19:00:00,THURSDAY,Portland NE,1,N,302.05,45.531369,-122.665347,MN,STRGHT,PACIFIC HY I-5,9435,SB EF WILLIAMS C5,6,3161764,DRVR,22,1,TRUCK,1,REAR,INJ,NONE,STRGHT,S,CLR,DRY,DAY,0,0,0
1674729,2016-08-04,19:00:00,THURSDAY,Portland NE,1,N,302.05,45.531369,-122.665347,MN,STRGHT,PACIFIC HY I-5,9435,SB EF WILLIAMS C5,6,3161765,DRVR,60,1,PSNGR CAR,0,REAR,INJ,INJC,STOP,S,CLR,DRY,DAY,0,0,0
1674729,2016-08-04,19:00:00,THURSDAY,Portland NE,1,N,302.05,45.531369,-122.665347,MN,STRGHT,PACIFIC HY I-5,9435,SB EF WILLIAMS C5,6,3161766,DRVR,29,2,PSNGR CAR,0,REAR,INJ,NONE,STOP,S,CLR,DRY,DAY,0,0,0
1667296,2016-08-04,22:00:00,THURSDAY,Portland N,2,S,304.68,45.566117,-122.678492,MN,STRGHT,PACIFIC HY I-5,9422,NB EX PTLD BLVD C1,6,3147785,DRVR,25,1,SEMI TOW,1,SS-O,INJ,NONE,STRGHT,N,CLR,DRY,DLIT,0,0,0
1667296,2016-08-04,22:00:00,THURSDAY,Portland N,2,S,304.68,45.566117,-122.678492,MN,STRGHT,PACIFIC HY I-5,9422,NB EX PTLD BLVD C1,6,3147786,DRVR,34,2,PSNGR CAR,0,SS-O,INJ,INJC,STRGHT,N,CLR,DRY,DLIT,0,0,0
1667296,2016-08-04,22:00:00,THURSDAY,Portland N,2,S,304.68,45.566117,-122.678492,MN,STRGHT,PACIFIC HY I-5,9422,NB EX PTLD BLVD C1,6,3147786,PSNG,33,1,PSNGR CAR,0,SS-O,INJ,INJC,STRGHT,N,CLR,DRY,DLIT,0,0,0
1674861,2016-08-10,0:00:00,WEDNESDAY,Portland NE,1,CN,302.28,45.534369,-122.665719,CN,INTER,NE WEIDLER ST,9434,NB EX WEIDLER C1,,3162012,DRVR,41,2,PSNGR CAR,1,ANGL,INJ,INJB,STRGHT,N,CLR,DRY,DAY,0,0,0
1674861,2016-08-10,0:00:00,WEDNESDAY,Portland NE,1,CN,302.28,45.534369,-122.665719,CN,INTER,NE WEIDLER ST,9434,NB EX WEIDLER C1,,3162013,DRVR,34,2,PSNGR CAR,0,ANGL,INJ,NONE,STRGHT,E,CLR,DRY,DAY,0,0,0
1674843,2016-08-10,17:00:00,WEDNESDAY,Portland Bridges,1,CN,300.27,45.507003,-122.670775,MN,INTER,MARQUAM BRIDGE,9452,SB EX MARQUAM BR,,3161980,DRVR,53,1,PSNGR CAR,1,TURN,INJ,NONE,STRGHT,NE,CLR,DRY,DAY,0,0,0
1674843,2016-08-10,17:00:00,WEDNESDAY,Portland Bridges,1,CN,300.27,45.507003,-122.670775,MN,INTER,MARQUAM BRIDGE,9452,SB EX MARQUAM BR,,3161981,DRVR,52,2,PSNGR CAR,0,TURN,INJ,INJC,TURN-R,NE,CLR,DRY,DAY,0,0,0
1675068,2016-08-11,7:00:00,THURSDAY,Portland NE,2,NW,302.29,45.5342,-122.666119,MN,STRGHT,PACIFIC HY I-5,9434,NB EX WEIDLER C1,6,3162404,DRVR,31,2,PSNGR CAR,1,REAR,INJ,NONE,STRGHT,NW,CLR,DRY,DAY,0,0,0
1675068,2016-08-11,7:00:00,THURSDAY,Portland NE,2,NW,302.29,45.5342,-122.666119,MN,STRGHT,PACIFIC HY I-5,9434,NB EX WEIDLER C1,6,3162405,DRVR,27,2,PSNGR CAR,0,REAR,INJ,INJB,STOP,NW,CLR,DRY,DAY,0,0,0
1675068,2016-08-11,7:00:00,THURSDAY,Portland NE,2,NW,302.29,45.5342,-122.666119,MN,STRGHT,PACIFIC HY I-5,9434,NB EX WEIDLER C1,6,3162406,DRVR,39,2,PSNGR CAR,0,REAR,INJ,INJC,STOP,NW,CLR,DRY,DAY,0,0,0
1675301,2016-08-13,14:00:00,SATURDAY,Portland NE,1,N,302.28,45.534531,-122.666553,MN,STRGHT,PACIFIC HY I-5,9435,SB EF WILLIAMS C5,6,3162856,DRVR,18,1,PSNGR CAR,1,REAR,INJ,INJB,STRGHT,S,CLR,DRY,DAY,0,0,0
1675301,2016-08-13,14:00:00,SATURDAY,Portland NE,1,N,302.28,45.534531,-122.666553,MN,STRGHT,PACIFIC HY I-5,9435,SB EF WILLIAMS C5,6,3162857,DRVR,43,2,PSNGR CAR,0,REAR,INJ,NONE,STRGHT,S,CLR,DRY,DAY,0,0,0
1675277,2016-08-13,14:00:00,SATURDAY,Portland N,2,N,308.37,45.617878,-122.675239,MN,BRIDGE,PACIFIC HY I-5,9457,NB EF JANTZN BCH C2,3,3162808,DRVR,49,2,PSNGR CAR,1,REAR,INJ,NONE,STRGHT,N,CLR,DRY,DAY,0,0,0
1675277,2016-08-13,14:00:00,SATURDAY,Portland N,2,N,308.37,45.617878,-122.675239,MN,BRIDGE,PACIFIC HY I-5,9457,NB EF JANTZN BCH C2,3,3162809,DRVR,68,1,PSNGR CAR,0,REAR,INJ,NONE,STOP,N,CLR,DRY,DAY,0,0,0
1675277,2016-08-13,14:00:00,SATURDAY,Portland N,2,N,308.37,45.617878,-122.675239,MN,BRIDGE,PACIFIC HY I-5,9457,NB EF JANTZN BCH C2,3,3162809,PSNG,68,2,PSNGR CAR,0,REAR,INJ,INJC,STOP,N,CLR,DRY,DAY,0,0,0
1675343,2016-08-14,19:00:00,SUNDAY,Portland N,2,NW,303.09,45.543606,-122.6748,MN,STRGHT,PACIFIC HY I-5,9454,NB EX GREELEY AV C1,6,3162935,DRVR,23,2,PSNGR CAR,1,SS-O,INJ,NONE,STRGHT,NW,CLR,DRY,DAY,0,0,0
1675343,2016-08-14,19:00:00,SUNDAY,Portland N,2,NW,303.09,45.543606,-122.6748,MN,STRGHT,PACIFIC HY I-5,9454,NB EX GREELEY AV C1,6,3162935,PSNG,1,1,PSNGR CAR,1,SS-O,INJ,NO<5,STRGHT,NW,CLR,DRY,DAY,0,0,0
1675343,2016-08-14,19:00:00,SUNDAY,Portland N,2,NW,303.09,45.543606,-122.6748,MN,STRGHT,PACIFIC HY I-5,9454,NB EX GREELEY AV C1,6,3162935,PSNG,3,2,PSNGR CAR,1,SS-O,INJ,NO<5,STRGHT,NW,CLR,DRY,DAY,0,0,0
1675343,2016-08-14,19:00:00,SUNDAY,Portland N,2,NW,303.09,45.543606,-122.6748,MN,STRGHT,PACIFIC HY I-5,9454,NB EX GREELEY AV C1,6,3162935,PSNG,4,1,PSNGR CAR,1,SS-O,INJ,INJC,STRGHT,NW,CLR,DRY,DAY,0,0,0
1675343,2016-08-14,19:00:00,SUNDAY,Portland N,2,NW,303.09,45.543606,-122.6748,MN,STRGHT,PACIFIC HY I-5,9454,NB EX GREELEY AV C1,6,3162936,DRVR,25,1,PSNGR CAR,0,SS-O,INJ,NONE,STRGHT,NW,CLR,DRY,DAY,0,0,0
1685769,2016-08-15,0:00:00,MONDAY,Portland N,1,CN,302.35,45.535439,-122.666736,CN,INTER,N WILLIAMS AVE,9433,NB EF WILLIAMS C2,,3183224,DRVR,36,1,SEMI TOW,1,TURN,INJ,NONE,TURN-L,NW,CLR,DRY,DAY,0,0,0
1685769,2016-08-15,0:00:00,MONDAY,Portland N,1,CN,302.35,45.535439,-122.666736,CN,INTER,N WILLIAMS AVE,9433,NB EF WILLIAMS C2,,3183225,DRVR,60,2,PSNGR CAR,0,TURN,INJ,INJC,TURN-L,NW,CLR,DRY,DAY,0,0,0
1685769,2016-08-15,0:00:00,MONDAY,Portland N,1,CN,302.35,45.535439,-122.666736,CN,INTER,N WILLIAMS AVE,9433,NB EF WILLIAMS C2,,3183225,PSNG,1,1,PSNGR CAR,0,TURN,INJ,NO<5,TURN-L,NW,CLR,DRY,DAY,0,0,0
1675965,2016-08-15,14:00:00,MONDAY,Portland Bridges,1,SW,300.49,45.509092,-122.667256,MN,BRIDGE,MARQUAM BRIDGE,9453,NB EXTO PAC HY I-5,3,3164146,DRVR,66,2,PSNGR CAR,1,SS-O,INJ,INJC,STRGHT,NE,CLR,DRY,DAY,0,0,0
1675965,2016-08-15,14:00:00,MONDAY,Portland Bridges,1,SW,300.49,45.509092,-122.667256,MN,BRIDGE,MARQUAM BRIDGE,9453,NB EXTO PAC HY I-5,3,3164147,DRVR,37,1,PSNGR CAR,0,SS-O,INJ,NONE,STRGHT,NE,CLR,DRY,DAY,0,0,0
1667357,2016-08-16,11:00:00,TUESDAY,Portland SE,1,N,301.41,45.522006,-122.665625,MN,STRGHT,PACIFIC HY I-5,9439,SB ENFR BANFIELD C2,6,3147901,DRVR,69,2,PSNGR CAR,1,REAR,INJ,INJC,STRGHT,N,CLR,DRY,DAY,0,0,0
1667357,2016-08-16,11:00:00,TUESDAY,Portland SE,1,N,301.41,45.522006,-122.665625,MN,STRGHT,PACIFIC HY I-5,9439,SB ENFR BANFIELD C2,6,3147901,PSNG,13,2,PSNGR CAR,1,REAR,INJ,INJC,STRGHT,N,CLR,DRY,DAY,0,0,0
1667357,2016-08-16,11:00:00,TUESDAY,Portland SE,1,N,301.41,45.522006,-122.665625,MN,STRGHT,PACIFIC HY I-5,9439,SB ENFR BANFIELD C2,6,3147901,PSNG,9,2,PSNGR CAR,1,REAR,INJ,INJC,STRGHT,N,CLR,DRY,DAY,0,0,0
1667357,2016-08-16,11:00:00,TUESDAY,Portland SE,1,N,301.41,45.522006,-122.665625,MN,STRGHT,PACIFIC HY I-5,9439,SB ENFR BANFIELD C2,6,3147902,DRVR,41,1,SEMI TOW,0,REAR,INJ,NONE,STRGHT,N,CLR,DRY,DAY,0,0,0
1675919,2016-08-18,9:00:00,THURSDAY,Portland N,1,N,308.35,45.617689,-122.675719,MN,BRIDGE,PACIFIC HY I-5,9458,SB EX JANTZN BCH C4,3,3164054,DRVR,0,9,PSNGR CAR,1,REAR,INJ,NONE,STRGHT,S,CLR,DRY,DAY,0,0,0
1675919,2016-08-18,9:00:00,THURSDAY,Portland N,1,N,308.35,45.617689,-122.675719,MN,BRIDGE,PACIFIC HY I-5,9458,SB EX JANTZN BCH C4,3,3164055,DRVR,21,2,PSNGR CAR,0,REAR,INJ,INJC,STRGHT,S,CLR,DRY,DAY,0,0,0
1675919,2016-08-18,9:00:00,THURSDAY,Portland N,1,N,308.35,45.617689,-122.675719,MN,BRIDGE,PACIFIC HY I-5,9458,SB EX JANTZN BCH C4,3,3164056,DRVR,58,2,PSNGR CAR,0,REAR,INJ,NONE,STRGHT,S,CLR,DRY,DAY,0,0,0
1675919,2016-08-18,9:00:00,THURSDAY,Portland N,1,N,308.35,45.617689,-122.675719,MN,BRIDGE,PACIFIC HY I-5,9458,SB EX JANTZN BCH C4,3,3164057,DRVR,55,2,PSNGR CAR,0,REAR,INJ,NONE,STRGHT,S,CLR,DRY,DAY,0,0,0
1676064,2016-08-21,11:00:00,SUNDAY,Portland N,1,SE,302.38,45.535781,-122.667547,MN,STRGHT,PACIFIC HY I-5,9432,SB EX VANCOUVER C3,6,3164348,DRVR,32,1,PSNGR CAR,1,REAR,INJ,NONE,STRGHT,SE,CLR,DRY,DAY,0,0,0
1676064,2016-08-21,11:00:00,SUNDAY,Portland N,1,SE,302.38,45.535781,-122.667547,MN,STRGHT,PACIFIC HY I-5,9432,SB EX VANCOUVER C3,6,3164348,PSNG,32,2,PSNGR CAR,1,REAR,INJ,INJC,STRGHT,SE,CLR,DRY,DAY,0,0,0
1676064,2016-08-21,11:00:00,SUNDAY,Portland N,1,SE,302.38,45.535781,-122.667547,MN,STRGHT,PACIFIC HY I-5,9432,SB EX VANCOUVER C3,6,3164349,DRVR,29,2,PSNGR CAR,0,REAR,INJ,NONE,STRGHT,SE,CLR,DRY,DAY,0,0,0
1676132,2016-08-21,15:00:00,SUNDAY,Portland Bridges,2,NE,300.36,45.507864,-122.669286,MN,BRIDGE,MARQUAM BRIDGE,9452,SB EX MARQUAM BR,3,3164486,DRVR,32,1,PSNGR CAR,1,REAR,INJ,INJB,STRGHT,SW,CLR,DRY,DAY,0,0,0
1676132,2016-08-21,15:00:00,SUNDAY,Portland Bridges,2,NE,300.36,45.507864,-122.669286,MN,BRIDGE,MARQUAM BRIDGE,9452,SB EX MARQUAM BR,3,3164487,DRVR,36,1,PSNGR CAR,0,REAR,INJ,NONE,STOP,SW,CLR,DRY,DAY,0,0,0
1676132,2016-08-21,15:00:00,SUNDAY,Portland Bridges,2,NE,300.36,45.507864,-122.669286,MN,BRIDGE,MARQUAM BRIDGE,9452,SB EX MARQUAM BR,3,3164487,PSNG,32,2,PSNGR CAR,0,REAR,INJ,INJC,STOP,SW,CLR,DRY,DAY,0,0,0
1676132,2016-08-21,15:00:00,SUNDAY,Portland Bridges,2,NE,300.36,45.507864,-122.669286,MN,BRIDGE,MARQUAM BRIDGE,9452,SB EX MARQUAM BR,3,3164487,PSNG,2,2,PSNGR CAR,0,REAR,INJ,NO<5,STOP,SW,CLR,DRY,DAY,0,0,0
1667454,2016-08-22,13:00:00,MONDAY,Portland N,2,N,308.25,45.616317,-122.676164,MN,BRIDGE,PACIFIC HY I-5,9457,NB EF JANTZN BCH C2,3,3148088,DRVR,0,9,UNKNOWN,1,REAR,INJ,NONE,STRGHT,N,CLR,DRY,DAY,0,0,0
1667454,2016-08-22,13:00:00,MONDAY,Portland N,2,N,308.25,45.616317,-122.676164,MN,BRIDGE,PACIFIC HY I-5,9457,NB EF JANTZN BCH C2,3,3148089,DRVR,35,1,PSNGR CAR,0,REAR,INJ,INJC,STOP,N,CLR,DRY,DAY,0,0,0
1667454,2016-08-22,13:00:00,MONDAY,Portland N,2,N,308.25,45.616317,-122.676164,MN,BRIDGE,PACIFIC HY I-5,9457,NB EF JANTZN BCH C2,3,3148090,DRVR,0,9,PSNGR CAR,0,REAR,INJ,NONE,STOP,N,CLR,DRY,DAY,0,0,0
1676233,2016-08-23,11:00:00,TUESDAY,Portland N,1,N,303.15,45.544664,-122.676281,MN,BRIDGE,PACIFIC HY I-5,9455,SB EF GREELEY AV C2,6,3164686,DRVR,26,2,PSNGR CAR,1,REAR,INJ,NONE,STRGHT,S,CLR,DRY,DAY,0,0,0
1676233,2016-08-23,11:00:00,TUESDAY,Portland N,1,N,303.15,45.544664,-122.676281,MN,BRIDGE,PACIFIC HY I-5,9455,SB EF GREELEY AV C2,6,3164687,DRVR,32,2,PSNGR CAR,0,REAR,INJ,INJC,STOP,S,CLR,DRY,DAY,0,0,0
1676233,2016-08-23,11:00:00,TUESDAY,Portland N,1,N,303.15,45.544664,-122.676281,MN,BRIDGE,PACIFIC HY I-5,9455,SB EF GREELEY AV C2,6,3164687,PSNG,40,1,PSNGR CAR,0,REAR,INJ,INJC,STOP,S,CLR,DRY,DAY,0,0,0