crashid,date,hour,day,city_section,highwayid,compass,milepost,lat,lon,road_type,road_char,street_name,isect_num,isect_name,lane_quantity,vehicle_id,partic_type,age,gender,vehicle_type,striking_vehicle,collision_type,crash_severity,injury_severity,vehicle_movement,vehicle_direction,weather,road_cond,light_cond,speeding,alcohol,drug
1676264,2016-08-23,15:00:00,TUESDAY,Portland N,2,S,306.31,45.589622,-122.681611,MN,BRIDGE,PACIFIC HY I-5,9412,NB EX VICTORY BV C1,6,3164751,DRVR,58,2,PSNGR CAR,1,REAR,INJ,NONE,STRGHT,N,CLR,DRY,DAY,0,0,0
1676264,2016-08-23,15:00:00,TUESDAY,Portland N,2,S,306.31,45.589622,-122.681611,MN,BRIDGE,PACIFIC HY I-5,9412,NB EX VICTORY BV C1,6,3164752,DRVR,77,1,PSNGR CAR,0,REAR,INJ,INJC,STOP,N,CLR,DRY,DAY,0,0,0
1676277,2016-08-23,19:00:00,TUESDAY,Portland N,2,N,307.59,45.607189,-122.681553,MN,BRIDGE,PACIFIC HY I-5,9101,NB EXTO I-5 NBD,6,3164777,DRVR,26,1,PSNGR CAR,1,REAR,INJ,NONE,STRGHT,N,CLR,DRY,DAY,0,0,0
1676277,2016-08-23,19:00:00,TUESDAY,Portland N,2,N,307.59,45.607189,-122.681553,MN,BRIDGE,PACIFIC HY I-5,9101,NB EXTO I-5 NBD,6,3164778,DRVR,60,2,PSNGR CAR,0,REAR,INJ,INJC,STOP,N,CLR,DRY,DAY,0,0,0
1676277,2016-08-23,19:00:00,TUESDAY,Portland N,2,N,307.59,45.607189,-122.681553,MN,BRIDGE,PACIFIC HY I-5,9101,NB EXTO I-5 NBD,6,3164778,PSNG,58,2,PSNGR CAR,0,REAR,INJ,INJC,STOP,N,CLR,DRY,DAY,0,0,0
1676547,2016-08-24,0:00:00,WEDNESDAY,Portland SW,2,S,299.48,45.497114,-122.673275,MN,STRGHT,PACIFIC HY I-5,9492,NB EX MARQUAM BR,6,3165340,DRVR,71,2,PSNGR CAR,1,REAR,INJ,NONE,STRGHT,N,CLR,DRY,DAY,0,0,0
1676547,2016-08-24,0:00:00,WEDNESDAY,Portland SW,2,S,299.48,45.497114,-122.673275,MN,STRGHT,PACIFIC HY I-5,9492,NB EX MARQUAM BR,6,3165341,DRVR,31,2,PSNGR CAR,0,REAR,INJ,INJC,STOP,N,CLR,DRY,DAY,0,0,0
1676501,2016-08-24,0:00:00,WEDNESDAY,Portland N,1,SE,306.68,45.594836,-122.683206,CN,INTER,VICTORY BLVD,9412,NB EX VICTORY BV C1,,3165239,DRVR,20,1,PSNGR CAR,1,PED,INJ,NONE,STRGHT,NW,CLR,DRY,DAY,0,1,0
1676501,2016-08-24,0:00:00,WEDNESDAY,Portland N,1,SE,306.68,45.594836,-122.683206,CN,INTER,VICTORY BLVD,9412,NB EX VICTORY BV C1,,,CONV,64,1,,0,PED,INJ,INJB,,,CLR,DRY,DAY,0,1,0
1677187,2016-08-25,17:00:00,THURSDAY,Portland N,2,N,304.86,45.568686,-122.678503,MN,STRGHT,PACIFIC HY I-5,9422,NB EX PTLD BLVD C1,6,3166574,DRVR,16,2,PSNGR CAR,1,REAR,INJ,NONE,STRGHT,N,CLR,DRY,DAY,0,0,0
1677187,2016-08-25,17:00:00,THURSDAY,Portland N,2,N,304.86,45.568686,-122.678503,MN,STRGHT,PACIFIC HY I-5,9422,NB EX PTLD BLVD C1,6,3166575,DRVR,25,1,PSNGR CAR,0,REAR,INJ,INJC,STRGHT,N,CLR,DRY,DAY,0,0,0
1685851,2016-08-27,13:00:00,SATURDAY,Portland N,2,N,306.96,45.598408,-122.684228,MN,STRGHT,PACIFIC HY I-5,9901,EXTO MLK/MARINE C1,6,3183374,DRVR,36,2,PSNGR CAR,1,REAR,INJ,NONE,STRGHT,N,CLR,DRY,DAY,0,0,0
1685851,2016-08-27,13:00:00,SATURDAY,Portland N,2,N,306.96,45.598408,-122.684228,MN,STRGHT,PACIFIC HY I-5,9901,EXTO MLK/MARINE C1,6,3183375,DRVR,24,1,PSNGR CAR,0,REAR,INJ,INJC,STRGHT,N,CLR,DRY,DAY,0,0,0
1685851,2016-08-27,13:00:00,SATURDAY,Portland N,2,N,306.96,45.598408,-122.684228,MN,STRGHT,PACIFIC HY I-5,9901,EXTO MLK/MARINE C1,6,3183375,PSNG,0,1,PSNGR CAR,0,REAR,INJ,INJC,STRGHT,N,CLR,DRY,DAY,0,0,0
1676878,2016-08-27,17:00:00,SATURDAY,Portland N,1,CN,306.82,45.596583,-122.683992,CN,STRGHT,N VICTORY BLVD,747,N EXPO RD,1,3165980,DRVR,45,1,PSNGR CAR,1,REAR,INJ,NONE,STRGHT,S,CLR,DRY,DAY,0,1,0
1676878,2016-08-27,17:00:00,SATURDAY,Portland N,1,CN,306.82,45.596583,-122.683992,CN,STRGHT,N VICTORY BLVD,747,N EXPO RD,1,3165981,DRVR,41,1,PSNGR CAR,0,REAR,INJ,NONE,STOP,S,CLR,DRY,DAY,0,1,0
1676878,2016-08-27,17:00:00,SATURDAY,Portland N,1,CN,306.82,45.596583,-122.683992,CN,STRGHT,N VICTORY BLVD,747,N EXPO RD,1,3165981,PSNG,40,1,PSNGR CAR,0,REAR,INJ,INJC,STOP,S,CLR,DRY,DAY,0,1,0
1676891,2016-08-27,22:00:00,SATURDAY,Portland N,1,SE,302.46,45.536769,-122.668367,MN,STRGHT,PACIFIC HY I-5,9432,SB EX VANCOUVER C3,6,3166001,DRVR,33,1,PSNGR CAR,1,REAR,INJ,NONE,STRGHT,SE,CLR,DRY,DLIT,0,0,0
1676891,2016-08-27,22:00:00,SATURDAY,Portland N,1,SE,302.46,45.536769,-122.668367,MN,STRGHT,PACIFIC HY I-5,9432,SB EX VANCOUVER C3,6,3166002,DRVR,27,2,PSNGR CAR,0,REAR,INJ,INJC,STRGHT,SE,CLR,DRY,DLIT,0,0,0
1684108,2016-08-28,0:00:00,SUNDAY,Portland NE,2,SE,302.07,45.531319,-122.665192,MN,STRGHT,PACIFIC HY I-5,9434,NB EX WEIDLER C1,6,3180024,DRVR,34,1,PSNGR CAR,1,REAR,INJ,NONE,STRGHT,NW,UNK,UNK,DAY,0,0,0
1684108,2016-08-28,0:00:00,SUNDAY,Portland NE,2,SE,302.07,45.531319,-122.665192,MN,STRGHT,PACIFIC HY I-5,9434,NB EX WEIDLER C1,6,3180025,DRVR,29,2,PSNGR CAR,0,REAR,INJ,NONE,STRGHT,NW,UNK,UNK,DAY,0,0,0
1684108,2016-08-28,0:00:00,SUNDAY,Portland NE,2,SE,302.07,45.531319,-122.665192,MN,STRGHT,PACIFIC HY I-5,9434,NB EX WEIDLER C1,6,3180026,DRVR,49,2,PSNGR CAR,0,REAR,INJ,INJC,STRGHT,NW,UNK,UNK,DAY,0,0,0
1677057,2016-08-28,13:00:00,SUNDAY,Portland NE,1,N,301.95,45.529536,-122.665364,MN,STRGHT,PACIFIC HY I-5,9436,SB EX BANFIELD FY,6,3166324,DRVR,20,2,PSNGR CAR,1,REAR,INJ,NONE,STRGHT,S,CLR,DRY,DAY,0,0,0
1677057,2016-08-28,13:00:00,SUNDAY,Portland NE,1,N,301.95,45.529536,-122.665364,MN,STRGHT,PACIFIC HY I-5,9436,SB EX BANFIELD FY,6,3166325,DRVR,49,2,PSNGR CAR,0,REAR,INJ,INJC,STOP,S,CLR,DRY,DAY,0,0,0
1677586,2016-08-30,15:00:00,TUESDAY,Portland SW,1,NW,299.88,45.502433,-122.674442,MN,STRGHT,SB EF MARQUAM BR,9496,SB EX HOOD AVE C2,2,3167345,DRVR,55,2,PSNGR CAR,1,REAR,INJ,INJC,STRGHT,SE,CLR,DRY,DAY,0,0,0
1677586,2016-08-30,15:00:00,TUESDAY,Portland SW,1,NW,299.88,45.502433,-122.674442,MN,STRGHT,SB EF MARQUAM BR,9496,SB EX HOOD AVE C2,2,3167346,DRVR,33,2,PSNGR CAR,0,REAR,INJ,INJC,STOP,SE,CLR,DRY,DAY,0,0,0
1677586,2016-08-30,15:00:00,TUESDAY,Portland SW,1,NW,299.88,45.502433,-122.674442,MN,STRGHT,SB EF MARQUAM BR,9496,SB EX HOOD AVE C2,2,3167346,PSNG,7,1,PSNGR CAR,0,REAR,INJ,INJC,STOP,SE,CLR,DRY,DAY,0,0,0
1677586,2016-08-30,15:00:00,TUESDAY,Portland SW,1,NW,299.88,45.502433,-122.674442,MN,STRGHT,SB EF MARQUAM BR,9496,SB EX HOOD AVE C2,2,3167346,PSNG,1,1,PSNGR CAR,0,REAR,INJ,INJC,STOP,SE,CLR,DRY,DAY,0,0,0
1677571,2016-08-30,18:00:00,TUESDAY,Portland Bridges,1,NE,300.3,45.507283,-122.670289,MN,BRIDGE,MARQUAM BRIDGE,9452,SB EX MARQUAM BR,4,3167315,DRVR,47,2,PSNGR CAR,1,REAR,INJ,INJB,STRGHT,SW,CLR,DRY,DAY,0,0,0
1677571,2016-08-30,18:00:00,TUESDAY,Portland Bridges,1,NE,300.3,45.507283,-122.670289,MN,BRIDGE,MARQUAM BRIDGE,9452,SB EX MARQUAM BR,4,3167316,DRVR,40,1,PSNGR CAR,0,REAR,INJ,INJC,STOP,SW,CLR,DRY,DAY,0,0,0
1677571,2016-08-30,18:00:00,TUESDAY,Portland Bridges,1,NE,300.3,45.507283,-122.670289,MN,BRIDGE,MARQUAM BRIDGE,9452,SB EX MARQUAM BR,4,3167317,DRVR,20,1,PSNGR CAR,0,REAR,INJ,INJC,STOP,SW,CLR,DRY,DAY,0,0,0
1677571,2016-08-30,18:00:00,TUESDAY,Portland Bridges,1,NE,300.3,45.507283,-122.670289,MN,BRIDGE,MARQUAM BRIDGE,9452,SB EX MARQUAM BR,4,3167318,DRVR,49,2,PSNGR CAR,0,REAR,INJ,NONE,STOP,SW,CLR,DRY,DAY,0,0,0
1677730,2016-08-31,8:00:00,WEDNESDAY,Portland N,1,N,307.49,45.606222,-122.682217,MN,STRGHT,PACIFIC HY I-5,9902,SB EXTO MARINE DR,8,3167623,DRVR,0,1,PSNGR CAR,1,REAR,INJ,NONE,STRGHT,S,CLR,DRY,DAY,0,0,0
1677730,2016-08-31,8:00:00,WEDNESDAY,Portland N,1,N,307.49,45.606222,-122.682217,MN,STRGHT,PACIFIC HY I-5,9902,SB EXTO MARINE DR,8,3167624,DRVR,47,2,PSNGR CAR,0,REAR,INJ,INJC,STRGHT,S,CLR,DRY,DAY,0,0,0
1677710,2016-08-31,18:00:00,WEDNESDAY,Portland N,2,N,303.75,45.552714,-122.678517,MN,STRGHT,PACIFIC HY I-5,9428,NB EX MISSOURI C1,8,3167581,DRVR,45,2,PSNGR CAR,1,REAR,INJ,INJC,STRGHT,N,CLR,DRY,DAY,0,0,0
1677710,2016-08-31,18:00:00,WEDNESDAY,Portland N,2,N,303.75,45.552714,-122.678517,MN,STRGHT,PACIFIC HY I-5,9428,NB EX MISSOURI C1,8,3167582,DRVR,27,2,PSNGR CAR,0,REAR,INJ,INJC,STOP,N,CLR,DRY,DAY,0,0,0
1677710,2016-08-31,18:00:00,WEDNESDAY,Portland N,2,N,303.75,45.552714,-122.678517,MN,STRGHT,PACIFIC HY I-5,9428,NB EX MISSOURI C1,8,3167583,DRVR,80,1,PSNGR CAR,0,REAR,INJ,INJB,STOP,N,CLR,DRY,DAY,0,0,0
1674994,2016-09-01,19:00:00,THURSDAY,Portland SW,2,CN,299.52,45.497703,-122.67325,MN,INTER,PACIFIC HY I-5,9492,NB EX MARQUAM BR,,3162267,DRVR,36,1,PSNGR CAR,1,REAR,INJ,NONE,STRGHT,NE,RAIN,WET,DUSK,0,0,0
1674994,2016-09-01,19:00:00,THURSDAY,Portland SW,2,CN,299.52,45.497703,-122.67325,MN,INTER,PACIFIC HY I-5,9492,NB EX MARQUAM BR,,3162268,DRVR,28,1,PSNGR CAR,0,REAR,INJ,INJC,STOP,NE,RAIN,WET,DUSK,0,0,0
1675192,2016-09-02,16:00:00,FRIDAY,Portland N,1,S,305.1,45.572211,-122.678744,MN,STRGHT,PACIFIC HY I-5,9420,SB EX PTLD BLVD C3,8,3162645,DRVR,31,1,PSNGR CAR,1,REAR,INJ,NONE,STRGHT,S,CLR,DRY,DAY,1,1,0
1675192,2016-09-02,16:00:00,FRIDAY,Portland N,1,S,305.1,45.572211,-122.678744,MN,STRGHT,PACIFIC HY I-5,9420,SB EX PTLD BLVD C3,8,3162646,DRVR,35,1,PSNGR CAR,0,REAR,INJ,INJC,STRGHT,S,CLR,DRY,DAY,1,1,0
1675192,2016-09-02,16:00:00,FRIDAY,Portland N,1,S,305.1,45.572211,-122.678744,MN,STRGHT,PACIFIC HY I-5,9420,SB EX PTLD BLVD C3,8,3162646,PSNG,35,2,PSNGR CAR,0,REAR,INJ,INJC,STRGHT,S,CLR,DRY,DAY,1,1,0
1675192,2016-09-02,16:00:00,FRIDAY,Portland N,1,S,305.1,45.572211,-122.678744,MN,STRGHT,PACIFIC HY I-5,9420,SB EX PTLD BLVD C3,8,3162646,PSNG,2,1,PSNGR CAR,0,REAR,INJ,NO<5,STRGHT,S,CLR,DRY,DAY,1,1,0
1675192,2016-09-02,16:00:00,FRIDAY,Portland N,1,S,305.1,45.572211,-122.678744,MN,STRGHT,PACIFIC HY I-5,9420,SB EX PTLD BLVD C3,8,3162646,PSNG,5,2,PSNGR CAR,0,REAR,INJ,INJC,STRGHT,S,CLR,DRY,DAY,1,1,0
1675192,2016-09-02,16:00:00,FRIDAY,Portland N,1,S,305.1,45.572211,-122.678744,MN,STRGHT,PACIFIC HY I-5,9420,SB EX PTLD BLVD C3,8,3162646,PSNG,4,1,PSNGR CAR,0,REAR,INJ,NO<5,STRGHT,S,CLR,DRY,DAY,1,1,0
1675290,2016-09-03,14:00:00,SATURDAY,Portland N,1,SE,302.54,45.537758,-122.669192,MN,STRGHT,PACIFIC HY I-5,9432,SB EX VANCOUVER C3,6,3162832,DRVR,48,1,PSNGR CAR,1,REAR,INJ,NONE,STRGHT,SE,CLR,DRY,DAY,0,0,0
1675290,2016-09-03,14:00:00,SATURDAY,Portland N,1,SE,302.54,45.537758,-122.669192,MN,STRGHT,PACIFIC HY I-5,9432,SB EX VANCOUVER C3,6,3162833,DRVR,60,2,PSNGR CAR,0,REAR,INJ,INJC,STOP,SE,CLR,DRY,DAY,0,0,0
1675290,2016-09-03,14:00:00,SATURDAY,Portland N,1,SE,302.54,45.537758,-122.669192,MN,STRGHT,PACIFIC HY I-5,9432,SB EX VANCOUVER C3,6,3162833,PSNG,34,2,PSNGR CAR,0,REAR,INJ,INJC,STOP,SE,CLR,DRY,DAY,0,0,0
1675290,2016-09-03,14:00:00,SATURDAY,Portland N,1,SE,302.54,45.537758,-122.669192,MN,STRGHT,PACIFIC HY I-5,9432,SB EX VANCOUVER C3,6,3162834,DRVR,58,1,PSNGR CAR,0,REAR,INJ,INJC,STRGHT,SE,CLR,DRY,DAY,0,0,0
1675290,2016-09-03,14:00:00,SATURDAY,Portland N,1,SE,302.54,45.537758,-122.669192,MN,STRGHT,PACIFIC HY I-5,9432,SB EX VANCOUVER C3,6,3162834,PSNG,49,2,PSNGR CAR,0,REAR,INJ,INJC,STRGHT,SE,CLR,DRY,DAY,0,0,0
1676676,2016-09-04,17:00:00,SUNDAY,Portland N,2,S,308.08,45.6141,-122.677453,MN,BRIDGE,PACIFIC HY I-5,9457,NB EF JANTZN BCH C2,6,3165585,DRVR,35,1,PSNGR CAR,1,REAR,INJ,INJB,STRGHT,N,CLR,DRY,DAY,0,0,0
1676676,2016-09-04,17:00:00,SUNDAY,Portland N,2,S,308.08,45.6141,-122.677453,MN,BRIDGE,PACIFIC HY I-5,9457,NB EF JANTZN BCH C2,6,3165586,DRVR,49,1,PSNGR CAR,0,REAR,INJ,INJB,STOP,N,CLR,DRY,DAY,0,0,0
1676676,2016-09-04,17:00:00,SUNDAY,Portland N,2,S,308.08,45.6141,-122.677453,MN,BRIDGE,PACIFIC HY I-5,9457,NB EF JANTZN BCH C2,6,3165586,PSNG,40,2,PSNGR CAR,0,REAR,INJ,INJB,STOP,N,CLR,DRY,DAY,0,0,0
1676676,2016-09-04,17:00:00,SUNDAY,Portland N,2,S,308.08,45.6141,-122.677453,MN,BRIDGE,PACIFIC HY I-5,9457,NB EF JANTZN BCH C2,6,3165587,DRVR,35,1,PSNGR CAR,0,REAR,INJ,NONE,STOP,N,CLR,DRY,DAY,0,0,0
1675643,2016-09-06,7:00:00,TUESDAY,Portland N,1,CN,302.62,45.546422,-122.682622,CN,INTER,N GREELEY AVE,9455,SB EF GREELEY AV C2,,3163535,DRVR,38,2,PSNGR CAR,1,FIX,INJ,INJC,TURN-R,SE,RAIN,WET,DAY,0,0,0
1675623,2016-09-06,14:00:00,TUESDAY,Portland NE,1,CN,302.28,45.534369,-122.665719,CN,INTER,NE WEIDLER ST,9434,NB EX WEIDLER C1,,3163500,DRVR,24,2,PSNGR CAR,1,ANGL,INJ,NONE,STRGHT,N,CLR,DRY,DAY,0,0,0
1675623,2016-09-06,14:00:00,TUESDAY,Portland NE,1,CN,302.28,45.534369,-122.665719,CN,INTER,NE WEIDLER ST,9434,NB EX WEIDLER C1,,3163501,DRVR,34,1,PSNGR CAR,0,ANGL,INJ,INJC,STRGHT,E,CLR,DRY,DAY,0,0,0
1675656,2016-09-06,17:00:00,TUESDAY,Portland SW,1,N,299.84,45.501858,-122.674267,MN,STRGHT,SB EF MARQUAM BR,9496,SB EX HOOD AVE C2,4,3163559,DRVR,50,1,SEMI TOW,1,REAR,INJ,NONE,STRGHT,SE,CLR,DRY,DAY,0,0,0
1675656,2016-09-06,17:00:00,TUESDAY,Portland SW,1,N,299.84,45.501858,-122.674267,MN,STRGHT,SB EF MARQUAM BR,9496,SB EX HOOD AVE C2,4,3163560,DRVR,18,1,PSNGR CAR,0,REAR,INJ,INJC,STRGHT,SE,CLR,DRY,DAY,0,0,0
1675656,2016-09-06,17:00:00,TUESDAY,Portland SW,1,N,299.84,45.501858,-122.674267,MN,STRGHT,SB EF MARQUAM BR,9496,SB EX HOOD AVE C2,4,3163561,DRVR,28,2,PSNGR CAR,0,REAR,INJ,NONE,STOP,SE,CLR,DRY,DAY,0,0,0
1675616,2016-09-06,18:00:00,TUESDAY,Portland Bridges,1,N,300.27,45.507003,-122.670775,MN,INTER,MARQUAM BRIDGE,9452,SB EX MARQUAM BR,,3163487,DRVR,0,1,MOTRHOME,1,SS-O,INJ,NONE,STRGHT,N,CLR,DRY,DAY,0,0,0
1675616,2016-09-06,18:00:00,TUESDAY,Portland Bridges,1,N,300.27,45.507003,-122.670775,MN,INTER,MARQUAM BRIDGE,9452,SB EX MARQUAM BR,,3163488,DRVR,55,2,PSNGR CAR,0,SS-O,INJ,INJB,STRGHT,N,CLR,DRY,DAY,0,0,0
1675681,2016-09-07,13:00:00,WEDNESDAY,Portland NE,2,SE,302,45.530367,-122.665167,MN,BRIDGE,PACIFIC HY I-5,9434,NB EX WEIDLER C1,6,3163607,DRVR,55,1,PSNGR CAR,1,SS-O,INJ,NONE,STRGHT,NW,CLR,DRY,DAY,0,0,0
1675681,2016-09-07,13:00:00,WEDNESDAY,Portland NE,2,SE,302,45.530367,-122.665167,MN,BRIDGE,PACIFIC HY I-5,9434,NB EX WEIDLER C1,6,3163608,DRVR,47,9,PSNGR CAR,0,SS-O,INJ,NONE,STRGHT,NW,CLR,DRY,DAY,0,0,0
1675681,2016-09-07,13:00:00,WEDNESDAY,Portland NE,2,SE,302,45.530367,-122.665167,MN,BRIDGE,PACIFIC HY I-5,9434,NB EX WEIDLER C1,6,3163609,DRVR,32,2,PSNGR CAR,0,SS-O,INJ,INJC,STOP,NW,CLR,DRY,DAY,0,0,0
1675721,2016-09-08,0:00:00,THURSDAY,Portland NE,2,NW,302.35,45.534925,-122.666636,MN,STRGHT,PACIFIC HY I-5,9434,NB EX WEIDLER C1,4,3163681,DRVR,44,2,PSNGR CAR,1,REAR,INJ,NONE,STRGHT,NW,CLR,DRY,DAY,0,0,0
1675721,2016-09-08,0:00:00,THURSDAY,Portland NE,2,NW,302.35,45.534925,-122.666636,MN,STRGHT,PACIFIC HY I-5,9434,NB EX WEIDLER C1,4,3163682,DRVR,59,2,PSNGR CAR,0,REAR,INJ,INJB,STOP,NW,CLR,DRY,DAY,0,0,0
1676790,2016-09-10,15:00:00,SATURDAY,Portland SE,2,CN,300.66,45.511153,-122.666828,MN,INTER,PACIFIC HY I-5,9452,SB EX MARQUAM BR,,3165809,DRVR,67,1,PSNGR CAR,1,REAR,INJ,NONE,STRGHT,N,CLR,DRY,DAY,0,0,0
1676790,2016-09-10,15:00:00,SATURDAY,Portland SE,2,CN,300.66,45.511153,-122.666828,MN,INTER,PACIFIC HY I-5,9452,SB EX MARQUAM BR,,3165809,PSNG,62,2,PSNGR CAR,1,REAR,INJ,INJB,STRGHT,N,CLR,DRY,DAY,0,0,0
1676790,2016-09-10,15:00:00,SATURDAY,Portland SE,2,CN,300.66,45.511153,-122.666828,MN,INTER,PACIFIC HY I-5,9452,SB EX MARQUAM BR,,3165810,DRVR,45,2,PSNGR CAR,0,REAR,INJ,NONE,STRGHT,N,CLR,DRY,DAY,0,0,0
1705437,2016-09-11,18:00:00,SUNDAY,Portland NE,2,N,302,45.530367,-122.665167,MN,STRGHT,PACIFIC HY I-5,9437,NB EF BANFIELD FY,6,3218464,DRVR,45,1,PSNGR CAR,1,REAR,INJ,NONE,STRGHT,N,CLR,DRY,DAY,0,0,0
1705437,2016-09-11,18:00:00,SUNDAY,Portland NE,2,N,302,45.530367,-122.665167,MN,STRGHT,PACIFIC HY I-5,9437,NB EF BANFIELD FY,6,3218465,DRVR,30,2,PSNGR CAR,0,REAR,INJ,INJC,STOP,N,CLR,DRY,DAY,0,0,0
1677078,2016-09-13,13:00:00,TUESDAY,Portland SE,1,CN,302.13,45.519153,-122.666481,CN,INTER,SB EX BELMONT ST C2,9448,SB EXTO MORRSN BR C7,,3166364,DRVR,57,1,PSNGR CAR,1,REAR,INJ,NONE,STRGHT,S,CLR,DRY,DAY,0,0,0
1677078,2016-09-13,13:00:00,TUESDAY,Portland SE,1,CN,302.13,45.519153,-122.666481,CN,INTER,SB EX BELMONT ST C2,9448,SB EXTO MORRSN BR C7,,3166365,DRVR,55,2,PSNGR CAR,0,REAR,INJ,NONE,STOP,S,CLR,DRY,DAY,0,0,0
1677078,2016-09-13,13:00:00,TUESDAY,Portland SE,1,CN,302.13,45.519153,-122.666481,CN,INTER,SB EX BELMONT ST C2,9448,SB EXTO MORRSN BR C7,,3166365,PSNG,39,1,PSNGR CAR,0,REAR,INJ,INJC,STOP,S,CLR,DRY,DAY,0,0,0
1706189,2016-09-13,17:00:00,TUESDAY,Portland SW,1,NW,299.85,45.502,-122.674317,MN,STRGHT,SB EF MARQUAM BR,9496,SB EX HOOD AVE C2,2,3219830,DRVR,51,2,PSNGR CAR,1,REAR,INJ,INJC,STRGHT,SE,CLR,DRY,DAY,0,0,0
1706189,2016-09-13,17:00:00,TUESDAY,Portland SW,1,NW,299.85,45.502,-122.674317,MN,STRGHT,SB EF MARQUAM BR,9496,SB EX HOOD AVE C2,2,3219831,DRVR,23,1,PSNGR CAR,0,REAR,INJ,NONE,STOP,SE,CLR,DRY,DAY,0,0,0
1706189,2016-09-13,17:00:00,TUESDAY,Portland SW,1,NW,299.85,45.502,-122.674317,MN,STRGHT,SB EF MARQUAM BR,9496,SB EX HOOD AVE C2,2,3219831,PSNG,2,1,PSNGR CAR,0,REAR,INJ,NO<5,STOP,SE,CLR,DRY,DAY,0,0,0
1677634,2016-09-14,11:00:00,WEDNESDAY,Portland N,1,NE,308.21,45.613597,-122.68115,CN,INTER,N HAYDEN ISLAND DR,9456,NB EX JANTZN BCH C1,,3167434,DRVR,0,1,PSNGR CAR,1,TURN,INJ,NONE,STRGHT,SW,CLR,DRY,DAY,0,0,0
1677634,2016-09-14,11:00:00,WEDNESDAY,Portland N,1,NE,308.21,45.613597,-122.68115,CN,INTER,N HAYDEN ISLAND DR,9456,NB EX JANTZN BCH C1,,3167435,DRVR,51,2,PSNGR CAR,0,TURN,INJ,INJC,TURN-R,W,CLR,DRY,DAY,0,0,0
1677669,2016-09-15,17:00:00,THURSDAY,Portland N,2,S,307.66,45.608203,-122.680939,MN,BRIDGE,PACIFIC HY I-5,9456,NB EX JANTZN BCH C1,8,3167500,DRVR,31,1,PSNGR CAR,1,SS-O,INJ,INJC,STRGHT,N,CLR,DRY,DAY,0,0,0
1677669,2016-09-15,17:00:00,THURSDAY,Portland N,2,S,307.66,45.608203,-122.680939,MN,BRIDGE,PACIFIC HY I-5,9456,NB EX JANTZN BCH C1,8,3167501,DRVR,25,9,PSNGR CAR,0,SS-O,INJ,NONE,STRGHT,N,CLR,DRY,DAY,0,0,0
1678083,2016-09-17,19:00:00,SATURDAY,Portland N,1,E,303.78,45.555606,-122.677497,CN,CURVE,NB EF GOING ST C2,1581,N MONTANA AVE,3,3168322,DRVR,59,1,PSNGR CAR,1,FIX,INJ,INJB,STRGHT,W,RAIN,WET,DUSK,0,0,0
1685996,2016-09-19,5:00:00,MONDAY,Portland N,2,N,305.98,45.584833,-122.679453,MN,STRGHT,PACIFIC HY I-5,9414,NB EX COL BLVD C1,6,3183665,DRVR,0,1,TRUCK,1,SS-O,INJ,NONE,STRGHT,N,CLR,DRY,DAWN,0,0,0
1685996,2016-09-19,5:00:00,MONDAY,Portland N,2,N,305.98,45.584833,-122.679453,MN,STRGHT,PACIFIC HY I-5,9414,NB EX COL BLVD C1,6,3183666,DRVR,28,1,PSNGR CAR,0,SS-O,INJ,INJC,STRGHT,N,CLR,DRY,DAWN,0,0,0
1678464,2016-09-21,7:00:00,WEDNESDAY,Portland SE,2,CN,300.66,45.511153,-122.666828,MN,INTER,PACIFIC HY I-5,9460,NB EXTO BANFIELD C1,,3169061,DRVR,28,2,PSNGR CAR,1,REAR,INJ,INJC,STRGHT,NE,CLR,DRY,DAWN,0,0,0
1678464,2016-09-21,7:00:00,WEDNESDAY,Portland SE,2,CN,300.66,45.511153,-122.666828,MN,INTER,PACIFIC HY I-5,9460,NB EXTO BANFIELD C1,,3169062,DRVR,0,2,PSNGR CAR,0,REAR,INJ,NONE,STOP,NE,CLR,DRY,DAWN,0,0,0
1678464,2016-09-21,7:00:00,WEDNESDAY,Portland SE,2,CN,300.66,45.511153,-122.666828,MN,INTER,PACIFIC HY I-5,9460,NB EXTO BANFIELD C1,,3169063,DRVR,0,1,PSNGR CAR,0,REAR,INJ,NONE,STOP,NE,CLR,DRY,DAWN,0,0,0
1678464,2016-09-21,7:00:00,WEDNESDAY,Portland SE,2,CN,300.66,45.511153,-122.666828,MN,INTER,PACIFIC HY I-5,9460,NB EXTO BANFIELD C1,,3169064,DRVR,27,2,PSNGR CAR,0,REAR,INJ,INJC,STOP,NE,CLR,DRY,DAWN,0,0,0