crashid,date,hour,day,city_section,highwayid,compass,milepost,lat,lon,road_type,road_char,street_name,isect_num,isect_name,lane_quantity,vehicle_id,partic_type,age,gender,vehicle_type,striking_vehicle,collision_type,crash_severity,injury_severity,vehicle_movement,vehicle_direction,weather,road_cond,light_cond,speeding,alcohol,drug
1676086,2016-09-23,0:00:00,FRIDAY,Portland SE,1,NE,300.74,45.512256,-122.667314,CN,BRIDGE,NB EXTO BANFIELD C1,302,PACIFIC HY I-5,2,3164393,DRVR,35,1,PSNGR CAR,1,REAR,INJ,NONE,STRGHT,NE,CLR,DRY,DAY,0,0,0
1676086,2016-09-23,0:00:00,FRIDAY,Portland SE,1,NE,300.74,45.512256,-122.667314,CN,BRIDGE,NB EXTO BANFIELD C1,302,PACIFIC HY I-5,2,3164394,DRVR,58,1,PSNGR CAR,0,REAR,INJ,INJC,STRGHT,NE,CLR,DRY,DAY,0,0,0
1676090,2016-09-23,10:00:00,FRIDAY,Portland SE,1,S,301.23,45.519494,-122.665922,CN,BRIDGE,NB EF MORRISN BR C3,9451,NB ENFR MORRISON ST,1,3164402,DRVR,27,1,PSNGR CAR,1,REAR,INJ,NONE,STRGHT,N,UNK,UNK,DAY,0,0,0
1676090,2016-09-23,10:00:00,FRIDAY,Portland SE,1,S,301.23,45.519494,-122.665922,CN,BRIDGE,NB EF MORRISN BR C3,9451,NB ENFR MORRISON ST,1,3164403,DRVR,41,1,PSNGR CAR,0,REAR,INJ,INJC,STRGHT,N,UNK,UNK,DAY,0,0,0
1676088,2016-09-23,16:00:00,FRIDAY,Portland N,1,NW,302.61,45.538608,-122.669936,MN,STRGHT,PACIFIC HY I-5,9432,SB EX VANCOUVER C3,6,3164397,DRVR,20,1,PSNGR CAR,1,REAR,INJ,NONE,STRGHT,SE,CLR,DRY,DAY,0,0,0
1676088,2016-09-23,16:00:00,FRIDAY,Portland N,1,NW,302.61,45.538608,-122.669936,MN,STRGHT,PACIFIC HY I-5,9432,SB EX VANCOUVER C3,6,3164398,DRVR,45,1,PSNGR CAR,0,REAR,INJ,INJC,STRGHT,SE,CLR,DRY,DAY,0,0,0
1676549,2016-09-24,11:00:00,SATURDAY,Portland Bridges,2,W,300.43,45.508467,-122.668244,MN,BRIDGE,MARQUAM BRIDGE,9453,NB EXTO PAC HY I-5,4,3165344,DRVR,55,1,MTRCYCLE,1,REAR,INJ,INJB,STRGHT,E,CLR,DRY,DAY,0,0,0
1676549,2016-09-24,11:00:00,SATURDAY,Portland Bridges,2,W,300.43,45.508467,-122.668244,MN,BRIDGE,MARQUAM BRIDGE,9453,NB EXTO PAC HY I-5,4,3165345,DRVR,33,1,PSNGR CAR,0,REAR,INJ,NONE,STOP,E,CLR,DRY,DAY,0,0,0
1678693,2016-09-24,13:00:00,SATURDAY,Portland N,2,CN,302.68,45.538769,-122.669844,MN,INTER,PACIFIC HY I-5,9433,NB EF WILLIAMS C2,,3169503,DRVR,20,1,PSNGR CAR,1,REAR,INJ,NONE,STRGHT,NW,CLR,DRY,DAY,0,0,0
1678693,2016-09-24,13:00:00,SATURDAY,Portland N,2,CN,302.68,45.538769,-122.669844,MN,INTER,PACIFIC HY I-5,9433,NB EF WILLIAMS C2,,3169504,DRVR,28,2,PSNGR CAR,0,REAR,INJ,INJC,STRGHT,NW,CLR,DRY,DAY,0,0,0
1675954,2016-09-25,15:00:00,SUNDAY,Portland N,1,NW,303.1,45.544114,-122.675611,MN,BRIDGE,PACIFIC HY I-5,9432,SB EX VANCOUVER C3,4,3164123,DRVR,62,1,PSNGR CAR,1,REAR,INJ,INJC,STRGHT,SE,CLR,DRY,DAY,0,0,0
1675954,2016-09-25,15:00:00,SUNDAY,Portland N,1,NW,303.1,45.544114,-122.675611,MN,BRIDGE,PACIFIC HY I-5,9432,SB EX VANCOUVER C3,4,3164124,DRVR,51,1,PSNGR CAR,0,REAR,INJ,NONE,STRGHT,SE,CLR,DRY,DAY,0,0,0
1675915,2016-09-25,15:00:00,SUNDAY,Portland N,2,S,307.77,45.609792,-122.679967,MN,INTER,PACIFIC HY I-5,9456,NB EX JANTZN BCH C1,,3164046,DRVR,71,2,PSNGR CAR,1,REAR,INJ,NONE,STRGHT,N,CLR,DRY,DAY,0,0,0
1675915,2016-09-25,15:00:00,SUNDAY,Portland N,2,S,307.77,45.609792,-122.679967,MN,INTER,PACIFIC HY I-5,9456,NB EX JANTZN BCH C1,,3164047,DRVR,16,2,PSNGR CAR,0,REAR,INJ,INJC,STOP,N,CLR,DRY,DAY,0,0,0
1675915,2016-09-25,15:00:00,SUNDAY,Portland N,2,S,307.77,45.609792,-122.679967,MN,INTER,PACIFIC HY I-5,9456,NB EX JANTZN BCH C1,,3164047,PSNG,13,2,PSNGR CAR,0,REAR,INJ,INJC,STOP,N,CLR,DRY,DAY,0,0,0
1676720,2016-09-25,20:00:00,SUNDAY,Portland SE,1,NE,300.71,45.511839,-122.667153,CN,BRIDGE,NB EXTO BANFIELD C1,302,PACIFIC HY I-5,2,3165669,DRVR,39,1,PSNGR CAR,1,REAR,INJ,NONE,STRGHT,NE,CLR,DRY,DLIT,0,0,0
1676720,2016-09-25,20:00:00,SUNDAY,Portland SE,1,NE,300.71,45.511839,-122.667153,CN,BRIDGE,NB EXTO BANFIELD C1,302,PACIFIC HY I-5,2,3165670,DRVR,65,1,PSNGR CAR,0,REAR,INJ,INJC,STOP,NE,CLR,DRY,DLIT,0,0,0
1676720,2016-09-25,20:00:00,SUNDAY,Portland SE,1,NE,300.71,45.511839,-122.667153,CN,BRIDGE,NB EXTO BANFIELD C1,302,PACIFIC HY I-5,2,3165670,PSNG,62,2,PSNGR CAR,0,REAR,INJ,INJC,STOP,NE,CLR,DRY,DLIT,0,0,0
1676720,2016-09-25,20:00:00,SUNDAY,Portland SE,1,NE,300.71,45.511839,-122.667153,CN,BRIDGE,NB EXTO BANFIELD C1,302,PACIFIC HY I-5,2,3165670,PSNG,9,2,PSNGR CAR,0,REAR,INJ,INJC,STOP,NE,CLR,DRY,DLIT,0,0,0
1676720,2016-09-25,20:00:00,SUNDAY,Portland SE,1,NE,300.71,45.511839,-122.667153,CN,BRIDGE,NB EXTO BANFIELD C1,302,PACIFIC HY I-5,2,3165670,PSNG,11,1,PSNGR CAR,0,REAR,INJ,INJC,STOP,NE,CLR,DRY,DLIT,0,0,0
1676179,2016-09-26,16:00:00,MONDAY,Portland Bridges,2,E,300.4,45.508208,-122.668692,MN,BRIDGE,MARQUAM BRIDGE,9551,WB EF MARQUAM BR C1,8,3164579,DRVR,29,2,PSNGR CAR,1,REAR,INJ,NONE,STRGHT,E,CLR,DRY,DAY,0,0,0
1676179,2016-09-26,16:00:00,MONDAY,Portland Bridges,2,E,300.4,45.508208,-122.668692,MN,BRIDGE,MARQUAM BRIDGE,9551,WB EF MARQUAM BR C1,8,3164580,DRVR,28,1,PSNGR CAR,0,REAR,INJ,INJC,STOP,E,CLR,DRY,DAY,0,0,0
1676725,2016-09-27,18:00:00,TUESDAY,Portland N,2,S,303.72,45.552233,-122.678525,MN,STRGHT,PACIFIC HY I-5,9428,NB EX MISSOURI C1,8,3165678,DRVR,27,2,PSNGR CAR,1,REAR,INJ,INJB,STRGHT,N,CLR,DRY,DAY,0,0,0
1676725,2016-09-27,18:00:00,TUESDAY,Portland N,2,S,303.72,45.552233,-122.678525,MN,STRGHT,PACIFIC HY I-5,9428,NB EX MISSOURI C1,8,3165679,DRVR,72,1,PSNGR CAR,0,REAR,INJ,INJC,STOP,N,CLR,DRY,DAY,0,0,0
1676725,2016-09-27,18:00:00,TUESDAY,Portland N,2,S,303.72,45.552233,-122.678525,MN,STRGHT,PACIFIC HY I-5,9428,NB EX MISSOURI C1,8,3165679,PSNG,70,2,PSNGR CAR,0,REAR,INJ,INJC,STOP,N,CLR,DRY,DAY,0,0,0
1676725,2016-09-27,18:00:00,TUESDAY,Portland N,2,S,303.72,45.552233,-122.678525,MN,STRGHT,PACIFIC HY I-5,9428,NB EX MISSOURI C1,8,3165680,DRVR,36,2,PSNGR CAR,0,REAR,INJ,INJC,STOP,N,CLR,DRY,DAY,0,0,0
1676255,2016-09-28,0:00:00,WEDNESDAY,Portland NE,2,S,301.84,45.528147,-122.665211,MN,STRGHT,PACIFIC HY I-5,9434,NB EX WEIDLER C1,4,3164732,DRVR,30,2,PSNGR CAR,1,REAR,INJ,NONE,STRGHT,S,CLR,DRY,DAY,0,0,0
1676255,2016-09-28,0:00:00,WEDNESDAY,Portland NE,2,S,301.84,45.528147,-122.665211,MN,STRGHT,PACIFIC HY I-5,9434,NB EX WEIDLER C1,4,3164733,DRVR,65,2,PSNGR CAR,0,REAR,INJ,INJC,STRGHT,S,CLR,DRY,DAY,0,0,0
1676307,2016-09-28,17:00:00,WEDNESDAY,Portland Bridges,1,NE,300.35,45.507753,-122.669481,MN,BRIDGE,MARQUAM BRIDGE,9551,WB EF MARQUAM BR C1,6,3164833,DRVR,52,1,PSNGR CAR,1,REAR,INJ,INJC,STRGHT,NE,CLR,DRY,DAY,0,0,0
1676307,2016-09-28,17:00:00,WEDNESDAY,Portland Bridges,1,NE,300.35,45.507753,-122.669481,MN,BRIDGE,MARQUAM BRIDGE,9551,WB EF MARQUAM BR C1,6,3164834,DRVR,57,1,PSNGR CAR,0,REAR,INJ,INJC,STRGHT,NE,CLR,DRY,DAY,0,0,0
1684031,2016-10-01,20:00:00,SATURDAY,Portland N,1,N,308.15,45.615067,-122.677256,MN,BRIDGE,PACIFIC HY I-5,9458,SB EX JANTZN BCH C4,6,3179853,DRVR,63,2,TRUCK,1,SS-O,INJ,NONE,STRGHT,S,RAIN,WET,DLIT,0,0,0
1684031,2016-10-01,20:00:00,SATURDAY,Portland N,1,N,308.15,45.615067,-122.677256,MN,BRIDGE,PACIFIC HY I-5,9458,SB EX JANTZN BCH C4,6,3179854,DRVR,19,2,PSNGR CAR,0,SS-O,INJ,INJC,STRGHT,S,RAIN,WET,DLIT,0,0,0
1684031,2016-10-01,20:00:00,SATURDAY,Portland N,1,N,308.15,45.615067,-122.677256,MN,BRIDGE,PACIFIC HY I-5,9458,SB EX JANTZN BCH C4,6,3179854,PSNG,1,1,PSNGR CAR,0,SS-O,INJ,NO<5,STRGHT,S,RAIN,WET,DLIT,0,0,0
1708954,2016-10-02,9:00:00,SUNDAY,Portland N,1,N,303.18,45.544728,-122.676158,CN,CURVE,NB EX GREELEY AV C1,322,PACIFIC HY I-5,1,3224891,DRVR,31,2,PSNGR CAR,1,FIX,INJ,INJB,STRGHT,N,RAIN,WET,DAY,1,0,0
1686391,2016-10-03,17:00:00,MONDAY,Portland N,1,SE,302.41,45.53615,-122.667856,MN,STRGHT,PACIFIC HY I-5,9432,SB EX VANCOUVER C3,6,3184420,DRVR,0,1,UNKNOWN,1,REAR,INJ,NONE,STRGHT,SE,RAIN,WET,DUSK,0,0,0
1686391,2016-10-03,17:00:00,MONDAY,Portland N,1,SE,302.41,45.53615,-122.667856,MN,STRGHT,PACIFIC HY I-5,9432,SB EX VANCOUVER C3,6,3184421,DRVR,40,2,PSNGR CAR,0,REAR,INJ,INJC,STOP,SE,RAIN,WET,DUSK,0,0,0
1678084,2016-10-04,6:00:00,TUESDAY,Portland SE,1,N,302.1,45.519539,-122.666561,CN,BRIDGE,SB EXTO MORRSN BR C7,9446,SB EX BELMONT ST C2,2,3168323,DRVR,45,1,PSNGR CAR,1,REAR,INJ,NONE,STRGHT,S,CLD,WET,DLIT,0,0,0
1678084,2016-10-04,6:00:00,TUESDAY,Portland SE,1,N,302.1,45.519539,-122.666561,CN,BRIDGE,SB EXTO MORRSN BR C7,9446,SB EX BELMONT ST C2,2,3168324,DRVR,53,2,PSNGR CAR,0,REAR,INJ,INJC,STOP,S,CLD,WET,DLIT,0,0,0
1678023,2016-10-05,0:00:00,WEDNESDAY,Portland N,1,NW,302.65,45.539094,-122.670336,MN,STRGHT,PACIFIC HY I-5,9432,SB EX VANCOUVER C3,6,3168211,DRVR,53,1,TRUCK,1,REAR,INJ,NONE,STRGHT,SE,RAIN,WET,DAY,0,0,0
1678023,2016-10-05,0:00:00,WEDNESDAY,Portland N,1,NW,302.65,45.539094,-122.670336,MN,STRGHT,PACIFIC HY I-5,9432,SB EX VANCOUVER C3,6,3168212,DRVR,48,1,PSNGR CAR,0,REAR,INJ,INJC,STRGHT,SE,RAIN,WET,DAY,0,0,0
1678455,2016-10-08,22:00:00,SATURDAY,Portland N,1,N,304.82,45.568367,-122.678683,MN,STRGHT,PACIFIC HY I-5,9421,SB EF PTLD BLVD C4,6,3169043,DRVR,39,1,PSNGR CAR,1,REAR,INJ,NONE,STRGHT,S,RAIN,WET,DLIT,0,0,0
1678455,2016-10-08,22:00:00,SATURDAY,Portland N,1,N,304.82,45.568367,-122.678683,MN,STRGHT,PACIFIC HY I-5,9421,SB EF PTLD BLVD C4,6,3169044,DRVR,40,1,PSNGR CAR,0,REAR,INJ,INJC,STOP,S,RAIN,WET,DLIT,0,0,0
1678052,2016-10-09,18:00:00,SUNDAY,Portland NE,1,N,301.93,45.529114,-122.665369,MN,STRGHT,PACIFIC HY I-5,9436,SB EX BANFIELD FY,6,3168264,DRVR,0,9,PSNGR CAR,1,REAR,INJ,NONE,STRGHT,S,RAIN,WET,DAY,0,0,0
1678052,2016-10-09,18:00:00,SUNDAY,Portland NE,1,N,301.93,45.529114,-122.665369,MN,STRGHT,PACIFIC HY I-5,9436,SB EX BANFIELD FY,6,3168265,DRVR,42,2,PSNGR CAR,0,REAR,INJ,INJC,STRGHT,S,RAIN,WET,DAY,0,0,0
1679004,2016-10-11,6:00:00,TUESDAY,Portland SW,1,NW,299.87,45.502289,-122.674406,MN,STRGHT,SB EF MARQUAM BR,9496,SB EX HOOD AVE C2,2,3170088,DRVR,36,1,PSNGR CAR,1,REAR,INJ,INJC,STRGHT,SE,FOG,DRY,DAWN,0,0,0
1679004,2016-10-11,6:00:00,TUESDAY,Portland SW,1,NW,299.87,45.502289,-122.674406,MN,STRGHT,SB EF MARQUAM BR,9496,SB EX HOOD AVE C2,2,3170089,DRVR,20,1,PSNGR CAR,0,REAR,INJ,NONE,STRGHT,SE,FOG,DRY,DAWN,0,0,0
1686141,2016-10-11,8:00:00,TUESDAY,Portland NE,2,NW,302.13,45.532125,-122.6653,MN,STRGHT,PACIFIC HY I-5,9434,NB EX WEIDLER C1,6,3183950,DRVR,34,1,PSNGR CAR,1,REAR,INJ,INJC,STRGHT,NW,CLR,DRY,DAY,0,0,0
1686141,2016-10-11,8:00:00,TUESDAY,Portland NE,2,NW,302.13,45.532125,-122.6653,MN,STRGHT,PACIFIC HY I-5,9434,NB EX WEIDLER C1,6,3183951,DRVR,31,2,PSNGR CAR,0,REAR,INJ,INJC,STOP,NW,CLR,DRY,DAY,0,0,0
1678995,2016-10-11,15:00:00,TUESDAY,Portland SE,2,S,300.63,45.510758,-122.666689,MN,BRIDGE,PACIFIC HY I-5,9460,NB EXTO BANFIELD C1,4,3170073,DRVR,18,1,PSNGR CAR,1,REAR,INJ,NONE,STRGHT,N,CLR,DRY,DAY,0,0,0
1678995,2016-10-11,15:00:00,TUESDAY,Portland SE,2,S,300.63,45.510758,-122.666689,MN,BRIDGE,PACIFIC HY I-5,9460,NB EXTO BANFIELD C1,4,3170074,DRVR,27,2,PSNGR CAR,0,REAR,INJ,INJC,STRGHT,N,CLR,DRY,DAY,0,0,0
1678995,2016-10-11,15:00:00,TUESDAY,Portland SE,2,S,300.63,45.510758,-122.666689,MN,BRIDGE,PACIFIC HY I-5,9460,NB EXTO BANFIELD C1,4,3170074,PSNG,3,1,PSNGR CAR,0,REAR,INJ,NO<5,STRGHT,N,CLR,DRY,DAY,0,0,0
1678995,2016-10-11,15:00:00,TUESDAY,Portland SE,2,S,300.63,45.510758,-122.666689,MN,BRIDGE,PACIFIC HY I-5,9460,NB EXTO BANFIELD C1,4,3170074,PSNG,1,1,PSNGR CAR,0,REAR,INJ,NO<5,STRGHT,N,CLR,DRY,DAY,0,0,0
1678995,2016-10-11,15:00:00,TUESDAY,Portland SE,2,S,300.63,45.510758,-122.666689,MN,BRIDGE,PACIFIC HY I-5,9460,NB EXTO BANFIELD C1,4,3170075,DRVR,31,1,PSNGR CAR,0,REAR,INJ,NONE,STRGHT,N,CLR,DRY,DAY,0,0,0
1680395,2016-10-11,17:00:00,TUESDAY,Portland SW,2,S,299.49,45.497261,-122.673267,MN,STRGHT,PACIFIC HY I-5,9492,NB EX MARQUAM BR,6,3172776,DRVR,26,2,PSNGR CAR,1,REAR,INJ,NONE,STRGHT,N,CLR,DRY,DAY,0,0,0
1680395,2016-10-11,17:00:00,TUESDAY,Portland SW,2,S,299.49,45.497261,-122.673267,MN,STRGHT,PACIFIC HY I-5,9492,NB EX MARQUAM BR,6,3172777,DRVR,46,1,PSNGR CAR,0,REAR,INJ,INJC,STOP,N,CLR,DRY,DAY,0,0,0
1678722,2016-10-12,8:00:00,WEDNESDAY,Portland NE,1,N,301.92,45.528903,-122.665375,MN,STRGHT,PACIFIC HY I-5,9436,SB EX BANFIELD FY,6,3169559,DRVR,24,1,PSNGR CAR,1,REAR,INJ,NONE,STRGHT,S,CLR,DRY,DAY,0,0,0
1678722,2016-10-12,8:00:00,WEDNESDAY,Portland NE,1,N,301.92,45.528903,-122.665375,MN,STRGHT,PACIFIC HY I-5,9436,SB EX BANFIELD FY,6,3169560,DRVR,20,2,PSNGR CAR,0,REAR,INJ,INJC,STOP,S,CLR,DRY,DAY,0,0,0
1678722,2016-10-12,8:00:00,WEDNESDAY,Portland NE,1,N,301.92,45.528903,-122.665375,MN,STRGHT,PACIFIC HY I-5,9436,SB EX BANFIELD FY,6,3169560,PSNG,21,1,PSNGR CAR,0,REAR,INJ,INJC,STOP,S,CLR,DRY,DAY,0,0,0
1678722,2016-10-12,8:00:00,WEDNESDAY,Portland NE,1,N,301.92,45.528903,-122.665375,MN,STRGHT,PACIFIC HY I-5,9436,SB EX BANFIELD FY,6,3169560,PSNG,19,2,PSNGR CAR,0,REAR,INJ,INJC,STOP,S,CLR,DRY,DAY,0,0,0
1678933,2016-10-13,5:00:00,THURSDAY,Portland N,1,NW,303.49,45.549078,-122.678753,MN,STRGHT,PACIFIC HY I-5,9430,SB EX FREMONT BR,8,3169953,DRVR,0,1,PSNGR CAR,1,SS-O,INJ,NONE,STRGHT,SE,RAIN,WET,DLIT,0,0,0
1678933,2016-10-13,5:00:00,THURSDAY,Portland N,1,NW,303.49,45.549078,-122.678753,MN,STRGHT,PACIFIC HY I-5,9430,SB EX FREMONT BR,8,3169954,DRVR,57,1,TRUCK,0,SS-O,INJ,INJB,STRGHT,SE,RAIN,WET,DLIT,0,0,0
1679141,2016-10-15,9:00:00,SATURDAY,Portland N,2,SE,302.9,45.541508,-122.672286,MN,BRIDGE,PACIFIC HY I-5,9454,NB EX GREELEY AV C1,6,3170343,DRVR,27,2,PSNGR CAR,1,FIX,INJ,INJC,STRGHT,NW,RAIN,WET,DAY,1,0,0
1679160,2016-10-16,16:00:00,SUNDAY,Portland SE,2,CN,301.36,45.521447,-122.665544,MN,INTER,PACIFIC HY I-5,9449,NB EF MORRISN BR C3,,3170378,DRVR,39,1,PSNGR CAR,1,TURN,INJ,NONE,TURN-R,N,RAIN,WET,DAY,0,0,0
1679160,2016-10-16,16:00:00,SUNDAY,Portland SE,2,CN,301.36,45.521447,-122.665544,MN,INTER,PACIFIC HY I-5,9449,NB EF MORRISN BR C3,,3170379,DRVR,24,2,PSNGR CAR,0,TURN,INJ,INJC,STRGHT,N,RAIN,WET,DAY,0,0,0
1686154,2016-10-17,14:00:00,MONDAY,Portland N,2,SE,302.59,45.537725,-122.668953,MN,STRGHT,PACIFIC HY I-5,9433,NB EF WILLIAMS C2,6,3183977,DRVR,40,1,PSNGR CAR,1,SS-O,INJ,NONE,STRGHT,NW,CLR,DRY,DAY,0,0,0
1686154,2016-10-17,14:00:00,MONDAY,Portland N,2,SE,302.59,45.537725,-122.668953,MN,STRGHT,PACIFIC HY I-5,9433,NB EF WILLIAMS C2,6,3183978,DRVR,42,1,PSNGR CAR,0,SS-O,INJ,NONE,STRGHT,NW,CLR,DRY,DAY,0,0,0
1686154,2016-10-17,14:00:00,MONDAY,Portland N,2,SE,302.59,45.537725,-122.668953,MN,STRGHT,PACIFIC HY I-5,9433,NB EF WILLIAMS C2,6,3183979,DRVR,42,1,PSNGR CAR,0,SS-O,INJ,INJB,STRGHT,NW,CLR,DRY,DAY,0,0,0
1679866,2016-10-18,17:00:00,TUESDAY,Portland N,1,S,304.72,45.566975,-122.678706,MN,STRGHT,PACIFIC HY I-5,9421,SB EF PTLD BLVD C4,6,3171723,DRVR,35,2,PSNGR CAR,1,REAR,INJ,NONE,STRGHT,S,CLR,DRY,DAY,0,0,0
1679866,2016-10-18,17:00:00,TUESDAY,Portland N,1,S,304.72,45.566975,-122.678706,MN,STRGHT,PACIFIC HY I-5,9421,SB EF PTLD BLVD C4,6,3171724,DRVR,23,1,PSNGR CAR,0,REAR,INJ,INJC,STOP,S,CLR,DRY,DAY,0,0,0
1684168,2016-10-19,14:00:00,WEDNESDAY,Portland N,1,N,308.12,45.614675,-122.677489,MN,BRIDGE,PACIFIC HY I-5,9458,SB EX JANTZN BCH C4,3,3180137,DRVR,0,1,PSNGR CAR,1,REAR,INJ,NONE,STRGHT,S,CLR,UNK,DAY,0,0,0
1684168,2016-10-19,14:00:00,WEDNESDAY,Portland N,1,N,308.12,45.614675,-122.677489,MN,BRIDGE,PACIFIC HY I-5,9458,SB EX JANTZN BCH C4,3,3180138,DRVR,24,1,PSNGR CAR,0,REAR,INJ,NONE,STOP,S,CLR,UNK,DAY,0,0,0
1684168,2016-10-19,14:00:00,WEDNESDAY,Portland N,1,N,308.12,45.614675,-122.677489,MN,BRIDGE,PACIFIC HY I-5,9458,SB EX JANTZN BCH C4,3,3180138,PSNG,27,2,PSNGR CAR,0,REAR,INJ,INJC,STOP,S,CLR,UNK,DAY,0,0,0
1679992,2016-10-19,14:00:00,WEDNESDAY,Portland N,2,S,307.75,45.6095,-122.680136,MN,STRGHT,PACIFIC HY I-5,9456,NB EX JANTZN BCH C1,4,3171953,DRVR,23,1,PSNGR CAR,1,SS-O,INJ,INJC,STRGHT,N,CLR,DRY,DAY,0,0,0
1679992,2016-10-19,14:00:00,WEDNESDAY,Portland N,2,S,307.75,45.6095,-122.680136,MN,STRGHT,PACIFIC HY I-5,9456,NB EX JANTZN BCH C1,4,3171954,DRVR,26,2,PSNGR CAR,0,SS-O,INJ,NONE,STRGHT,N,CLR,DRY,DAY,0,0,0
1679992,2016-10-19,14:00:00,WEDNESDAY,Portland N,2,S,307.75,45.6095,-122.680136,MN,STRGHT,PACIFIC HY I-5,9456,NB EX JANTZN BCH C1,4,3171955,DRVR,0,1,PSNGR CAR,0,SS-O,INJ,NONE,STRGHT,N,CLR,DRY,DAY,0,0,0
1679976,2016-10-19,15:00:00,WEDNESDAY,Portland N,2,N,306.5,45.592317,-122.6827,MN,STRGHT,PACIFIC HY I-5,9412,NB EX VICTORY BV C1,6,3171924,DRVR,0,1,PSNGR CAR,1,REAR,INJ,NONE,STRGHT,N,CLR,DRY,DAY,0,0,0
1679976,2016-10-19,15:00:00,WEDNESDAY,Portland N,2,N,306.5,45.592317,-122.6827,MN,STRGHT,PACIFIC HY I-5,9412,NB EX VICTORY BV C1,6,3171925,DRVR,56,2,PSNGR CAR,0,REAR,INJ,INJC,STRGHT,N,CLR,DRY,DAY,0,0,0
1680104,2016-10-20,9:00:00,THURSDAY,Portland N,1,S,305.01,45.570978,-122.678722,MN,STRGHT,PACIFIC HY I-5,9420,SB EX PTLD BLVD C3,4,3172170,DRVR,31,1,SEMI TOW,1,REAR,INJ,NONE,STRGHT,S,RAIN,WET,DAY,0,0,0
1680104,2016-10-20,9:00:00,THURSDAY,Portland N,1,S,305.01,45.570978,-122.678722,MN,STRGHT,PACIFIC HY I-5,9420,SB EX PTLD BLVD C3,4,3172171,DRVR,57,1,PSNGR CAR,0,REAR,INJ,INJB,STOP,S,RAIN,WET,DAY,0,0,0
1680104,2016-10-20,9:00:00,THURSDAY,Portland N,1,S,305.01,45.570978,-122.678722,MN,STRGHT,PACIFIC HY I-5,9420,SB EX PTLD BLVD C3,4,3172172,DRVR,30,1,PSNGR CAR,0,REAR,INJ,NONE,STOP,S,RAIN,WET,DAY,0,0,0
1680129,2016-10-20,16:00:00,THURSDAY,Portland N,1,N,303.52,45.549503,-122.678753,MN,STRGHT,PACIFIC HY I-5,9430,SB EX FREMONT BR,8,3172227,DRVR,25,2,PSNGR CAR,1,REAR,INJ,NONE,STRGHT,S,CLR,UNK,DAY,0,0,0
1680129,2016-10-20,16:00:00,THURSDAY,Portland N,1,N,303.52,45.549503,-122.678753,MN,STRGHT,PACIFIC HY I-5,9430,SB EX FREMONT BR,8,3172228,DRVR,27,2,PSNGR CAR,0,REAR,INJ,INJC,STOP,S,CLR,UNK,DAY,0,0,0
1680182,2016-10-22,5:00:00,SATURDAY,Portland N,1,CN,305.44,45.577225,-122.6775,CN,INTER,N LOMBARD ST,9415,SB EF LOMBARD WB C2,,3172337,DRVR,51,2,PSNGR CAR,1,ANGL,INJ,NONE,TURN-R,E,CLD,WET,DLIT,0,0,0
1680182,2016-10-22,5:00:00,SATURDAY,Portland N,1,CN,305.44,45.577225,-122.6775,CN,INTER,N LOMBARD ST,9415,SB EF LOMBARD WB C2,,3172337,PSNG,20,1,PSNGR CAR,1,ANGL,INJ,INJC,TURN-R,E,CLD,WET,DLIT,0,0,0
1680182,2016-10-22,5:00:00,SATURDAY,Portland N,1,CN,305.44,45.577225,-122.6775,CN,INTER,N LOMBARD ST,9415,SB EF LOMBARD WB C2,,3172338,DRVR,35,2,TRUCK,0,ANGL,INJ,NONE,STRGHT,E,CLD,WET,DLIT,0,0,0
1680066,2016-10-22,15:00:00,SATURDAY,Portland N,1,NW,302.78,45.540658,-122.671664,MN,STRGHT,PACIFIC HY I-5,9432,SB EX VANCOUVER C3,6,3172100,DRVR,33,2,PSNGR CAR,1,REAR,INJ,NONE,STRGHT,SE,CLR,DRY,DAY,0,0,0
1680066,2016-10-22,15:00:00,SATURDAY,Portland N,1,NW,302.78,45.540658,-122.671664,MN,STRGHT,PACIFIC HY I-5,9432,SB EX VANCOUVER C3,6,3172101,DRVR,37,2,PSNGR CAR,0,REAR,INJ,INJC,STOP,SE,CLR,DRY,DAY,0,0,0
1680066,2016-10-22,15:00:00,SATURDAY,Portland N,1,NW,302.78,45.540658,-122.671664,MN,STRGHT,PACIFIC HY I-5,9432,SB EX VANCOUVER C3,6,3172101,PSNG,16,2,PSNGR CAR,0,REAR,INJ,INJC,STOP,SE,CLR,DRY,DAY,0,0,0
1680288,2016-10-23,14:00:00,SUNDAY,Portland NE,1,N,301.93,45.529114,-122.665369,MN,STRGHT,PACIFIC HY I-5,9436,SB EX BANFIELD FY,6,3172549,DRVR,44,1,PSNGR CAR,1,REAR,INJ,NONE,STRGHT,S,CLR,DRY,DAY,0,0,0