crashid,date,hour,day,city_section,highwayid,compass,milepost,lat,lon,road_type,road_char,street_name,isect_num,isect_name,lane_quantity,vehicle_id,partic_type,age,gender,vehicle_type,striking_vehicle,collision_type,crash_severity,injury_severity,vehicle_movement,vehicle_direction,weather,road_cond,light_cond,speeding,alcohol,drug
1683617,2016-12-22,14:00:00,THURSDAY,Portland NE,1,N,301.93,45.529114,-122.665369,MN,STRGHT,PACIFIC HY I-5,9436,SB EX BANFIELD FY,6,3179022,DRVR,48,1,PSNGR CAR,0,REAR,INJ,INJB,STRGHT,S,CLR,DRY,DAY,0,0,0
1683617,2016-12-22,14:00:00,THURSDAY,Portland NE,1,N,301.93,45.529114,-122.665369,MN,STRGHT,PACIFIC HY I-5,9436,SB EX BANFIELD FY,6,3179023,DRVR,31,2,PSNGR CAR,0,REAR,INJ,NONE,STOP,S,CLR,DRY,DAY,0,0,0
1684030,2016-12-26,8:00:00,MONDAY,Portland SE,1,CN,301.26,45.519906,-122.665836,CN,STRGHT,NB EF MORRISN BR C3,9451,NB ENFR MORRISON ST,4,3179851,DRVR,20,1,PSNGR CAR,1,SS-O,INJ,NONE,STRGHT,N,CLR,DRY,DAY,0,0,0
1684030,2016-12-26,8:00:00,MONDAY,Portland SE,1,CN,301.26,45.519906,-122.665836,CN,STRGHT,NB EF MORRISN BR C3,9451,NB ENFR MORRISON ST,4,3179852,DRVR,26,1,PSNGR CAR,0,SS-O,INJ,INJC,STRGHT,N,CLR,DRY,DAY,0,0,0
1684041,2016-12-28,18:00:00,WEDNESDAY,Portland NE,1,N,301.93,45.529114,-122.665369,MN,STRGHT,PACIFIC HY I-5,9436,SB EX BANFIELD FY,6,3179870,DRVR,21,1,PSNGR CAR,1,REAR,INJ,NONE,STRGHT,S,CLR,DRY,DLIT,1,0,0
1684041,2016-12-28,18:00:00,WEDNESDAY,Portland NE,1,N,301.93,45.529114,-122.665369,MN,STRGHT,PACIFIC HY I-5,9436,SB EX BANFIELD FY,6,3179871,DRVR,52,1,PSNGR CAR,0,REAR,INJ,INJC,STOP,S,CLR,DRY,DLIT,1,0,0
1684041,2016-12-28,18:00:00,WEDNESDAY,Portland NE,1,N,301.93,45.529114,-122.665369,MN,STRGHT,PACIFIC HY I-5,9436,SB EX BANFIELD FY,6,3179871,PSNG,52,2,PSNGR CAR,0,REAR,INJ,INJC,STOP,S,CLR,DRY,DLIT,1,0,0
1683787,2016-12-29,13:00:00,THURSDAY,Portland N,2,SE,302.72,45.539236,-122.670233,MN,STRGHT,PACIFIC HY I-5,9442,NB EX FREMONT BR C1,4,3179365,DRVR,0,1,TRUCK,1,REAR,INJ,NONE,STRGHT,NW,CLR,DRY,DAY,0,0,0
1683787,2016-12-29,13:00:00,THURSDAY,Portland N,2,SE,302.72,45.539236,-122.670233,MN,STRGHT,PACIFIC HY I-5,9442,NB EX FREMONT BR C1,4,3179366,DRVR,21,2,PSNGR CAR,0,REAR,INJ,INJB,STRGHT,NW,CLR,DRY,DAY,0,0,0
1684197,2016-12-30,9:00:00,FRIDAY,Portland N,1,S,305.44,45.577225,-122.6775,CN,INTER,N LOMBARD ST,9418,NB EX LOMBARD EB C1,,3180189,DRVR,0,9,UNKNOWN,1,REAR,INJ,NONE,STRGHT,NE,CLR,DRY,DAY,0,0,0
1684197,2016-12-30,9:00:00,FRIDAY,Portland N,1,S,305.44,45.577225,-122.6775,CN,INTER,N LOMBARD ST,9418,NB EX LOMBARD EB C1,,3180190,DRVR,53,1,PSNGR CAR,0,REAR,INJ,INJC,STOP,NE,CLR,DRY,DAY,0,0,0
1695603,2016-01-02,0:00:00,SATURDAY,Portland NE,1,CN,302.28,45.534369,-122.665719,CN,INTER,NE WEIDLER ST,9434,NB EX WEIDLER C1,,3200720,DRVR,0,9,PSNGR CAR,1,ANGL,PDO,NONE,STRGHT,N,CLR,DRY,DAY,0,0,0
1695603,2016-01-02,0:00:00,SATURDAY,Portland NE,1,CN,302.28,45.534369,-122.665719,CN,INTER,NE WEIDLER ST,9434,NB EX WEIDLER C1,,3200721,DRVR,0,9,PSNGR CAR,0,ANGL,PDO,NONE,STRGHT,E,CLR,DRY,DAY,0,0,0
1673050,2016-01-02,15:00:00,SATURDAY,Portland N,1,N,308.24,45.616247,-122.676564,MN,BRIDGE,PACIFIC HY I-5,9458,SB EX JANTZN BCH C4,3,3158566,DRVR,0,9,PSNGR CAR,1,REAR,PDO,NONE,STRGHT,S,CLR,ICE,DAY,1,0,0
1673050,2016-01-02,15:00:00,SATURDAY,Portland N,1,N,308.24,45.616247,-122.676564,MN,BRIDGE,PACIFIC HY I-5,9458,SB EX JANTZN BCH C4,3,3158567,DRVR,0,9,PSNGR CAR,0,REAR,PDO,NONE,STOP,S,CLR,ICE,DAY,1,0,0
1695308,2016-01-03,11:00:00,SUNDAY,Portland N,1,NW,303.5,45.549219,-122.678753,MN,STRGHT,PACIFIC HY I-5,9430,SB EX FREMONT BR,8,3200213,DRVR,0,9,PSNGR CAR,1,REAR,PDO,NONE,STRGHT,SE,SNOW,ICE,DAY,1,0,0
1695308,2016-01-03,11:00:00,SUNDAY,Portland N,1,NW,303.5,45.549219,-122.678753,MN,STRGHT,PACIFIC HY I-5,9430,SB EX FREMONT BR,8,3200214,DRVR,0,9,PSNGR CAR,0,REAR,PDO,NONE,STRGHT,SE,SNOW,ICE,DAY,1,0,0
1687586,2016-01-06,9:00:00,WEDNESDAY,Portland N,1,N,304.98,45.570564,-122.678714,MN,STRGHT,PACIFIC HY I-5,9420,SB EX PTLD BLVD C3,4,3186607,DRVR,0,9,PSNGR CAR,1,REAR,PDO,NONE,STRGHT,S,RAIN,WET,DAY,0,0,0
1687586,2016-01-06,9:00:00,WEDNESDAY,Portland N,1,N,304.98,45.570564,-122.678714,MN,STRGHT,PACIFIC HY I-5,9420,SB EX PTLD BLVD C3,4,3186608,DRVR,0,9,UNKNOWN,0,REAR,PDO,NONE,STOP,S,RAIN,WET,DAY,0,0,0
1687950,2016-01-08,15:00:00,FRIDAY,Portland N,2,S,306.38,45.590647,-122.682033,MN,STRGHT,PACIFIC HY I-5,9412,NB EX VICTORY BV C1,6,3187235,DRVR,0,9,PSNGR CAR,1,REAR,PDO,NONE,STRGHT,N,CLR,DRY,DAY,0,0,0
1687950,2016-01-08,15:00:00,FRIDAY,Portland N,2,S,306.38,45.590647,-122.682033,MN,STRGHT,PACIFIC HY I-5,9412,NB EX VICTORY BV C1,6,3187236,DRVR,0,9,PSNGR CAR,0,REAR,PDO,NONE,STOP,N,CLR,DRY,DAY,0,0,0
1688136,2016-01-10,16:00:00,SUNDAY,Portland NE,2,NW,302.21,45.533183,-122.665608,MN,STRGHT,PACIFIC HY I-5,9434,NB EX WEIDLER C1,6,3187576,DRVR,0,9,PSNGR CAR,1,REAR,PDO,NONE,STRGHT,NW,CLR,DRY,DAY,0,0,0
1688136,2016-01-10,16:00:00,SUNDAY,Portland NE,2,NW,302.21,45.533183,-122.665608,MN,STRGHT,PACIFIC HY I-5,9434,NB EX WEIDLER C1,6,3187577,DRVR,0,9,PSNGR CAR,0,REAR,PDO,NONE,STRGHT,NW,CLR,DRY,DAY,0,0,0
1688378,2016-01-12,14:00:00,TUESDAY,Portland N,1,N,305.18,45.573639,-122.678733,MN,STRGHT,PACIFIC HY I-5,9420,SB EX PTLD BLVD C3,4,3188033,DRVR,0,9,PSNGR CAR,1,SS-O,PDO,NONE,STRGHT,S,RAIN,WET,DAY,0,0,0
1688378,2016-01-12,14:00:00,TUESDAY,Portland N,1,N,305.18,45.573639,-122.678733,MN,STRGHT,PACIFIC HY I-5,9420,SB EX PTLD BLVD C3,4,3188034,DRVR,0,9,PSNGR CAR,0,SS-O,PDO,NONE,STRGHT,S,RAIN,WET,DAY,0,0,0
1687245,2016-01-12,16:00:00,TUESDAY,Portland N,1,S,303.78,45.553167,-122.678753,MN,STRGHT,PACIFIC HY I-5,9429,SB EF GOING ST C4,6,3186061,DRVR,0,9,PSNGR CAR,1,REAR,PDO,NONE,STRGHT,S,RAIN,WET,DAY,0,0,0
1687245,2016-01-12,16:00:00,TUESDAY,Portland N,1,S,303.78,45.553167,-122.678753,MN,STRGHT,PACIFIC HY I-5,9429,SB EF GOING ST C4,6,3186062,DRVR,0,9,PSNGR CAR,0,REAR,PDO,NONE,STOP,S,RAIN,WET,DAY,0,0,0
1687700,2016-01-13,6:00:00,WEDNESDAY,Portland N,1,N,305.14,45.572872,-122.678744,MN,STRGHT,PACIFIC HY I-5,9420,SB EX PTLD BLVD C3,6,3186811,DRVR,0,9,PSNGR CAR,1,REAR,PDO,NONE,STRGHT,S,RAIN,WET,DLIT,0,0,0
1687700,2016-01-13,6:00:00,WEDNESDAY,Portland N,1,N,305.14,45.572872,-122.678744,MN,STRGHT,PACIFIC HY I-5,9420,SB EX PTLD BLVD C3,6,3186812,DRVR,0,9,PSNGR CAR,0,REAR,PDO,NONE,STOP,S,RAIN,WET,DLIT,0,0,0
1687703,2016-01-13,13:00:00,WEDNESDAY,Portland N,2,N,308.18,45.615406,-122.676694,MN,BRIDGE,PACIFIC HY I-5,9456,NB EX JANTZN BCH C1,3,3186816,DRVR,0,9,SEMI TOW,1,SS-O,PDO,NONE,STRGHT,N,CLR,DRY,DAY,0,0,0
1687703,2016-01-13,13:00:00,WEDNESDAY,Portland N,2,N,308.18,45.615406,-122.676694,MN,BRIDGE,PACIFIC HY I-5,9456,NB EX JANTZN BCH C1,3,3186817,DRVR,0,9,PSNGR CAR,0,SS-O,PDO,NONE,STRGHT,N,CLR,DRY,DAY,0,0,0
1687792,2016-01-13,17:00:00,WEDNESDAY,Portland SW,2,N,299.97,45.503706,-122.6737,MN,STRGHT,NB EX MARQUAM BR,9491,NB EF MACADAM AV C4,2,3186974,DRVR,0,9,PSNGR CAR,1,REAR,PDO,NONE,STRGHT,N,CLR,DRY,DLIT,0,0,0
1687792,2016-01-13,17:00:00,WEDNESDAY,Portland SW,2,N,299.97,45.503706,-122.6737,MN,STRGHT,NB EX MARQUAM BR,9491,NB EF MACADAM AV C4,2,3186975,DRVR,0,9,PSNGR CAR,0,REAR,PDO,NONE,STOP,N,CLR,DRY,DLIT,0,0,0
1687679,2016-01-13,17:00:00,WEDNESDAY,Portland N,2,S,304.72,45.566689,-122.6785,MN,STRGHT,PACIFIC HY I-5,9422,NB EX PTLD BLVD C1,6,3186776,DRVR,0,9,PSNGR CAR,1,REAR,PDO,NONE,STRGHT,N,RAIN,WET,DLIT,1,1,0
1687679,2016-01-13,17:00:00,WEDNESDAY,Portland N,2,S,304.72,45.566689,-122.6785,MN,STRGHT,PACIFIC HY I-5,9422,NB EX PTLD BLVD C1,6,3186777,DRVR,0,9,PSNGR CAR,0,REAR,PDO,NONE,STRGHT,N,RAIN,WET,DLIT,1,1,0
1688211,2016-01-15,7:00:00,FRIDAY,Portland SE,1,SE,300.51,45.509328,-122.667003,MN,STRGHT,PACIFIC HY I-5,9452,SB EX MARQUAM BR,6,3187716,DRVR,0,9,PSNGR CAR,1,REAR,PDO,NONE,STRGHT,NW,RAIN,WET,DLIT,0,0,0
1688211,2016-01-15,7:00:00,FRIDAY,Portland SE,1,SE,300.51,45.509328,-122.667003,MN,STRGHT,PACIFIC HY I-5,9452,SB EX MARQUAM BR,6,3187717,DRVR,0,9,PSNGR CAR,0,REAR,PDO,NONE,STOP,NW,RAIN,WET,DLIT,0,0,0
1688227,2016-01-15,13:00:00,FRIDAY,Portland SE,2,N,300.73,45.512072,-122.667372,MN,STRGHT,PACIFIC HY I-5,9452,SB EX MARQUAM BR,6,3187748,DRVR,0,9,PSNGR CAR,1,REAR,PDO,NONE,STRGHT,N,CLR,DRY,DAY,0,0,0
1688227,2016-01-15,13:00:00,FRIDAY,Portland SE,2,N,300.73,45.512072,-122.667372,MN,STRGHT,PACIFIC HY I-5,9452,SB EX MARQUAM BR,6,3187749,DRVR,0,9,PSNGR CAR,0,REAR,PDO,NONE,STRGHT,N,CLR,DRY,DAY,0,0,0
1688280,2016-01-16,14:00:00,SATURDAY,Portland N,1,S,305.06,45.571664,-122.678733,MN,STRGHT,PACIFIC HY I-5,9420,SB EX PTLD BLVD C3,6,3187850,DRVR,0,9,PSNGR CAR,1,REAR,PDO,NONE,STRGHT,S,RAIN,WET,DAY,0,0,0
1688280,2016-01-16,14:00:00,SATURDAY,Portland N,1,S,305.06,45.571664,-122.678733,MN,STRGHT,PACIFIC HY I-5,9420,SB EX PTLD BLVD C3,6,3187851,DRVR,0,9,PSNGR CAR,0,REAR,PDO,NONE,STRGHT,S,RAIN,WET,DAY,0,0,0
1688412,2016-01-17,19:00:00,SUNDAY,Portland SE,2,S,300.64,45.510889,-122.666731,MN,STRGHT,PACIFIC HY I-5,9452,SB EX MARQUAM BR,4,3188094,DRVR,0,9,PSNGR CAR,1,SS-O,PDO,NONE,STRGHT,N,CLR,DRY,DLIT,0,0,0
1688412,2016-01-17,19:00:00,SUNDAY,Portland SE,2,S,300.64,45.510889,-122.666731,MN,STRGHT,PACIFIC HY I-5,9452,SB EX MARQUAM BR,4,3188095,DRVR,0,9,PSNGR CAR,0,SS-O,PDO,NONE,STRGHT,N,CLR,DRY,DLIT,0,0,0
1689559,2016-01-18,5:00:00,MONDAY,Portland Bridges,2,SW,300.56,45.509819,-122.666728,MN,BRIDGE,MARQUAM BRIDGE,9453,NB EXTO PAC HY I-5,3,3190202,DRVR,0,9,PSNGR CAR,1,SS-O,PDO,NONE,STRGHT,SW,CLR,WET,DLIT,0,0,0
1689559,2016-01-18,5:00:00,MONDAY,Portland Bridges,2,SW,300.56,45.509819,-122.666728,MN,BRIDGE,MARQUAM BRIDGE,9453,NB EXTO PAC HY I-5,3,3190203,DRVR,0,9,PSNGR CAR,0,SS-O,PDO,NONE,STRGHT,SW,CLR,WET,DLIT,0,0,0
1689551,2016-01-18,13:00:00,MONDAY,Portland NE,2,N,301.99,45.530233,-122.665167,MN,STRGHT,PACIFIC HY I-5,9437,NB EF BANFIELD FY,6,3190190,DRVR,0,9,PSNGR CAR,1,REAR,PDO,NONE,STRGHT,N,CLR,DRY,DAY,1,0,0
1689551,2016-01-18,13:00:00,MONDAY,Portland NE,2,N,301.99,45.530233,-122.665167,MN,STRGHT,PACIFIC HY I-5,9437,NB EF BANFIELD FY,6,3190191,DRVR,0,9,PSNGR CAR,0,REAR,PDO,NONE,STRGHT,N,CLR,DRY,DAY,1,0,0
1688582,2016-01-22,13:00:00,FRIDAY,Portland N,2,S,305.4,45.576375,-122.678508,MN,STRGHT,PACIFIC HY I-5,9416,NB EX LOMBARD WB C2,6,3188403,DRVR,0,9,PSNGR CAR,1,REAR,PDO,NONE,STRGHT,N,CLR,DRY,DAY,0,0,0
1688582,2016-01-22,13:00:00,FRIDAY,Portland N,2,S,305.4,45.576375,-122.678508,MN,STRGHT,PACIFIC HY I-5,9416,NB EX LOMBARD WB C2,6,3188404,DRVR,0,9,SEMI TOW,0,REAR,PDO,NONE,STOP,N,CLR,DRY,DAY,0,0,0
1688842,2016-01-26,0:00:00,TUESDAY,Portland N,1,N,303.49,45.549078,-122.678753,MN,STRGHT,PACIFIC HY I-5,9430,SB EX FREMONT BR,8,3188886,DRVR,0,9,SEMI TOW,1,SS-O,PDO,NONE,STRGHT,S,CLD,WET,DAY,0,0,0
1688842,2016-01-26,0:00:00,TUESDAY,Portland N,1,N,303.49,45.549078,-122.678753,MN,STRGHT,PACIFIC HY I-5,9430,SB EX FREMONT BR,8,3188887,DRVR,0,9,PSNGR CAR,0,SS-O,PDO,NONE,STRGHT,S,CLD,WET,DAY,0,0,0
1689398,2016-01-27,7:00:00,WEDNESDAY,Portland N,1,S,304.98,45.570564,-122.678714,MN,STRGHT,PACIFIC HY I-5,9420,SB EX PTLD BLVD C3,6,3189922,DRVR,0,9,PSNGR CAR,1,SS-O,PDO,NONE,STRGHT,S,CLR,DRY,DAWN,0,0,0
1689398,2016-01-27,7:00:00,WEDNESDAY,Portland N,1,S,304.98,45.570564,-122.678714,MN,STRGHT,PACIFIC HY I-5,9420,SB EX PTLD BLVD C3,6,3189923,DRVR,0,9,PSNGR CAR,0,SS-O,PDO,NONE,STRGHT,S,CLR,DRY,DAWN,0,0,0
1688605,2016-01-27,17:00:00,WEDNESDAY,Portland N,2,NW,303,45.542614,-122.673622,MN,BRIDGE,PACIFIC HY I-5,9454,NB EX GREELEY AV C1,6,3188446,DRVR,0,9,PSNGR CAR,1,REAR,PDO,NONE,STRGHT,NW,CLR,DRY,DLIT,0,0,0
1688605,2016-01-27,17:00:00,WEDNESDAY,Portland N,2,NW,303,45.542614,-122.673622,MN,BRIDGE,PACIFIC HY I-5,9454,NB EX GREELEY AV C1,6,3188447,DRVR,0,9,PSNGR CAR,0,REAR,PDO,NONE,STOP,NW,CLR,DRY,DLIT,0,0,0
1689203,2016-01-28,16:00:00,THURSDAY,Portland N,1,N,304.13,45.558308,-122.678686,MN,STRGHT,PACIFIC HY I-5,9425,SB EF MINNESOTA C3,6,3189548,DRVR,0,9,PSNGR CAR,1,REAR,PDO,NONE,STRGHT,S,CLR,DRY,DAY,0,0,0
1689203,2016-01-28,16:00:00,THURSDAY,Portland N,1,N,304.13,45.558308,-122.678686,MN,STRGHT,PACIFIC HY I-5,9425,SB EF MINNESOTA C3,6,3189549,DRVR,0,9,PSNGR CAR,0,REAR,PDO,NONE,STOP,S,CLR,DRY,DAY,0,0,0
1689268,2016-01-29,10:00:00,FRIDAY,Portland SW,2,S,299.5,45.497408,-122.673261,MN,STRGHT,PACIFIC HY I-5,9492,NB EX MARQUAM BR,6,3189673,DRVR,0,9,PSNGR CAR,1,REAR,PDO,NONE,STRGHT,N,CLR,DRY,DAY,0,0,0
1689268,2016-01-29,10:00:00,FRIDAY,Portland SW,2,S,299.5,45.497408,-122.673261,MN,STRGHT,PACIFIC HY I-5,9492,NB EX MARQUAM BR,6,3189674,DRVR,0,9,PSNGR CAR,0,REAR,PDO,NONE,STOP,N,CLR,DRY,DAY,0,0,0
1687941,2016-01-30,4:00:00,SATURDAY,Portland N,1,S,308.26,45.611922,-122.680753,CN,INTER,N CENTER AVE,9459,SB EF JANTZN BCH C5,,3187217,DRVR,0,9,PSNGR CAR,1,SS-O,PDO,NONE,STRGHT,N,RAIN,WET,DLIT,0,0,0
1687941,2016-01-30,4:00:00,SATURDAY,Portland N,1,S,308.26,45.611922,-122.680753,CN,INTER,N CENTER AVE,9459,SB EF JANTZN BCH C5,,3187218,DRVR,0,9,PSNGR CAR,0,SS-O,PDO,NONE,STRGHT,N,RAIN,WET,DLIT,0,0,0
1687895,2016-01-30,15:00:00,SATURDAY,Portland N,2,N,308.35,45.617619,-122.675394,MN,BRIDGE,PACIFIC HY I-5,9457,NB EF JANTZN BCH C2,3,3187144,DRVR,0,9,PSNGR CAR,1,REAR,PDO,NONE,STRGHT,N,RAIN,WET,DAY,0,0,0
1687895,2016-01-30,15:00:00,SATURDAY,Portland N,2,N,308.35,45.617619,-122.675394,MN,BRIDGE,PACIFIC HY I-5,9457,NB EF JANTZN BCH C2,3,3187145,DRVR,0,9,PSNGR CAR,0,REAR,PDO,NONE,STRGHT,N,RAIN,WET,DAY,0,0,0
1690377,2016-02-02,10:00:00,TUESDAY,Portland Bridges,2,S,300.4,45.508208,-122.668692,MN,STRGHT,MARQUAM BRIDGE,9452,SB EX MARQUAM BR,4,3191682,DRVR,0,9,SEMI TOW,1,SS-O,PDO,NONE,STRGHT,W,CLR,DRY,DAY,0,0,0
1690377,2016-02-02,10:00:00,TUESDAY,Portland Bridges,2,S,300.4,45.508208,-122.668692,MN,STRGHT,MARQUAM BRIDGE,9452,SB EX MARQUAM BR,4,3191683,DRVR,0,9,PSNGR CAR,0,SS-O,PDO,NONE,STRGHT,W,CLR,DRY,DAY,0,0,0
1690346,2016-02-05,3:00:00,FRIDAY,Portland NE,2,NW,302.13,45.532125,-122.6653,MN,STRGHT,PACIFIC HY I-5,9434,NB EX WEIDLER C1,6,3191627,DRVR,0,9,PSNGR CAR,1,SS-O,PDO,NONE,STRGHT,NW,CLR,DRY,DLIT,0,0,0
1690346,2016-02-05,3:00:00,FRIDAY,Portland NE,2,NW,302.13,45.532125,-122.6653,MN,STRGHT,PACIFIC HY I-5,9434,NB EX WEIDLER C1,6,3191628,DRVR,0,9,PSNGR CAR,0,SS-O,PDO,NONE,STRGHT,NW,CLR,DRY,DLIT,0,0,0
1690294,2016-02-05,14:00:00,FRIDAY,Portland NE,2,SE,302.06,45.531183,-122.665186,MN,STRGHT,PACIFIC HY I-5,9434,NB EX WEIDLER C1,6,3191535,DRVR,0,9,PSNGR CAR,1,REAR,PDO,NONE,STRGHT,N,RAIN,WET,DAY,0,0,0
1690294,2016-02-05,14:00:00,FRIDAY,Portland NE,2,SE,302.06,45.531183,-122.665186,MN,STRGHT,PACIFIC HY I-5,9434,NB EX WEIDLER C1,6,3191536,DRVR,0,9,PSNGR CAR,0,REAR,PDO,NONE,STOP,N,RAIN,WET,DAY,0,0,0
1690092,2016-02-05,16:00:00,FRIDAY,Portland N,2,S,305,45.570683,-122.678553,MN,STRGHT,PACIFIC HY I-5,9419,NB EF PTLD BLVD C2,6,3191167,DRVR,0,9,PSNGR CAR,1,REAR,PDO,NONE,STRGHT,N,CLR,DRY,DAY,0,0,0
1690092,2016-02-05,16:00:00,FRIDAY,Portland N,2,S,305,45.570683,-122.678553,MN,STRGHT,PACIFIC HY I-5,9419,NB EF PTLD BLVD C2,6,3191168,DRVR,0,9,PSNGR CAR,0,REAR,PDO,NONE,STRGHT,N,CLR,DRY,DAY,0,0,0
1690101,2016-02-05,19:00:00,FRIDAY,Portland SE,2,S,301.14,45.517886,-122.666786,MN,STRGHT,PACIFIC HY I-5,9449,NB EF MORRISN BR C3,4,3191183,DRVR,0,9,PSNGR CAR,1,REAR,PDO,NONE,STRGHT,N,UNK,UNK,DLIT,0,0,0
1690101,2016-02-05,19:00:00,FRIDAY,Portland SE,2,S,301.14,45.517886,-122.666786,MN,STRGHT,PACIFIC HY I-5,9449,NB EF MORRISN BR C3,4,3191184,DRVR,0,9,PSNGR CAR,0,REAR,PDO,NONE,STOP,N,UNK,UNK,DLIT,0,0,0
1691448,2016-02-08,16:00:00,MONDAY,Portland N,1,N,308,45.613106,-122.678422,MN,BRIDGE,PACIFIC HY I-5,9458,SB EX JANTZN BCH C4,3,3193460,DRVR,0,9,PSNGR CAR,1,SS-O,PDO,NONE,STRGHT,S,CLR,DRY,DAY,0,0,0
1691448,2016-02-08,16:00:00,MONDAY,Portland N,1,N,308,45.613106,-122.678422,MN,BRIDGE,PACIFIC HY I-5,9458,SB EX JANTZN BCH C4,3,3193461,DRVR,0,9,PSNGR CAR,0,SS-O,PDO,NONE,STRGHT,S,CLR,DRY,DAY,0,0,0
1690727,2016-02-10,15:00:00,WEDNESDAY,Portland N,1,N,305.16,45.573256,-122.678739,MN,STRGHT,PACIFIC HY I-5,9420,SB EX PTLD BLVD C3,8,3192293,DRVR,0,9,PSNGR CAR,1,REAR,PDO,NONE,STRGHT,S,CLR,DRY,DAY,0,0,0
1690727,2016-02-10,15:00:00,WEDNESDAY,Portland N,1,N,305.16,45.573256,-122.678739,MN,STRGHT,PACIFIC HY I-5,9420,SB EX PTLD BLVD C3,8,3192294,DRVR,0,9,PSNGR CAR,0,REAR,PDO,NONE,STOP,S,CLR,DRY,DAY,0,0,0
1690776,2016-02-10,17:00:00,WEDNESDAY,Portland NE,1,N,302.18,45.5332,-122.6658,MN,STRGHT,PACIFIC HY I-5,9435,SB EF WILLIAMS C5,6,3192381,DRVR,0,9,PSNGR CAR,1,REAR,PDO,NONE,STRGHT,S,CLR,DRY,DAY,0,0,0
1690776,2016-02-10,17:00:00,WEDNESDAY,Portland NE,1,N,302.18,45.5332,-122.6658,MN,STRGHT,PACIFIC HY I-5,9435,SB EF WILLIAMS C5,6,3192382,DRVR,0,9,PSNGR CAR,0,REAR,PDO,NONE,STRGHT,S,CLR,DRY,DAY,0,0,0
1691016,2016-02-11,7:00:00,THURSDAY,Portland N,2,N,304.81,45.567972,-122.678503,MN,STRGHT,PACIFIC HY I-5,9422,NB EX PTLD BLVD C1,6,3192769,DRVR,0,9,PSNGR CAR,1,SS-O,PDO,NONE,STRGHT,N,RAIN,WET,DAY,1,0,0
1691016,2016-02-11,7:00:00,THURSDAY,Portland N,2,N,304.81,45.567972,-122.678503,MN,STRGHT,PACIFIC HY I-5,9422,NB EX PTLD BLVD C1,6,3192770,DRVR,0,9,PSNGR CAR,0,SS-O,PDO,NONE,STRGHT,N,RAIN,WET,DAY,1,0,0
1691259,2016-02-12,6:00:00,FRIDAY,Portland N,2,S,304.69,45.566258,-122.678492,MN,STRGHT,PACIFIC HY I-5,9422,NB EX PTLD BLVD C1,6,3193162,DRVR,0,9,PSNGR CAR,1,REAR,PDO,NONE,STRGHT,N,UNK,UNK,DLIT,0,0,0
1691259,2016-02-12,6:00:00,FRIDAY,Portland N,2,S,304.69,45.566258,-122.678492,MN,STRGHT,PACIFIC HY I-5,9422,NB EX PTLD BLVD C1,6,3193163,DRVR,0,9,PSNGR CAR,0,REAR,PDO,NONE,STRGHT,N,UNK,UNK,DLIT,0,0,0
1691288,2016-02-12,10:00:00,FRIDAY,Portland N,2,S,305.27,45.574483,-122.678536,MN,STRGHT,PACIFIC HY I-5,9418,NB EX LOMBARD EB C1,8,3193204,DRVR,0,9,SEMI TOW,1,SS-O,PDO,NONE,STRGHT,N,RAIN,WET,DAY,0,0,0
1691288,2016-02-12,10:00:00,FRIDAY,Portland N,2,S,305.27,45.574483,-122.678536,MN,STRGHT,PACIFIC HY I-5,9418,NB EX LOMBARD EB C1,8,3193205,DRVR,0,9,PSNGR CAR,0,SS-O,PDO,NONE,STRGHT,N,RAIN,WET,DAY,0,0,0
1691323,2016-02-12,16:00:00,FRIDAY,Portland N,2,S,303.72,45.552233,-122.678525,MN,STRGHT,PACIFIC HY I-5,9428,NB EX MISSOURI C1,8,3193256,DRVR,0,9,PSNGR CAR,1,REAR,PDO,NONE,STRGHT,N,UNK,UNK,DAY,0,0,0
1691323,2016-02-12,16:00:00,FRIDAY,Portland N,2,S,303.72,45.552233,-122.678525,MN,STRGHT,PACIFIC HY I-5,9428,NB EX MISSOURI C1,8,3193257,DRVR,0,9,PSNGR CAR,0,REAR,PDO,NONE,STRGHT,N,UNK,UNK,DAY,0,0,0
1691244,2016-02-12,18:00:00,FRIDAY,Portland SW,2,S,299.15,45.492264,-122.673772,MN,STRGHT,PACIFIC HY I-5,9480,NB EX MACADAM AV C1,6,3193143,DRVR,0,9,PSNGR CAR,1,REAR,PDO,NONE,STRGHT,S,CLR,DRY,DLIT,0,0,0
1691244,2016-02-12,18:00:00,FRIDAY,Portland SW,2,S,299.15,45.492264,-122.673772,MN,STRGHT,PACIFIC HY I-5,9480,NB EX MACADAM AV C1,6,3193144,DRVR,0,9,PSNGR CAR,0,REAR,PDO,NONE,STRGHT,S,CLR,DRY,DLIT,0,0,0