crashid,date,hour,day,city_section,highwayid,compass,milepost,lat,lon,road_type,road_char,street_name,isect_num,isect_name,lane_quantity,vehicle_id,partic_type,age,gender,vehicle_type,striking_vehicle,collision_type,crash_severity,injury_severity,vehicle_movement,vehicle_direction,weather,road_cond,light_cond,speeding,alcohol,drug
1691165,2016-02-15,17:00:00,MONDAY,Portland Bridges,2,SW,300.35,45.507778,-122.669436,MN,BRIDGE,MARQUAM BRIDGE,9453,NB EXTO PAC HY I-5,4,3193010,DRVR,0,9,PSNGR CAR,1,REAR,PDO,NONE,STRGHT,NE,CLR,DRY,DAY,0,0,0
1691165,2016-02-15,17:00:00,MONDAY,Portland Bridges,2,SW,300.35,45.507778,-122.669436,MN,BRIDGE,MARQUAM BRIDGE,9453,NB EXTO PAC HY I-5,4,3193011,DRVR,0,9,PSNGR CAR,0,REAR,PDO,NONE,STOP,NE,CLR,DRY,DAY,0,0,0
1691091,2016-02-15,18:00:00,MONDAY,Portland N,2,S,306.62,45.59385,-122.683378,MN,STRGHT,PACIFIC HY I-5,9901,EXTO MLK/MARINE C1,6,3192893,DRVR,0,9,PSNGR CAR,1,SS-O,PDO,NONE,STRGHT,N,CLR,DRY,DLIT,0,0,0
1691091,2016-02-15,18:00:00,MONDAY,Portland N,2,S,306.62,45.59385,-122.683378,MN,STRGHT,PACIFIC HY I-5,9901,EXTO MLK/MARINE C1,6,3192894,DRVR,0,9,PSNGR CAR,0,SS-O,PDO,NONE,STRGHT,N,CLR,DRY,DLIT,0,0,0
1691939,2016-02-16,5:00:00,TUESDAY,Portland SW,1,N,299.93,45.503164,-122.674572,MN,STRGHT,SB EF MARQUAM BR,9496,SB EX HOOD AVE C2,2,3194273,DRVR,0,9,PSNGR CAR,1,REAR,PDO,NONE,STRGHT,S,RAIN,WET,DLIT,0,0,0
1691939,2016-02-16,5:00:00,TUESDAY,Portland SW,1,N,299.93,45.503164,-122.674572,MN,STRGHT,SB EF MARQUAM BR,9496,SB EX HOOD AVE C2,2,3194274,DRVR,0,9,PSNGR CAR,0,REAR,PDO,NONE,STRGHT,S,RAIN,WET,DLIT,0,0,0
1691652,2016-02-17,15:00:00,WEDNESDAY,Portland N,1,N,305.14,45.572872,-122.678744,MN,STRGHT,PACIFIC HY I-5,9420,SB EX PTLD BLVD C3,6,3193798,DRVR,0,9,PSNGR CAR,1,SS-O,PDO,NONE,STRGHT,S,CLR,DRY,DAY,0,0,0
1691652,2016-02-17,15:00:00,WEDNESDAY,Portland N,1,N,305.14,45.572872,-122.678744,MN,STRGHT,PACIFIC HY I-5,9420,SB EX PTLD BLVD C3,6,3193799,DRVR,0,9,PSNGR CAR,0,SS-O,PDO,NONE,STRGHT,S,CLR,DRY,DAY,0,0,0
1691498,2016-02-18,14:00:00,THURSDAY,Portland SE,1,N,300.72,45.511975,-122.667211,CN,STRGHT,SB EX MARQUAM BR,302,PACIFIC HY I-5,2,3193552,DRVR,0,9,PSNGR CAR,1,REAR,PDO,NONE,STRGHT,NW,RAIN,WET,DAY,0,0,0
1691498,2016-02-18,14:00:00,THURSDAY,Portland SE,1,N,300.72,45.511975,-122.667211,CN,STRGHT,SB EX MARQUAM BR,302,PACIFIC HY I-5,2,3193553,DRVR,0,9,PSNGR CAR,0,REAR,PDO,NONE,STRGHT,NW,RAIN,WET,DAY,0,0,0
1691615,2016-02-19,9:00:00,FRIDAY,Portland N,1,N,307.63,45.608106,-122.681308,MN,BRIDGE,PACIFIC HY I-5,9902,SB EXTO MARINE DR,8,3193741,DRVR,0,9,PSNGR CAR,1,REAR,PDO,NONE,STRGHT,S,CLR,WET,DAY,0,0,0
1691615,2016-02-19,9:00:00,FRIDAY,Portland N,1,N,307.63,45.608106,-122.681308,MN,BRIDGE,PACIFIC HY I-5,9902,SB EXTO MARINE DR,8,3193742,DRVR,0,9,UNKNOWN,0,REAR,PDO,NONE,STOP,S,CLR,WET,DAY,0,0,0
1691622,2016-02-19,11:00:00,FRIDAY,Portland SE,2,S,300.64,45.510889,-122.666731,MN,STRGHT,PACIFIC HY I-5,9460,NB EXTO BANFIELD C1,6,3193751,DRVR,0,9,PSNGR CAR,1,REAR,PDO,NONE,STRGHT,N,RAIN,WET,DAY,0,0,0
1691622,2016-02-19,11:00:00,FRIDAY,Portland SE,2,S,300.64,45.510889,-122.666731,MN,STRGHT,PACIFIC HY I-5,9460,NB EXTO BANFIELD C1,6,3193752,DRVR,0,9,PSNGR CAR,0,REAR,PDO,NONE,STOP,N,RAIN,WET,DAY,0,0,0
1691541,2016-02-19,14:00:00,FRIDAY,Portland N,2,S,303.65,45.551106,-122.678542,MN,STRGHT,PACIFIC HY I-5,9428,NB EX MISSOURI C1,8,3193621,DRVR,0,9,PSNGR CAR,1,SS-O,PDO,NONE,STRGHT,N,CLR,DRY,DAY,0,0,0
1691541,2016-02-19,14:00:00,FRIDAY,Portland N,2,S,303.65,45.551106,-122.678542,MN,STRGHT,PACIFIC HY I-5,9428,NB EX MISSOURI C1,8,3193622,DRVR,0,9,PSNGR CAR,0,SS-O,PDO,NONE,STRGHT,N,CLR,DRY,DAY,0,0,0
1693016,2016-02-21,14:00:00,SUNDAY,Portland N,2,N,308.35,45.617619,-122.675394,MN,BRIDGE,PACIFIC HY I-5,9456,NB EX JANTZN BCH C1,3,3196231,DRVR,0,9,UNKNOWN,1,REAR,PDO,NONE,STRGHT,N,UNK,UNK,DAY,0,0,0
1693016,2016-02-21,14:00:00,SUNDAY,Portland N,2,N,308.35,45.617619,-122.675394,MN,BRIDGE,PACIFIC HY I-5,9456,NB EX JANTZN BCH C1,3,3196232,DRVR,0,9,PSNGR CAR,0,REAR,PDO,NONE,STOP,N,UNK,UNK,DAY,0,0,0
1692964,2016-02-21,16:00:00,SUNDAY,Portland Bridges,1,NE,300.31,45.507378,-122.670128,MN,BRIDGE,MARQUAM BRIDGE,9452,SB EX MARQUAM BR,3,3196127,DRVR,0,9,PSNGR CAR,1,REAR,PDO,NONE,STRGHT,NE,CLR,DRY,DAY,0,0,0
1692964,2016-02-21,16:00:00,SUNDAY,Portland Bridges,1,NE,300.31,45.507378,-122.670128,MN,BRIDGE,MARQUAM BRIDGE,9452,SB EX MARQUAM BR,3,3196128,DRVR,0,9,PSNGR CAR,0,REAR,PDO,NONE,STOP,NE,CLR,DRY,DAY,0,0,0
1691915,2016-02-21,18:00:00,SUNDAY,Portland N,1,S,304.38,45.562028,-122.678667,MN,STRGHT,PACIFIC HY I-5,9424,SB EX MINNESOTA C2,6,3194230,DRVR,0,9,PSNGR CAR,1,REAR,PDO,NONE,STRGHT,S,CLR,WET,DLIT,0,0,0
1691915,2016-02-21,18:00:00,SUNDAY,Portland N,1,S,304.38,45.562028,-122.678667,MN,STRGHT,PACIFIC HY I-5,9424,SB EX MINNESOTA C2,6,3194231,DRVR,0,9,PSNGR CAR,0,REAR,PDO,NONE,STRGHT,S,CLR,WET,DLIT,0,0,0
1692626,2016-02-24,0:00:00,WEDNESDAY,Portland N,1,SE,302.34,45.535286,-122.667133,MN,STRGHT,PACIFIC HY I-5,9432,SB EX VANCOUVER C3,4,3195525,DRVR,0,9,PSNGR CAR,1,SS-O,PDO,NONE,STRGHT,SE,CLR,DRY,DAY,0,0,0
1692626,2016-02-24,0:00:00,WEDNESDAY,Portland N,1,SE,302.34,45.535286,-122.667133,MN,STRGHT,PACIFIC HY I-5,9432,SB EX VANCOUVER C3,4,3195526,DRVR,0,9,PSNGR CAR,0,SS-O,PDO,NONE,STRGHT,SE,CLR,DRY,DAY,0,0,0
1689777,2016-02-25,16:00:00,THURSDAY,Portland NE,2,S,301.83,45.528008,-122.665217,MN,BRIDGE,PACIFIC HY I-5,9437,NB EF BANFIELD FY,6,3190596,DRVR,0,9,PSNGR CAR,1,REAR,PDO,NONE,STRGHT,N,CLR,DRY,DAY,0,0,0
1689777,2016-02-25,16:00:00,THURSDAY,Portland NE,2,S,301.83,45.528008,-122.665217,MN,BRIDGE,PACIFIC HY I-5,9437,NB EF BANFIELD FY,6,3190597,DRVR,0,9,PSNGR CAR,0,REAR,PDO,NONE,STOP,N,CLR,DRY,DAY,0,0,0
1692132,2016-02-25,17:00:00,THURSDAY,Portland NE,2,S,302.01,45.530503,-122.665167,MN,STRGHT,PACIFIC HY I-5,9434,NB EX WEIDLER C1,6,3194632,DRVR,0,9,PSNGR CAR,1,REAR,PDO,NONE,STRGHT,N,CLR,DRY,DAY,0,0,0
1692132,2016-02-25,17:00:00,THURSDAY,Portland NE,2,S,302.01,45.530503,-122.665167,MN,STRGHT,PACIFIC HY I-5,9434,NB EX WEIDLER C1,6,3194633,DRVR,0,9,PSNGR CAR,0,REAR,PDO,NONE,STOP,N,CLR,DRY,DAY,0,0,0
1692431,2016-02-26,,FRIDAY,Portland NE,1,N,302.08,45.531797,-122.665403,MN,STRGHT,PACIFIC HY I-5,9435,SB EF WILLIAMS C5,6,3195180,DRVR,0,9,PSNGR CAR,1,REAR,PDO,NONE,STRGHT,S,CLR,DRY,DAY,0,0,0
1692431,2016-02-26,,FRIDAY,Portland NE,1,N,302.08,45.531797,-122.665403,MN,STRGHT,PACIFIC HY I-5,9435,SB EF WILLIAMS C5,6,3195181,DRVR,0,9,PSNGR CAR,0,REAR,PDO,NONE,STOP,S,CLR,DRY,DAY,0,0,0
1692472,2016-02-27,13:00:00,SATURDAY,Portland N,2,N,308.28,45.616708,-122.675936,MN,BRIDGE,PACIFIC HY I-5,9457,NB EF JANTZN BCH C2,3,3195252,DRVR,0,9,PSNGR CAR,1,REAR,PDO,NONE,STRGHT,S,CLR,DRY,DAY,0,0,0
1692472,2016-02-27,13:00:00,SATURDAY,Portland N,2,N,308.28,45.616708,-122.675936,MN,BRIDGE,PACIFIC HY I-5,9457,NB EF JANTZN BCH C2,3,3195253,DRVR,0,9,PSNGR CAR,0,REAR,PDO,NONE,STOP,S,CLR,DRY,DAY,0,0,0
1693253,2016-03-01,17:00:00,TUESDAY,Portland Bridges,1,NE,300.35,45.507753,-122.669481,MN,BRIDGE,MARQUAM BRIDGE,9551,WB EF MARQUAM BR C1,3,3196671,DRVR,0,9,PSNGR CAR,1,REAR,PDO,NONE,STRGHT,SW,RAIN,WET,DAY,0,0,0
1693253,2016-03-01,17:00:00,TUESDAY,Portland Bridges,1,NE,300.35,45.507753,-122.669481,MN,BRIDGE,MARQUAM BRIDGE,9551,WB EF MARQUAM BR C1,3,3196672,DRVR,0,9,PSNGR CAR,0,REAR,PDO,NONE,STOP,SW,RAIN,WET,DAY,0,0,0
1693606,2016-03-05,16:00:00,SATURDAY,Portland N,2,S,307.75,45.6095,-122.680136,MN,STRGHT,PACIFIC HY I-5,9456,NB EX JANTZN BCH C1,6,3197296,DRVR,0,9,PSNGR CAR,1,SS-O,PDO,NONE,STRGHT,N,RAIN,WET,DAY,0,0,0
1693606,2016-03-05,16:00:00,SATURDAY,Portland N,2,S,307.75,45.6095,-122.680136,MN,STRGHT,PACIFIC HY I-5,9456,NB EX JANTZN BCH C1,6,3197297,DRVR,0,9,PSNGR CAR,0,SS-O,PDO,NONE,STRGHT,N,RAIN,WET,DAY,0,0,0
1693711,2016-03-06,15:00:00,SUNDAY,Portland NE,1,N,302.04,45.531228,-122.665339,MN,STRGHT,PACIFIC HY I-5,9435,SB EF WILLIAMS C5,6,3197479,DRVR,0,9,PSNGR CAR,1,REAR,PDO,NONE,STRGHT,S,CLR,DRY,DAY,0,0,0
1693711,2016-03-06,15:00:00,SUNDAY,Portland NE,1,N,302.04,45.531228,-122.665339,MN,STRGHT,PACIFIC HY I-5,9435,SB EF WILLIAMS C5,6,3197480,DRVR,0,9,PSNGR CAR,0,REAR,PDO,NONE,STRGHT,S,CLR,DRY,DAY,0,0,0
1694085,2016-03-07,6:00:00,MONDAY,Portland NE,1,W,301.7,45.525147,-122.662897,CN,BRIDGE,NB EXTO BANFIELD C1,305,BANFIELD FY,2,3198145,DRVR,0,9,PSNGR CAR,1,REAR,PDO,NONE,STRGHT,W,RAIN,WET,DAWN,0,0,0
1694085,2016-03-07,6:00:00,MONDAY,Portland NE,1,W,301.7,45.525147,-122.662897,CN,BRIDGE,NB EXTO BANFIELD C1,305,BANFIELD FY,2,3198146,DRVR,0,9,PSNGR CAR,0,REAR,PDO,NONE,STOP,W,RAIN,WET,DAWN,0,0,0
1694206,2016-03-07,11:00:00,MONDAY,Portland N,2,N,308.02,45.613322,-122.677925,MN,BRIDGE,PACIFIC HY I-5,9457,NB EF JANTZN BCH C2,3,3198359,DRVR,0,9,TRUCK,1,SS-O,PDO,NONE,STRGHT,N,CLR,DRY,DAY,0,0,0
1694206,2016-03-07,11:00:00,MONDAY,Portland N,2,N,308.02,45.613322,-122.677925,MN,BRIDGE,PACIFIC HY I-5,9457,NB EF JANTZN BCH C2,3,3198360,DRVR,0,9,PSNGR CAR,0,SS-O,PDO,NONE,STRGHT,N,CLR,DRY,DAY,0,0,0
1693897,2016-03-07,16:00:00,MONDAY,Portland N,2,N,306.75,45.595536,-122.684083,MN,STRGHT,PACIFIC HY I-5,9901,EXTO MLK/MARINE C1,6,3197810,DRVR,0,9,PSNGR CAR,1,REAR,PDO,NONE,STRGHT,N,CLR,DRY,DAY,0,0,0
1693897,2016-03-07,16:00:00,MONDAY,Portland N,2,N,306.75,45.595536,-122.684083,MN,STRGHT,PACIFIC HY I-5,9901,EXTO MLK/MARINE C1,6,3197811,DRVR,0,9,PSNGR CAR,0,REAR,PDO,NONE,STOP,N,CLR,DRY,DAY,0,0,0
1693572,2016-03-09,15:00:00,WEDNESDAY,Portland N,2,NW,302.8,45.540244,-122.6711,MN,STRGHT,PACIFIC HY I-5,9433,NB EF WILLIAMS C2,5,3197234,DRVR,0,9,PSNGR CAR,1,SS-O,PDO,NONE,STRGHT,NW,RAIN,WET,DAY,0,0,0
1693572,2016-03-09,15:00:00,WEDNESDAY,Portland N,2,NW,302.8,45.540244,-122.6711,MN,STRGHT,PACIFIC HY I-5,9433,NB EF WILLIAMS C2,5,3197235,DRVR,0,9,PSNGR CAR,0,SS-O,PDO,NONE,STRGHT,NW,RAIN,WET,DAY,0,0,0
1690471,2016-03-10,8:00:00,THURSDAY,Portland SW,2,N,299.91,45.502869,-122.673319,MN,STRGHT,NB EF MACADAM AV C4,9492,NB EX MARQUAM BR,2,3191837,DRVR,0,9,PSNGR CAR,1,SS-O,PDO,NONE,STRGHT,N,RAIN,WET,DAWN,0,0,0
1690471,2016-03-10,8:00:00,THURSDAY,Portland SW,2,N,299.91,45.502869,-122.673319,MN,STRGHT,NB EF MACADAM AV C4,9492,NB EX MARQUAM BR,2,3191838,DRVR,0,9,PSNGR CAR,0,SS-O,PDO,NONE,STRGHT,N,RAIN,WET,DAWN,0,0,0
1693743,2016-03-10,13:00:00,THURSDAY,Portland N,2,N,308.28,45.616708,-122.675936,MN,BRIDGE,PACIFIC HY I-5,9456,NB EX JANTZN BCH C1,3,3197538,DRVR,0,9,PSNGR CAR,1,REAR,PDO,NONE,STRGHT,N,RAIN,WET,DAY,0,0,0
1693743,2016-03-10,13:00:00,THURSDAY,Portland N,2,N,308.28,45.616708,-122.675936,MN,BRIDGE,PACIFIC HY I-5,9456,NB EX JANTZN BCH C1,3,3197539,DRVR,0,9,PSNGR CAR,0,REAR,PDO,NONE,STOP,N,RAIN,WET,DAY,0,0,0
1693993,2016-03-11,16:00:00,FRIDAY,Portland SW,2,E,300.27,45.507089,-122.670625,MN,BRIDGE,MARQUAM BRIDGE,9550,EB EX MARQUAM BR C2,4,3197975,DRVR,0,9,PSNGR CAR,1,REAR,PDO,NONE,STRGHT,W,RAIN,WET,DAY,0,0,0
1693993,2016-03-11,16:00:00,FRIDAY,Portland SW,2,E,300.27,45.507089,-122.670625,MN,BRIDGE,MARQUAM BRIDGE,9550,EB EX MARQUAM BR C2,4,3197976,DRVR,0,9,PSNGR CAR,0,REAR,PDO,NONE,STOP,W,RAIN,WET,DAY,0,0,0
1694632,2016-03-11,19:00:00,FRIDAY,Portland NE,1,N,302.11,45.532222,-122.6655,MN,STRGHT,PACIFIC HY I-5,9435,SB EF WILLIAMS C5,6,3199066,DRVR,0,9,PSNGR CAR,1,REAR,PDO,NONE,STRGHT,S,RAIN,WET,DLIT,0,0,0
1694632,2016-03-11,19:00:00,FRIDAY,Portland NE,1,N,302.11,45.532222,-122.6655,MN,STRGHT,PACIFIC HY I-5,9435,SB EF WILLIAMS C5,6,3199067,DRVR,0,9,PSNGR CAR,0,REAR,PDO,NONE,STOP,S,RAIN,WET,DLIT,0,0,0
1694050,2016-03-11,20:00:00,FRIDAY,Portland N,1,CN,303.47,45.548797,-122.678753,MN,STRGHT,PACIFIC HY I-5,9430,SB EX FREMONT BR,8,3198083,DRVR,0,9,PSNGR CAR,1,SS-O,PDO,NONE,STRGHT,S,RAIN,WET,DUSK,1,0,0
1694050,2016-03-11,20:00:00,FRIDAY,Portland N,1,CN,303.47,45.548797,-122.678753,MN,STRGHT,PACIFIC HY I-5,9430,SB EX FREMONT BR,8,3198084,DRVR,0,9,PSNGR CAR,0,SS-O,PDO,NONE,STRGHT,S,RAIN,WET,DUSK,1,0,0
1694250,2016-03-12,0:00:00,SATURDAY,Portland N,1,N,307.02,45.599494,-122.6842,MN,STRGHT,PACIFIC HY I-5,609,N DENVER AVE,6,3198430,DRVR,0,9,PSNGR CAR,1,REAR,PDO,NONE,STRGHT,S,UNK,UNK,DAY,0,0,0
1694250,2016-03-12,0:00:00,SATURDAY,Portland N,1,N,307.02,45.599494,-122.6842,MN,STRGHT,PACIFIC HY I-5,609,N DENVER AVE,6,3198431,DRVR,0,9,PSNGR CAR,0,REAR,PDO,NONE,STOP,S,UNK,UNK,DAY,0,0,0
1692902,2016-03-13,13:00:00,SUNDAY,Portland N,2,S,307.67,45.608347,-122.68085,MN,BRIDGE,PACIFIC HY I-5,9456,NB EX JANTZN BCH C1,8,3196016,DRVR,0,9,PSNGR CAR,1,REAR,PDO,NONE,STRGHT,N,CLD,WET,DAY,0,0,0
1692902,2016-03-13,13:00:00,SUNDAY,Portland N,2,S,307.67,45.608347,-122.68085,MN,BRIDGE,PACIFIC HY I-5,9456,NB EX JANTZN BCH C1,8,3196017,DRVR,0,9,PSNGR CAR,0,REAR,PDO,NONE,STRGHT,N,CLD,WET,DAY,0,0,0
1692952,2016-03-13,14:00:00,SUNDAY,Portland NE,1,SW,301.69,45.525119,-122.663131,CN,STRGHT,NB EXTO BANFIELD C1,305,BANFIELD FY,2,3196105,DRVR,0,9,PSNGR CAR,1,REAR,PDO,NONE,STRGHT,SE,CLR,DRY,DAY,0,0,0
1692952,2016-03-13,14:00:00,SUNDAY,Portland NE,1,SW,301.69,45.525119,-122.663131,CN,STRGHT,NB EXTO BANFIELD C1,305,BANFIELD FY,2,3196106,DRVR,0,9,UNKNOWN,0,REAR,PDO,NONE,STOP,SE,CLR,DRY,DAY,0,0,0
1694265,2016-03-15,16:00:00,TUESDAY,Portland SE,2,N,300.99,45.515728,-122.667325,MN,STRGHT,PACIFIC HY I-5,9452,SB EX MARQUAM BR,6,3198455,DRVR,0,9,PSNGR CAR,1,REAR,PDO,NONE,STRGHT,N,RAIN,WET,DAY,1,0,0
1694265,2016-03-15,16:00:00,TUESDAY,Portland SE,2,N,300.99,45.515728,-122.667325,MN,STRGHT,PACIFIC HY I-5,9452,SB EX MARQUAM BR,6,3198456,DRVR,0,9,PSNGR CAR,0,REAR,PDO,NONE,STOP,N,RAIN,WET,DAY,1,0,0
1694574,2016-03-16,9:00:00,WEDNESDAY,Portland N,1,N,304.52,45.564089,-122.678708,MN,STRGHT,PACIFIC HY I-5,9424,SB EX MINNESOTA C2,6,3198965,DRVR,0,9,PSNGR CAR,1,REAR,PDO,NONE,STRGHT,S,CLR,DRY,DAY,0,0,0
1694574,2016-03-16,9:00:00,WEDNESDAY,Portland N,1,N,304.52,45.564089,-122.678708,MN,STRGHT,PACIFIC HY I-5,9424,SB EX MINNESOTA C2,6,3198966,DRVR,0,9,PSNGR CAR,0,REAR,PDO,NONE,STOP,S,CLR,DRY,DAY,0,0,0
1699060,2016-03-17,17:00:00,THURSDAY,Portland N,2,N,304.13,45.558053,-122.678464,MN,STRGHT,PACIFIC HY I-5,9427,NB EF GOING ST C2,4,3206807,DRVR,0,9,PSNGR CAR,1,SS-O,PDO,NONE,STRGHT,N,CLR,DRY,DAY,0,0,0
1699060,2016-03-17,17:00:00,THURSDAY,Portland N,2,N,304.13,45.558053,-122.678464,MN,STRGHT,PACIFIC HY I-5,9427,NB EF GOING ST C2,4,3206808,DRVR,0,9,PSNGR CAR,0,SS-O,PDO,NONE,STRGHT,N,CLR,DRY,DAY,0,0,0
1699017,2016-03-17,18:00:00,THURSDAY,Portland N,1,N,304,45.556372,-122.678703,MN,STRGHT,PACIFIC HY I-5,9425,SB EF MINNESOTA C3,6,3206730,DRVR,0,9,PSNGR CAR,1,REAR,PDO,NONE,STRGHT,S,CLR,DRY,DAY,0,0,0
1699017,2016-03-17,18:00:00,THURSDAY,Portland N,1,N,304,45.556372,-122.678703,MN,STRGHT,PACIFIC HY I-5,9425,SB EF MINNESOTA C3,6,3206731,DRVR,0,9,UNKNOWN,0,REAR,PDO,NONE,STOP,S,CLR,DRY,DAY,0,0,0
1699141,2016-03-18,15:00:00,FRIDAY,Portland N,1,CN,303.47,45.548797,-122.678753,MN,INTER,PACIFIC HY I-5,9430,SB EX FREMONT BR,,3206953,DRVR,0,9,PSNGR CAR,1,BACK,PDO,NONE,BACK,N,CLR,DRY,DAY,0,0,0
1699141,2016-03-18,15:00:00,FRIDAY,Portland N,1,CN,303.47,45.548797,-122.678753,MN,INTER,PACIFIC HY I-5,9430,SB EX FREMONT BR,,3206954,,,,PSNGR CAR,0,BACK,PDO,,PRKD-P,S,CLR,DRY,DAY,0,0,0
1700338,2016-03-18,16:00:00,FRIDAY,Portland N,2,S,303.63,45.550786,-122.678539,MN,STRGHT,PACIFIC HY I-5,9428,NB EX MISSOURI C1,8,3209101,DRVR,0,9,PSNGR CAR,1,REAR,PDO,NONE,STRGHT,N,CLR,DRY,DAY,0,0,0
1700338,2016-03-18,16:00:00,FRIDAY,Portland N,2,S,303.63,45.550786,-122.678539,MN,STRGHT,PACIFIC HY I-5,9428,NB EX MISSOURI C1,8,3209102,DRVR,0,9,PSNGR CAR,0,REAR,PDO,NONE,STOP,N,CLR,DRY,DAY,0,0,0
1699205,2016-03-18,19:00:00,FRIDAY,Portland N,1,SE,304.48,45.563208,-122.678403,CN,STRGHT,NB EF MISSOURI C1,322,PACIFIC HY I-5,1,3207075,DRVR,0,9,PSNGR CAR,1,SS-O,PDO,NONE,STRGHT,N,CLR,DRY,DARK,0,0,0
1699205,2016-03-18,19:00:00,FRIDAY,Portland N,1,SE,304.48,45.563208,-122.678403,CN,STRGHT,NB EF MISSOURI C1,322,PACIFIC HY I-5,1,3207076,DRVR,0,9,PSNGR CAR,0,SS-O,PDO,NONE,STRGHT,N,CLR,DRY,DARK,0,0,0
1699393,2016-03-19,0:00:00,SATURDAY,Portland N,1,N,305.15,45.573064,-122.678742,MN,STRGHT,PACIFIC HY I-5,9420,SB EX PTLD BLVD C3,8,3207402,DRVR,0,9,PSNGR CAR,1,REAR,PDO,NONE,STRGHT,S,CLR,DRY,DAY,0,0,0
1699393,2016-03-19,0:00:00,SATURDAY,Portland N,1,N,305.15,45.573064,-122.678742,MN,STRGHT,PACIFIC HY I-5,9420,SB EX PTLD BLVD C3,8,3207403,DRVR,0,9,PSNGR CAR,0,REAR,PDO,NONE,STOP,S,CLR,DRY,DAY,0,0,0
1699377,2016-03-19,0:00:00,SATURDAY,Portland NE,2,N,301.97,45.529961,-122.665169,MN,STRGHT,PACIFIC HY I-5,9437,NB EF BANFIELD FY,6,3207374,DRVR,0,9,PSNGR CAR,1,REAR,PDO,NONE,STRGHT,N,CLR,DRY,DAY,0,0,0
1699377,2016-03-19,0:00:00,SATURDAY,Portland NE,2,N,301.97,45.529961,-122.665169,MN,STRGHT,PACIFIC HY I-5,9437,NB EF BANFIELD FY,6,3207375,DRVR,0,9,PSNGR CAR,0,REAR,PDO,NONE,STRGHT,N,CLR,DRY,DAY,0,0,0
1699376,2016-03-19,9:00:00,SATURDAY,Portland N,1,NW,302.83,45.535103,-122.667739,CN,INTER,N VANCOUVER AVE,9432,SB EX VANCOUVER C3,,3207372,DRVR,0,9,PSNGR CAR,1,REAR,PDO,NONE,STRGHT,SE,CLR,DRY,DAY,0,0,0
1699376,2016-03-19,9:00:00,SATURDAY,Portland N,1,NW,302.83,45.535103,-122.667739,CN,INTER,N VANCOUVER AVE,9432,SB EX VANCOUVER C3,,3207373,DRVR,0,9,PSNGR CAR,0,REAR,PDO,NONE,STOP,SE,CLR,DRY,DAY,0,0,0
1699391,2016-03-19,13:00:00,SATURDAY,Portland N,1,N,304.1,45.557861,-122.678692,MN,STRGHT,PACIFIC HY I-5,9425,SB EF MINNESOTA C3,6,3207399,DRVR,0,9,PSNGR CAR,1,REAR,PDO,NONE,STRGHT,S,CLR,DRY,DAY,0,0,0
1699391,2016-03-19,13:00:00,SATURDAY,Portland N,1,N,304.1,45.557861,-122.678692,MN,STRGHT,PACIFIC HY I-5,9425,SB EF MINNESOTA C3,6,3207400,DRVR,0,9,PSNGR CAR,0,REAR,PDO,NONE,STOP,S,CLR,DRY,DAY,0,0,0
1699485,2016-03-21,16:00:00,MONDAY,Portland N,2,CN,304.5,45.563539,-122.678444,MN,INTER,PACIFIC HY I-5,9423,NB EF MISSOURI C1,,3207569,DRVR,0,9,PSNGR CAR,1,SS-O,PDO,NONE,STRGHT,N,RAIN,WET,DAY,0,0,0
1699485,2016-03-21,16:00:00,MONDAY,Portland N,2,CN,304.5,45.563539,-122.678444,MN,INTER,PACIFIC HY I-5,9423,NB EF MISSOURI C1,,3207570,DRVR,0,9,PSNGR CAR,0,SS-O,PDO,NONE,STRGHT,N,RAIN,WET,DAY,0,0,0
1699549,2016-03-22,15:00:00,TUESDAY,Portland SE,2,S,300.57,45.50995,-122.666683,MN,BRIDGE,PACIFIC HY I-5,9460,NB EXTO BANFIELD C1,4,3207680,DRVR,0,9,PSNGR CAR,1,REAR,PDO,NONE,STRGHT,N,CLR,DRY,DAY,0,0,0
1699549,2016-03-22,15:00:00,TUESDAY,Portland SE,2,S,300.57,45.50995,-122.666683,MN,BRIDGE,PACIFIC HY I-5,9460,NB EXTO BANFIELD C1,4,3207681,DRVR,0,9,PSNGR CAR,0,REAR,PDO,NONE,STRGHT,N,CLR,DRY,DAY,0,0,0
1700115,2016-03-27,13:00:00,SUNDAY,Portland Bridges,1,S,300.27,45.507003,-122.670775,MN,INTER,MARQUAM BRIDGE,9452,SB EX MARQUAM BR,,3208704,DRVR,0,9,PSNGR CAR,1,FIX,PDO,NONE,STRGHT,S,RAIN,WET,DAY,0,0,0
1700147,2016-03-28,7:00:00,MONDAY,Portland N,1,S,307.97,45.6127,-122.678656,MN,STRGHT,PACIFIC HY I-5,9458,SB EX JANTZN BCH C4,6,3208759,DRVR,0,9,PSNGR CAR,1,SS-O,PDO,NONE,STRGHT,S,CLR,DRY,DAY,0,0,0