crashid,date,hour,day,city_section,highwayid,compass,milepost,lat,lon,road_type,road_char,street_name,isect_num,isect_name,lane_quantity,vehicle_id,partic_type,age,gender,vehicle_type,striking_vehicle,collision_type,crash_severity,injury_severity,vehicle_movement,vehicle_direction,weather,road_cond,light_cond,speeding,alcohol,drug
1700147,2016-03-28,7:00:00,MONDAY,Portland N,1,S,307.97,45.6127,-122.678656,MN,STRGHT,PACIFIC HY I-5,9458,SB EX JANTZN BCH C4,6,3208760,DRVR,0,9,PSNGR CAR,0,SS-O,PDO,NONE,STRGHT,S,CLR,DRY,DAY,0,0,0
1700235,2016-03-28,14:00:00,MONDAY,Portland N,2,S,307.9,45.611667,-122.678894,MN,STRGHT,PACIFIC HY I-5,9457,NB EF JANTZN BCH C2,6,3208916,DRVR,0,9,PSNGR CAR,1,REAR,PDO,NONE,STRGHT,N,UNK,UNK,DAY,0,0,0
1700235,2016-03-28,14:00:00,MONDAY,Portland N,2,S,307.9,45.611667,-122.678894,MN,STRGHT,PACIFIC HY I-5,9457,NB EF JANTZN BCH C2,6,3208917,DRVR,0,9,PSNGR CAR,0,REAR,PDO,NONE,STRGHT,N,UNK,UNK,DAY,0,0,0
1700226,2016-03-28,16:00:00,MONDAY,Portland N,1,NW,303.54,45.549783,-122.678753,MN,STRGHT,PACIFIC HY I-5,9430,SB EX FREMONT BR,8,3208900,DRVR,0,9,PSNGR CAR,1,REAR,PDO,NONE,STRGHT,SE,CLR,DRY,DAY,0,0,0
1700226,2016-03-28,16:00:00,MONDAY,Portland N,1,NW,303.54,45.549783,-122.678753,MN,STRGHT,PACIFIC HY I-5,9430,SB EX FREMONT BR,8,3208901,DRVR,0,9,PSNGR CAR,0,REAR,PDO,NONE,STOP,SE,CLR,DRY,DAY,0,0,0
1700502,2016-03-30,13:00:00,WEDNESDAY,Portland N,2,CN,307.19,45.601519,-122.683403,MN,INTER,PACIFIC HY I-5,609,N DENVER AVE,,3209399,DRVR,0,9,PSNGR CAR,1,SS-O,PDO,NONE,STRGHT,N,UNK,UNK,DAY,0,0,0
1700502,2016-03-30,13:00:00,WEDNESDAY,Portland N,2,CN,307.19,45.601519,-122.683403,MN,INTER,PACIFIC HY I-5,609,N DENVER AVE,,3209400,DRVR,0,9,PSNGR CAR,0,SS-O,PDO,NONE,STRGHT,N,UNK,UNK,DAY,0,0,0
1700453,2016-03-30,15:00:00,WEDNESDAY,Portland N,2,N,308.11,45.614492,-122.677225,MN,BRIDGE,PACIFIC HY I-5,9457,NB EF JANTZN BCH C2,6,3209308,DRVR,0,9,PSNGR CAR,1,REAR,PDO,NONE,STRGHT,N,CLR,DRY,DAY,0,0,0
1700453,2016-03-30,15:00:00,WEDNESDAY,Portland N,2,N,308.11,45.614492,-122.677225,MN,BRIDGE,PACIFIC HY I-5,9457,NB EF JANTZN BCH C2,6,3209309,DRVR,0,9,PSNGR CAR,0,REAR,PDO,NONE,STOP,N,CLR,DRY,DAY,0,0,0
1698237,2016-03-31,18:00:00,THURSDAY,Portland NE,1,S,302.28,45.534369,-122.665719,CN,INTER,NE WEIDLER ST,9434,NB EX WEIDLER C1,,3205270,DRVR,0,9,PSNGR CAR,1,REAR,PDO,NONE,STRGHT,N,CLR,DRY,DUSK,0,0,0
1698237,2016-03-31,18:00:00,THURSDAY,Portland NE,1,S,302.28,45.534369,-122.665719,CN,INTER,NE WEIDLER ST,9434,NB EX WEIDLER C1,,3205271,DRVR,0,9,PSNGR CAR,0,REAR,PDO,NONE,TURN-R,E,CLR,DRY,DUSK,0,0,0
1700769,2016-04-02,15:00:00,SATURDAY,Portland N,2,S,307.96,45.612531,-122.6784,MN,STRGHT,PACIFIC HY I-5,9457,NB EF JANTZN BCH C2,6,3209883,DRVR,0,9,PSNGR CAR,1,REAR,PDO,NONE,STRGHT,N,CLR,DRY,DAY,0,0,0
1700769,2016-04-02,15:00:00,SATURDAY,Portland N,2,S,307.96,45.612531,-122.6784,MN,STRGHT,PACIFIC HY I-5,9457,NB EF JANTZN BCH C2,6,3209884,DRVR,0,9,PSNGR CAR,0,REAR,PDO,NONE,STOP,N,CLR,DRY,DAY,0,0,0
1703025,2016-04-06,15:00:00,WEDNESDAY,Portland SW,1,CN,299.56,45.497789,-122.673475,MN,INTER,PACIFIC HY I-5,9493,SB EF MARQUAM BR,,3214014,DRVR,0,9,PSNGR CAR,1,FIX,PDO,NONE,STRGHT,S,CLR,DRY,DAY,0,0,0
1701190,2016-04-06,18:00:00,WEDNESDAY,Portland NE,2,N,302.21,45.533183,-122.665608,MN,STRGHT,PACIFIC HY I-5,9434,NB EX WEIDLER C1,4,3210686,DRVR,0,9,PSNGR CAR,1,SS-O,PDO,NONE,STRGHT,NW,UNK,DRY,DAY,0,0,0
1701190,2016-04-06,18:00:00,WEDNESDAY,Portland NE,2,N,302.21,45.533183,-122.665608,MN,STRGHT,PACIFIC HY I-5,9434,NB EX WEIDLER C1,4,3210687,DRVR,0,9,PSNGR CAR,0,SS-O,PDO,NONE,STRGHT,NW,UNK,DRY,DAY,0,0,0
1701336,2016-04-09,11:00:00,SATURDAY,Portland N,1,S,304.75,45.567406,-122.678703,MN,INTER,PACIFIC HY I-5,9421,SB EF PTLD BLVD C4,,3210963,DRVR,0,9,PSNGR CAR,1,REAR,PDO,NONE,STRGHT,S,CLR,DRY,DAY,0,0,0
1701336,2016-04-09,11:00:00,SATURDAY,Portland N,1,S,304.75,45.567406,-122.678703,MN,INTER,PACIFIC HY I-5,9421,SB EF PTLD BLVD C4,,3210964,DRVR,0,9,PSNGR CAR,0,REAR,PDO,NONE,STOP,S,CLR,DRY,DAY,0,0,0
1701368,2016-04-11,13:00:00,MONDAY,Portland N,2,SE,302.41,45.535628,-122.667208,MN,STRGHT,PACIFIC HY I-5,9433,NB EF WILLIAMS C2,4,3211019,DRVR,0,9,PSNGR CAR,1,REAR,PDO,NONE,STRGHT,NW,CLR,DRY,DAY,0,0,0
1701368,2016-04-11,13:00:00,MONDAY,Portland N,2,SE,302.41,45.535628,-122.667208,MN,STRGHT,PACIFIC HY I-5,9433,NB EF WILLIAMS C2,4,3211020,DRVR,0,9,PSNGR CAR,0,REAR,PDO,NONE,STRGHT,NW,CLR,DRY,DAY,0,0,0
1691086,2016-04-12,0:00:00,TUESDAY,Portland SE,1,S,301.12,45.518006,-122.666953,MN,STRGHT,PACIFIC HY I-5,9439,SB ENFR BANFIELD C2,5,3192883,DRVR,0,9,PSNGR CAR,1,SS-O,PDO,NONE,STRGHT,S,CLR,DRY,DAY,0,0,0
1691086,2016-04-12,0:00:00,TUESDAY,Portland SE,1,S,301.12,45.518006,-122.666953,MN,STRGHT,PACIFIC HY I-5,9439,SB ENFR BANFIELD C2,5,3192884,DRVR,0,9,PSNGR CAR,0,SS-O,PDO,NONE,STRGHT,S,CLR,DRY,DAY,0,0,0
1701400,2016-04-12,14:00:00,TUESDAY,Portland N,1,CN,305.44,45.577225,-122.6775,CN,INTER,N LOMBARD ST,9415,SB EF LOMBARD WB C2,,3211071,DRVR,0,9,PSNGR CAR,1,TURN,PDO,NONE,STRGHT,E,CLR,DRY,DAY,0,0,0
1701400,2016-04-12,14:00:00,TUESDAY,Portland N,1,CN,305.44,45.577225,-122.6775,CN,INTER,N LOMBARD ST,9415,SB EF LOMBARD WB C2,,3211072,DRVR,0,9,PSNGR CAR,0,TURN,PDO,NONE,TURN-R,E,CLR,DRY,DAY,0,0,0
1701599,2016-04-14,11:00:00,THURSDAY,Portland N,1,N,306,45.585194,-122.679753,MN,STRGHT,PACIFIC HY I-5,9413,SB EF COL BLVD C2,6,3211439,DRVR,0,9,PSNGR CAR,1,REAR,PDO,NONE,STRGHT,S,CLR,UNK,DAY,0,0,0
1701599,2016-04-14,11:00:00,THURSDAY,Portland N,1,N,306,45.585194,-122.679753,MN,STRGHT,PACIFIC HY I-5,9413,SB EF COL BLVD C2,6,3211440,DRVR,0,9,PSNGR CAR,0,REAR,PDO,NONE,STOP,S,CLR,UNK,DAY,0,0,0
1701553,2016-04-14,11:00:00,THURSDAY,Portland SE,2,N,301.37,45.521586,-122.665517,MN,STRGHT,PACIFIC HY I-5,9449,NB EF MORRISN BR C3,4,3211357,DRVR,0,9,PSNGR CAR,1,REAR,PDO,NONE,STRGHT,N,RAIN,WET,DAY,0,0,0
1701553,2016-04-14,11:00:00,THURSDAY,Portland SE,2,N,301.37,45.521586,-122.665517,MN,STRGHT,PACIFIC HY I-5,9449,NB EF MORRISN BR C3,4,3211358,DRVR,0,9,PSNGR CAR,0,REAR,PDO,NONE,STRGHT,N,RAIN,WET,DAY,0,0,0
1701637,2016-04-16,10:00:00,SATURDAY,Portland N,1,N,304.16,45.558753,-122.678681,MN,STRGHT,PACIFIC HY I-5,9425,SB EF MINNESOTA C3,6,3211514,DRVR,0,9,PSNGR CAR,1,REAR,PDO,NONE,STRGHT,S,CLR,DRY,DAY,0,0,0
1701637,2016-04-16,10:00:00,SATURDAY,Portland N,1,N,304.16,45.558753,-122.678681,MN,STRGHT,PACIFIC HY I-5,9425,SB EF MINNESOTA C3,6,3211515,DRVR,0,9,PSNGR CAR,0,REAR,PDO,NONE,STRGHT,S,CLR,DRY,DAY,0,0,0
1701776,2016-04-17,11:00:00,SUNDAY,Portland NE,1,S,301.9,45.528542,-122.665375,MN,BRIDGE,PACIFIC HY I-5,9436,SB EX BANFIELD FY,5,3211770,DRVR,0,9,PSNGR CAR,1,REAR,PDO,NONE,STRGHT,S,CLR,DRY,DAY,0,0,0
1701776,2016-04-17,11:00:00,SUNDAY,Portland NE,1,S,301.9,45.528542,-122.665375,MN,BRIDGE,PACIFIC HY I-5,9436,SB EX BANFIELD FY,5,3211771,DRVR,0,9,PSNGR CAR,0,REAR,PDO,NONE,STRGHT,S,CLR,DRY,DAY,0,0,0
1701942,2016-04-19,13:00:00,TUESDAY,Portland N,2,N,307.98,45.612806,-122.678239,MN,STRGHT,PACIFIC HY I-5,9457,NB EF JANTZN BCH C2,6,3212080,DRVR,0,9,PSNGR CAR,1,REAR,PDO,NONE,STRGHT,N,UNK,UNK,DAY,0,0,0
1701942,2016-04-19,13:00:00,TUESDAY,Portland N,2,N,307.98,45.612806,-122.678239,MN,STRGHT,PACIFIC HY I-5,9457,NB EF JANTZN BCH C2,6,3212081,DRVR,0,9,PSNGR CAR,0,REAR,PDO,NONE,STRGHT,N,UNK,UNK,DAY,0,0,0
1702648,2016-04-20,7:00:00,WEDNESDAY,Portland SW,2,S,299.42,45.496231,-122.673317,MN,STRGHT,PACIFIC HY I-5,9492,NB EX MARQUAM BR,6,3213336,DRVR,0,9,PSNGR CAR,1,REAR,PDO,NONE,STRGHT,N,CLR,DRY,DAY,0,0,0
1702648,2016-04-20,7:00:00,WEDNESDAY,Portland SW,2,S,299.42,45.496231,-122.673317,MN,STRGHT,PACIFIC HY I-5,9492,NB EX MARQUAM BR,6,3213337,DRVR,0,9,PSNGR CAR,0,REAR,PDO,NONE,STRGHT,N,CLR,DRY,DAY,0,0,0
1702057,2016-04-20,18:00:00,WEDNESDAY,Portland N,2,S,305,45.570683,-122.678553,MN,STRGHT,PACIFIC HY I-5,9419,NB EF PTLD BLVD C2,6,3212278,DRVR,0,9,SEMI TOW,1,REAR,PDO,NONE,STRGHT,N,CLR,DRY,DAY,0,0,0
1702057,2016-04-20,18:00:00,WEDNESDAY,Portland N,2,S,305,45.570683,-122.678553,MN,STRGHT,PACIFIC HY I-5,9419,NB EF PTLD BLVD C2,6,3212279,DRVR,0,9,PSNGR CAR,0,REAR,PDO,NONE,STRGHT,N,CLR,DRY,DAY,0,0,0
1702613,2016-04-25,0:00:00,MONDAY,Portland NE,1,S,301.9,45.528542,-122.665375,MN,STRGHT,PACIFIC HY I-5,9436,SB EX BANFIELD FY,4,3213272,DRVR,0,9,PSNGR CAR,1,REAR,PDO,NONE,STRGHT,S,CLR,DRY,DAY,0,0,0
1702613,2016-04-25,0:00:00,MONDAY,Portland NE,1,S,301.9,45.528542,-122.665375,MN,STRGHT,PACIFIC HY I-5,9436,SB EX BANFIELD FY,4,3213273,DRVR,0,9,PSNGR CAR,0,REAR,PDO,NONE,STRGHT,S,CLR,DRY,DAY,0,0,0
1702532,2016-04-25,18:00:00,MONDAY,Portland NE,2,S,301.83,45.528008,-122.665217,MN,STRGHT,PACIFIC HY I-5,9437,NB EF BANFIELD FY,4,3213126,DRVR,0,9,PSNGR CAR,1,REAR,PDO,NONE,STRGHT,N,CLR,DRY,DAY,0,0,0
1702532,2016-04-25,18:00:00,MONDAY,Portland NE,2,S,301.83,45.528008,-122.665217,MN,STRGHT,PACIFIC HY I-5,9437,NB EF BANFIELD FY,4,3213127,DRVR,0,9,PSNGR CAR,0,REAR,PDO,NONE,STOP,N,CLR,DRY,DAY,0,0,0
1702646,2016-04-26,9:00:00,TUESDAY,Portland N,1,N,304.01,45.556522,-122.6787,MN,STRGHT,PACIFIC HY I-5,9425,SB EF MINNESOTA C3,6,3213332,DRVR,0,9,UNKNOWN,1,REAR,PDO,NONE,STRGHT,S,CLR,DRY,DAY,0,0,0
1702646,2016-04-26,9:00:00,TUESDAY,Portland N,1,N,304.01,45.556522,-122.6787,MN,STRGHT,PACIFIC HY I-5,9425,SB EF MINNESOTA C3,6,3213333,DRVR,0,9,PSNGR CAR,0,REAR,PDO,NONE,STOP,S,CLR,DRY,DAY,0,0,0
1702704,2016-04-27,21:00:00,WEDNESDAY,Portland N,2,N,304.93,45.569683,-122.678528,MN,STRGHT,PACIFIC HY I-5,9422,NB EX PTLD BLVD C1,6,3213440,DRVR,0,9,UNKNOWN,1,REAR,PDO,NONE,STRGHT,N,UNK,UNK,DARK,0,0,0
1702704,2016-04-27,21:00:00,WEDNESDAY,Portland N,2,N,304.93,45.569683,-122.678528,MN,STRGHT,PACIFIC HY I-5,9422,NB EX PTLD BLVD C1,6,3213441,DRVR,0,9,PSNGR CAR,0,REAR,PDO,NONE,STRGHT,N,UNK,UNK,DARK,0,0,0
1702755,2016-04-28,14:00:00,THURSDAY,Portland N,1,NW,302.61,45.538608,-122.669936,MN,STRGHT,PACIFIC HY I-5,9432,SB EX VANCOUVER C3,7,3213530,DRVR,0,9,PSNGR CAR,1,SS-O,PDO,NONE,STRGHT,SE,CLR,DRY,DAY,0,0,0
1702755,2016-04-28,14:00:00,THURSDAY,Portland N,1,NW,302.61,45.538608,-122.669936,MN,STRGHT,PACIFIC HY I-5,9432,SB EX VANCOUVER C3,7,3213531,DRVR,0,9,PSNGR CAR,0,SS-O,PDO,NONE,STRGHT,SE,CLR,DRY,DAY,0,0,0
1702809,2016-04-29,15:00:00,FRIDAY,Portland SE,1,S,300.55,45.509878,-122.666708,MN,BRIDGE,PACIFIC HY I-5,9460,NB EXTO BANFIELD C1,6,3213622,DRVR,0,9,PSNGR CAR,1,SS-O,PDO,NONE,STRGHT,N,RAIN,WET,DAY,0,0,0
1702809,2016-04-29,15:00:00,FRIDAY,Portland SE,1,S,300.55,45.509878,-122.666708,MN,BRIDGE,PACIFIC HY I-5,9460,NB EXTO BANFIELD C1,6,3213623,DRVR,0,9,PSNGR CAR,0,SS-O,PDO,NONE,STRGHT,N,RAIN,WET,DAY,0,0,0
1703572,2016-05-04,9:00:00,WEDNESDAY,Portland N,1,S,303.94,45.555483,-122.678719,MN,GRADE,PACIFIC HY I-5,9425,SB EF MINNESOTA C3,6,3215050,DRVR,0,9,PSNGR CAR,1,REAR,PDO,NONE,STRGHT,S,CLD,DRY,DAY,1,0,0
1703572,2016-05-04,9:00:00,WEDNESDAY,Portland N,1,S,303.94,45.555483,-122.678719,MN,GRADE,PACIFIC HY I-5,9425,SB EF MINNESOTA C3,6,3215051,DRVR,0,9,PSNGR CAR,0,REAR,PDO,NONE,STRGHT,S,CLD,DRY,DAY,1,0,0
1703657,2016-05-05,4:00:00,THURSDAY,Portland Bridges,2,NE,300.37,45.50795,-122.669139,MN,BRIDGE,MARQUAM BRIDGE,9452,SB EX MARQUAM BR,4,3215210,DRVR,0,9,PSNGR CAR,1,FIX,PDO,NONE,STRGHT,SW,UNK,DRY,DARK,0,0,0
1703657,2016-05-05,4:00:00,THURSDAY,Portland Bridges,2,NE,300.37,45.50795,-122.669139,MN,BRIDGE,MARQUAM BRIDGE,9452,SB EX MARQUAM BR,4,3215211,DRVR,0,9,PSNGR CAR,0,FIX,PDO,NONE,STRGHT,SW,UNK,DRY,DARK,0,0,0
1703670,2016-05-05,8:00:00,THURSDAY,Portland N,1,S,305.03,45.57125,-122.678725,MN,STRGHT,PACIFIC HY I-5,9420,SB EX PTLD BLVD C3,6,3215236,DRVR,0,9,PSNGR CAR,1,REAR,PDO,NONE,STRGHT,S,CLR,DRY,DAY,0,0,0
1703670,2016-05-05,8:00:00,THURSDAY,Portland N,1,S,305.03,45.57125,-122.678725,MN,STRGHT,PACIFIC HY I-5,9420,SB EX PTLD BLVD C3,6,3215237,DRVR,0,9,PSNGR CAR,0,REAR,PDO,NONE,STOP,S,CLR,DRY,DAY,0,0,0
1703664,2016-05-05,15:00:00,THURSDAY,Portland N,1,N,304.85,45.568781,-122.678681,MN,STRGHT,PACIFIC HY I-5,9421,SB EF PTLD BLVD C4,6,3215224,DRVR,0,9,PSNGR CAR,1,REAR,PDO,NONE,STRGHT,S,CLR,DRY,DAY,0,0,0
1703664,2016-05-05,15:00:00,THURSDAY,Portland N,1,N,304.85,45.568781,-122.678681,MN,STRGHT,PACIFIC HY I-5,9421,SB EF PTLD BLVD C4,6,3215225,DRVR,0,9,PSNGR CAR,0,REAR,PDO,NONE,STRGHT,S,CLR,DRY,DAY,0,0,0
1704099,2016-05-10,13:00:00,TUESDAY,Portland N,1,SE,308.13,45.611786,-122.680339,CN,STRGHT,SB EX JANTZN BCH C4,432,CENTER AVE,1,3216049,DRVR,0,9,UNKNOWN,1,BACK,PDO,NONE,BACK,SE,CLR,DRY,DAY,0,0,0
1704099,2016-05-10,13:00:00,TUESDAY,Portland N,1,SE,308.13,45.611786,-122.680339,CN,STRGHT,SB EX JANTZN BCH C4,432,CENTER AVE,1,3216050,DRVR,0,9,PSNGR CAR,0,BACK,PDO,NONE,STOP,NW,CLR,DRY,DAY,0,0,0
1704226,2016-05-12,7:00:00,THURSDAY,Portland NE,1,W,301.58,45.523969,-122.664983,CN,BRIDGE,NB EXTO BANFIELD C1,305,BANFIELD FY,2,3216285,DRVR,0,9,PSNGR CAR,1,REAR,PDO,NONE,STRGHT,N,CLR,DRY,DAY,0,0,0
1704226,2016-05-12,7:00:00,THURSDAY,Portland NE,1,W,301.58,45.523969,-122.664983,CN,BRIDGE,NB EXTO BANFIELD C1,305,BANFIELD FY,2,3216286,DRVR,0,9,PSNGR CAR,0,REAR,PDO,NONE,STRGHT,N,CLR,DRY,DAY,0,0,0
1704247,2016-05-12,13:00:00,THURSDAY,Portland SE,2,W,300.49,45.509,-122.667375,MN,BRIDGE,PACIFIC HY I-5,9460,NB EXTO BANFIELD C1,4,3216319,DRVR,0,9,PSNGR CAR,1,REAR,PDO,NONE,STRGHT,E,CLR,DRY,DAY,0,0,0
1704247,2016-05-12,13:00:00,THURSDAY,Portland SE,2,W,300.49,45.509,-122.667375,MN,BRIDGE,PACIFIC HY I-5,9460,NB EXTO BANFIELD C1,4,3216320,DRVR,0,9,PSNGR CAR,0,REAR,PDO,NONE,STOP,E,CLR,DRY,DAY,0,0,0
1704254,2016-05-12,13:00:00,THURSDAY,Portland SE,2,N,300.64,45.510889,-122.666731,MN,BRIDGE,PACIFIC HY I-5,9453,NB EF MARQUAM BR,4,3216333,DRVR,0,9,PSNGR CAR,1,REAR,PDO,NONE,STRGHT,N,CLR,DRY,DAY,0,0,0
1704254,2016-05-12,13:00:00,THURSDAY,Portland SE,2,N,300.64,45.510889,-122.666731,MN,BRIDGE,PACIFIC HY I-5,9453,NB EF MARQUAM BR,4,3216334,DRVR,0,9,PSNGR CAR,0,REAR,PDO,NONE,STRGHT,N,CLR,DRY,DAY,0,0,0
1704458,2016-05-12,17:00:00,THURSDAY,Portland N,1,N,304.89,45.569328,-122.678692,MN,STRGHT,PACIFIC HY I-5,9421,SB EF PTLD BLVD C4,6,3216705,DRVR,0,9,UNKNOWN,1,REAR,PDO,NONE,STRGHT,S,CLR,DRY,DAY,0,0,0
1704458,2016-05-12,17:00:00,THURSDAY,Portland N,1,N,304.89,45.569328,-122.678692,MN,STRGHT,PACIFIC HY I-5,9421,SB EF PTLD BLVD C4,6,3216706,DRVR,0,9,PSNGR CAR,0,REAR,PDO,NONE,STOP,S,CLR,DRY,DAY,0,0,0
1705197,2016-05-14,0:00:00,SATURDAY,Portland NE,2,S,301.5,45.523397,-122.665364,MN,STRGHT,PACIFIC HY I-5,9437,NB EF BANFIELD FY,4,3218020,DRVR,0,9,PSNGR CAR,1,REAR,PDO,NONE,STRGHT,N,RAIN,WET,DAY,0,0,0
1705197,2016-05-14,0:00:00,SATURDAY,Portland NE,2,S,301.5,45.523397,-122.665364,MN,STRGHT,PACIFIC HY I-5,9437,NB EF BANFIELD FY,4,3218021,DRVR,0,9,PSNGR CAR,0,REAR,PDO,NONE,STOP,N,RAIN,WET,DAY,0,0,0
1705125,2016-05-14,16:00:00,SATURDAY,Portland N,1,SE,302.42,45.536275,-122.667958,MN,STRGHT,PACIFIC HY I-5,9432,SB EX VANCOUVER C3,4,3217886,DRVR,0,9,UNKNOWN,1,REAR,PDO,NONE,STRGHT,SE,RAIN,WET,DAY,0,0,0
1705125,2016-05-14,16:00:00,SATURDAY,Portland N,1,SE,302.42,45.536275,-122.667958,MN,STRGHT,PACIFIC HY I-5,9432,SB EX VANCOUVER C3,4,3217887,DRVR,0,9,PSNGR CAR,0,REAR,PDO,NONE,STOP,SE,RAIN,WET,DAY,0,0,0
1704981,2016-05-18,17:00:00,WEDNESDAY,Portland SW,1,N,300.02,45.498236,-122.673803,CN,TRANS,SB EX HOOD AVE C2,1065,SW HOOD AVE,1,3217630,DRVR,0,9,PSNGR CAR,1,REAR,PDO,NONE,STRGHT,S,CLR,DRY,DAY,0,0,0
1704981,2016-05-18,17:00:00,WEDNESDAY,Portland SW,1,N,300.02,45.498236,-122.673803,CN,TRANS,SB EX HOOD AVE C2,1065,SW HOOD AVE,1,3217631,DRVR,0,9,PSNGR CAR,0,REAR,PDO,NONE,STOP,S,CLR,DRY,DAY,0,0,0
1705319,2016-05-19,14:00:00,THURSDAY,Portland N,2,N,305.24,45.574047,-122.678547,MN,STRGHT,PACIFIC HY I-5,9418,NB EX LOMBARD EB C1,7,3218242,DRVR,0,9,PSNGR CAR,1,REAR,PDO,NONE,STRGHT,N,UNK,UNK,DAY,0,0,0
1705319,2016-05-19,14:00:00,THURSDAY,Portland N,2,N,305.24,45.574047,-122.678547,MN,STRGHT,PACIFIC HY I-5,9418,NB EX LOMBARD EB C1,7,3218243,DRVR,0,9,PSNGR CAR,0,REAR,PDO,NONE,STOP,N,UNK,UNK,DAY,0,0,0
1705338,2016-05-20,20:00:00,FRIDAY,Portland N,1,SW,305.42,45.576933,-122.677697,CN,STRGHT,NB EX LOMBARD EB C1,1432,N LOMBARD ST,1,3218280,DRVR,0,9,PSNGR CAR,1,FIX,PDO,NONE,STRGHT,NE,CLR,DRY,DAY,1,1,1
1705692,2016-05-25,13:00:00,WEDNESDAY,Portland N,1,SE,302.58,45.538244,-122.669622,MN,STRGHT,PACIFIC HY I-5,9432,SB EX VANCOUVER C3,6,3218923,DRVR,0,9,PSNGR CAR,1,REAR,PDO,NONE,STRGHT,SE,CLR,DRY,DAY,0,0,0
1705692,2016-05-25,13:00:00,WEDNESDAY,Portland N,1,SE,302.58,45.538244,-122.669622,MN,STRGHT,PACIFIC HY I-5,9432,SB EX VANCOUVER C3,6,3218924,DRVR,0,9,PSNGR CAR,0,REAR,PDO,NONE,STOP,SE,CLR,DRY,DAY,0,0,0
1705901,2016-05-29,13:00:00,SUNDAY,Portland N,1,CN,304.93,45.569917,-122.677681,CN,INTER,N ROSA PARKS WY,9419,NB EF PTLD BLVD C2,,3219300,DRVR,0,9,PSNGR CAR,1,TURN,PDO,NONE,TURN-R,N,CLR,DRY,DAY,0,0,0
1705901,2016-05-29,13:00:00,SUNDAY,Portland N,1,CN,304.93,45.569917,-122.677681,CN,INTER,N ROSA PARKS WY,9419,NB EF PTLD BLVD C2,,3219301,DRVR,0,9,PSNGR CAR,0,TURN,PDO,NONE,STRGHT,W,CLR,DRY,DAY,0,0,0
1707725,2016-05-30,23:00:00,MONDAY,Portland SW,1,NW,299.89,45.502581,-122.674475,MN,STRGHT,SB EF MARQUAM BR,9496,SB EX HOOD AVE C2,2,3222630,DRVR,0,9,UNKNOWN,1,SS-O,PDO,NONE,STRGHT,S,UNK,UNK,DLIT,0,0,0
1707725,2016-05-30,23:00:00,MONDAY,Portland SW,1,NW,299.89,45.502581,-122.674475,MN,STRGHT,SB EF MARQUAM BR,9496,SB EX HOOD AVE C2,2,3222631,DRVR,0,9,PSNGR CAR,0,SS-O,PDO,NONE,STRGHT,S,UNK,UNK,DLIT,0,0,0
1694910,2016-06-05,15:00:00,SUNDAY,Portland N,1,NE,307.3,45.603103,-122.681817,CN,CURVE,NB EXTO MARINE DR,9905,EB EXTO UNION CT FR,1,3199553,DRVR,0,9,TRUCK,1,NCOL,PDO,NONE,STRGHT,NE,CLR,DRY,DAY,1,0,0
1706833,2016-06-09,13:00:00,THURSDAY,Portland NE,1,N,302,45.530589,-122.66535,MN,BRIDGE,PACIFIC HY I-5,9436,SB EX BANFIELD FY,6,3221009,DRVR,0,9,PSNGR CAR,1,REAR,PDO,NONE,STRGHT,S,RAIN,WET,DAY,0,0,0
1706833,2016-06-09,13:00:00,THURSDAY,Portland NE,1,N,302,45.530589,-122.66535,MN,BRIDGE,PACIFIC HY I-5,9436,SB EX BANFIELD FY,6,3221010,DRVR,0,9,PSNGR CAR,0,REAR,PDO,NONE,STOP,S,RAIN,WET,DAY,0,0,0
1694974,2016-06-10,16:00:00,FRIDAY,Portland N,2,S,304.43,45.5625,-122.678439,MN,STRGHT,PACIFIC HY I-5,9423,NB EF MISSOURI C1,6,3199668,DRVR,0,9,SEMI TOW,1,REAR,PDO,NONE,STRGHT,N,RAIN,WET,DAY,0,0,0
1694974,2016-06-10,16:00:00,FRIDAY,Portland N,2,S,304.43,45.5625,-122.678439,MN,STRGHT,PACIFIC HY I-5,9423,NB EF MISSOURI C1,6,3199669,DRVR,0,9,PSNGR CAR,0,REAR,PDO,NONE,STOP,N,RAIN,WET,DAY,0,0,0
1694981,2016-06-11,2:00:00,SATURDAY,Portland N,2,S,303.97,45.555781,-122.678486,MN,STRGHT,PACIFIC HY I-5,9427,NB EF GOING ST C2,6,3199682,DRVR,0,9,SEMI TOW,1,SS-O,PDO,NONE,STRGHT,N,UNK,UNK,DLIT,0,0,0