crashid,date,hour,day,city_section,highwayid,compass,milepost,lat,lon,road_type,road_char,street_name,isect_num,isect_name,lane_quantity,vehicle_id,partic_type,age,gender,vehicle_type,striking_vehicle,collision_type,crash_severity,injury_severity,vehicle_movement,vehicle_direction,weather,road_cond,light_cond,speeding,alcohol,drug
1694981,2016-06-11,2:00:00,SATURDAY,Portland N,2,S,303.97,45.555781,-122.678486,MN,STRGHT,PACIFIC HY I-5,9427,NB EF GOING ST C2,6,3199683,DRVR,0,9,OTH BUS,0,SS-O,PDO,NONE,STRGHT,N,UNK,UNK,DLIT,0,0,0
1707053,2016-06-11,15:00:00,SATURDAY,Portland NE,2,S,301.5,45.523397,-122.665364,MN,STRGHT,PACIFIC HY I-5,9437,NB EF BANFIELD FY,4,3221414,DRVR,0,9,PSNGR CAR,1,REAR,PDO,NONE,STRGHT,N,UNK,UNK,DAY,0,0,0
1707053,2016-06-11,15:00:00,SATURDAY,Portland NE,2,S,301.5,45.523397,-122.665364,MN,STRGHT,PACIFIC HY I-5,9437,NB EF BANFIELD FY,4,3221415,DRVR,0,9,PSNGR CAR,0,REAR,PDO,NONE,STRGHT,N,UNK,UNK,DAY,0,0,0
1707120,2016-06-13,0:00:00,MONDAY,Portland N,1,SE,308.12,45.611706,-122.680206,CN,CURVE,SB EX JANTZN BCH C4,432,CENTER AVE,2,3221537,DRVR,0,9,PSNGR CAR,1,REAR,PDO,NONE,STRGHT,NW,CLR,UNK,DAY,0,0,0
1707120,2016-06-13,0:00:00,MONDAY,Portland N,1,SE,308.12,45.611706,-122.680206,CN,CURVE,SB EX JANTZN BCH C4,432,CENTER AVE,2,3221538,DRVR,0,9,PSNGR CAR,0,REAR,PDO,NONE,STRGHT,NW,CLR,UNK,DAY,0,0,0
1694982,2016-06-13,11:00:00,MONDAY,Portland N,2,NW,302.69,45.538886,-122.669942,MN,STRGHT,PACIFIC HY I-5,9433,NB EF WILLIAMS C2,6,3199684,DRVR,0,9,PSNGR CAR,1,REAR,PDO,NONE,STRGHT,NW,CLD,DRY,DAY,0,0,0
1694982,2016-06-13,11:00:00,MONDAY,Portland N,2,NW,302.69,45.538886,-122.669942,MN,STRGHT,PACIFIC HY I-5,9433,NB EF WILLIAMS C2,6,3199685,DRVR,0,9,SEMI TOW,0,REAR,PDO,NONE,STOP,NW,CLD,DRY,DAY,0,0,0
1694992,2016-06-14,17:00:00,TUESDAY,Portland SW,2,S,299.48,45.497114,-122.673275,MN,STRGHT,PACIFIC HY I-5,9492,NB EX MARQUAM BR,6,3199700,DRVR,0,9,SEMI TOW,1,REAR,PDO,NONE,STRGHT,N,RAIN,WET,DAY,0,0,0
1694992,2016-06-14,17:00:00,TUESDAY,Portland SW,2,S,299.48,45.497114,-122.673275,MN,STRGHT,PACIFIC HY I-5,9492,NB EX MARQUAM BR,6,3199701,DRVR,0,9,PSNGR CAR,0,REAR,PDO,NONE,STRGHT,N,RAIN,WET,DAY,0,0,0
1707488,2016-06-15,18:00:00,WEDNESDAY,Portland NE,2,S,302,45.530367,-122.665167,MN,BRIDGE,PACIFIC HY I-5,9434,NB EX WEIDLER C1,6,3222196,DRVR,0,9,SEMI TOW,1,SS-O,PDO,NONE,STRGHT,N,CLR,DRY,DAY,0,0,0
1707488,2016-06-15,18:00:00,WEDNESDAY,Portland NE,2,S,302,45.530367,-122.665167,MN,BRIDGE,PACIFIC HY I-5,9434,NB EX WEIDLER C1,6,3222197,DRVR,0,9,PSNGR CAR,0,SS-O,PDO,NONE,STRGHT,N,CLR,DRY,DAY,0,0,0
1707628,2016-06-16,14:00:00,THURSDAY,Portland SE,1,NE,300.76,45.512542,-122.667375,CN,BRIDGE,PACIFIC HY I-5,9460,NB EXTO BANFIELD C1,2,3222456,DRVR,0,9,PSNGR CAR,1,REAR,PDO,NONE,STRGHT,NE,CLR,DRY,DAY,0,0,0
1707628,2016-06-16,14:00:00,THURSDAY,Portland SE,1,NE,300.76,45.512542,-122.667375,CN,BRIDGE,PACIFIC HY I-5,9460,NB EXTO BANFIELD C1,2,3222457,DRVR,0,9,PSNGR CAR,0,REAR,PDO,NONE,STOP,NE,CLR,DRY,DAY,0,0,0
1707538,2016-06-16,19:00:00,THURSDAY,Portland N,1,E,303.68,45.556133,-122.679672,CN,STRGHT,NB EF GOING ST C2,1581,N MONTANA AVE,4,3222291,DRVR,0,9,PSNGR CAR,1,TURN,PDO,NONE,STRGHT,W,CLR,DRY,DAY,0,0,0
1707538,2016-06-16,19:00:00,THURSDAY,Portland N,1,E,303.68,45.556133,-122.679672,CN,STRGHT,NB EF GOING ST C2,1581,N MONTANA AVE,4,3222292,DRVR,0,9,PSNGR CAR,0,TURN,PDO,NONE,U-TURN,E,CLR,DRY,DAY,0,0,0
1707268,2016-06-17,14:00:00,FRIDAY,Portland Bridges,1,NE,300.37,45.507939,-122.669156,MN,BRIDGE,MARQUAM BRIDGE,9452,SB EX MARQUAM BR,6,3221805,DRVR,0,9,PSNGR CAR,1,REAR,PDO,NONE,STRGHT,SW,CLR,DRY,DAY,0,0,0
1707268,2016-06-17,14:00:00,FRIDAY,Portland Bridges,1,NE,300.37,45.507939,-122.669156,MN,BRIDGE,MARQUAM BRIDGE,9452,SB EX MARQUAM BR,6,3221806,DRVR,0,9,PSNGR CAR,0,REAR,PDO,NONE,STOP,SW,CLR,DRY,DAY,0,0,0
1707359,2016-06-18,0:00:00,SATURDAY,Portland SW,2,S,299,45.490192,-122.675033,MN,STRGHT,PACIFIC HY I-5,9480,NB EX MACADAM AV C1,6,3221960,DRVR,0,9,PSNGR CAR,1,REAR,PDO,NONE,STRGHT,N,CLR,DRY,DAY,0,0,0
1707359,2016-06-18,0:00:00,SATURDAY,Portland SW,2,S,299,45.490192,-122.675033,MN,STRGHT,PACIFIC HY I-5,9480,NB EX MACADAM AV C1,6,3221961,DRVR,0,9,PSNGR CAR,0,REAR,PDO,NONE,STOP,N,CLR,DRY,DAY,0,0,0
1707339,2016-06-18,18:00:00,SATURDAY,Portland N,1,S,307.15,45.601228,-122.683306,CN,STRGHT,EXTO MLK/MARINE C1,9905,EB EXTO UNION CT FR,1,3221925,DRVR,0,9,PSNGR CAR,1,REAR,PDO,NONE,STRGHT,N,CLR,DRY,DAY,0,0,0
1707339,2016-06-18,18:00:00,SATURDAY,Portland N,1,S,307.15,45.601228,-122.683306,CN,STRGHT,EXTO MLK/MARINE C1,9905,EB EXTO UNION CT FR,1,3221926,DRVR,0,9,PSNGR CAR,0,REAR,PDO,NONE,STOP,N,CLR,DRY,DAY,0,0,0
1707387,2016-06-19,16:00:00,SUNDAY,Portland SE,2,S,300.64,45.510889,-122.666731,MN,STRGHT,PACIFIC HY I-5,9460,NB EXTO BANFIELD C1,8,3222013,DRVR,0,9,PSNGR CAR,1,REAR,PDO,NONE,STRGHT,N,UNK,UNK,DAY,0,0,0
1707387,2016-06-19,16:00:00,SUNDAY,Portland SE,2,S,300.64,45.510889,-122.666731,MN,STRGHT,PACIFIC HY I-5,9460,NB EXTO BANFIELD C1,8,3222014,DRVR,0,9,PSNGR CAR,0,REAR,PDO,NONE,STOP,N,UNK,UNK,DAY,0,0,0
1695012,2016-06-20,10:00:00,MONDAY,Portland N,1,NW,302.69,45.539581,-122.670736,MN,STRGHT,PACIFIC HY I-5,9432,SB EX VANCOUVER C3,6,3199736,DRVR,0,9,SEMI TOW,1,REAR,PDO,NONE,STRGHT,SE,CLR,DRY,DAY,0,0,0
1695012,2016-06-20,10:00:00,MONDAY,Portland N,1,NW,302.69,45.539581,-122.670736,MN,STRGHT,PACIFIC HY I-5,9432,SB EX VANCOUVER C3,6,3199737,DRVR,0,9,PSNGR CAR,0,REAR,PDO,NONE,STOP,SE,CLR,DRY,DAY,0,0,0
1695038,2016-06-21,11:00:00,TUESDAY,Portland N,2,N,305.37,45.575939,-122.678517,MN,STRGHT,PACIFIC HY I-5,9418,NB EX LOMBARD EB C1,6,3199780,DRVR,0,9,SEMI TOW,1,SS-O,PDO,NONE,STRGHT,N,CLR,DRY,DAY,0,0,0
1695038,2016-06-21,11:00:00,TUESDAY,Portland N,2,N,305.37,45.575939,-122.678517,MN,STRGHT,PACIFIC HY I-5,9418,NB EX LOMBARD EB C1,6,3199781,DRVR,0,9,PSNGR CAR,0,SS-O,PDO,NONE,STRGHT,N,CLR,DRY,DAY,0,0,0
1694618,2016-06-23,0:00:00,THURSDAY,Portland N,2,SE,302.72,45.539236,-122.670233,MN,STRGHT,PACIFIC HY I-5,9442,NB EX FREMONT BR C1,5,3199040,DRVR,0,9,PSNGR CAR,1,SS-O,PDO,NONE,STRGHT,NW,RAIN,WET,DAY,0,0,0
1694618,2016-06-23,0:00:00,THURSDAY,Portland N,2,SE,302.72,45.539236,-122.670233,MN,STRGHT,PACIFIC HY I-5,9442,NB EX FREMONT BR C1,5,3199041,DRVR,0,9,PSNGR CAR,0,SS-O,PDO,NONE,STRGHT,NW,RAIN,WET,DAY,0,0,0
1694808,2016-06-23,17:00:00,THURSDAY,Portland NE,1,N,301.93,45.529114,-122.665369,MN,STRGHT,PACIFIC HY I-5,9436,SB EX BANFIELD FY,6,3199383,DRVR,0,9,PSNGR CAR,1,REAR,PDO,NONE,STRGHT,S,RAIN,WET,DAY,1,0,0
1694808,2016-06-23,17:00:00,THURSDAY,Portland NE,1,N,301.93,45.529114,-122.665369,MN,STRGHT,PACIFIC HY I-5,9436,SB EX BANFIELD FY,6,3199384,DRVR,0,9,PSNGR CAR,0,REAR,PDO,NONE,STOP,S,RAIN,WET,DAY,1,0,0
1694780,2016-06-23,17:00:00,THURSDAY,Portland Bridges,2,NE,300.36,45.507864,-122.669286,MN,BRIDGE,MARQUAM BRIDGE,9452,SB EX MARQUAM BR,4,3199334,DRVR,0,9,PSNGR CAR,1,REAR,PDO,NONE,STRGHT,SW,RAIN,WET,DAY,1,0,0
1694780,2016-06-23,17:00:00,THURSDAY,Portland Bridges,2,NE,300.36,45.507864,-122.669286,MN,BRIDGE,MARQUAM BRIDGE,9452,SB EX MARQUAM BR,4,3199335,DRVR,0,9,PSNGR CAR,0,REAR,PDO,NONE,STOP,SW,RAIN,WET,DAY,1,0,0
1694782,2016-06-23,17:00:00,THURSDAY,Portland N,2,S,304.41,45.562206,-122.678436,MN,STRGHT,PACIFIC HY I-5,9423,NB EF MISSOURI C1,6,3199338,DRVR,0,9,SEMI TOW,1,REAR,PDO,NONE,STRGHT,N,RAIN,WET,DAY,0,0,0
1694782,2016-06-23,17:00:00,THURSDAY,Portland N,2,S,304.41,45.562206,-122.678436,MN,STRGHT,PACIFIC HY I-5,9423,NB EF MISSOURI C1,6,3199339,DRVR,0,9,PSNGR CAR,0,REAR,PDO,NONE,STRGHT,N,RAIN,WET,DAY,0,0,0
1696624,2016-06-23,,THURSDAY,Portland SE,1,SE,301.33,45.520981,-122.665567,CN,STRGHT,NB EF MORRISN BR C3,302,PACIFIC HY I-5,1,3202502,DRVR,0,9,PSNGR CAR,1,REAR,PDO,NONE,STRGHT,NW,RAIN,WET,DAY,0,0,0
1696624,2016-06-23,,THURSDAY,Portland SE,1,SE,301.33,45.520981,-122.665567,CN,STRGHT,NB EF MORRISN BR C3,302,PACIFIC HY I-5,1,3202503,DRVR,0,9,PSNGR CAR,0,REAR,PDO,NONE,STRGHT,NW,RAIN,WET,DAY,0,0,0
1696681,2016-06-24,14:00:00,FRIDAY,Portland N,1,S,304.45,45.563069,-122.678692,MN,STRGHT,PACIFIC HY I-5,9902,SB EXTO MARINE DR,7,3202588,DRVR,0,9,PSNGR CAR,1,REAR,PDO,NONE,STRGHT,S,CLR,DRY,DAY,0,0,0
1696681,2016-06-24,14:00:00,FRIDAY,Portland N,1,S,304.45,45.563069,-122.678692,MN,STRGHT,PACIFIC HY I-5,9902,SB EXTO MARINE DR,7,3202589,DRVR,0,9,PSNGR CAR,0,REAR,PDO,NONE,STOP,S,CLR,DRY,DAY,0,0,0
1696689,2016-06-24,15:00:00,FRIDAY,Portland SE,1,N,302.1,45.519539,-122.666561,CN,BRIDGE,SB EXTO MORRSN BR C7,9446,SB EX BELMONT ST C2,2,3202600,DRVR,0,9,PSNGR CAR,1,REAR,PDO,NONE,STRGHT,S,CLR,DRY,DAY,0,0,0
1696689,2016-06-24,15:00:00,FRIDAY,Portland SE,1,N,302.1,45.519539,-122.666561,CN,BRIDGE,SB EXTO MORRSN BR C7,9446,SB EX BELMONT ST C2,2,3202601,DRVR,0,9,PSNGR CAR,0,REAR,PDO,NONE,STOP,S,CLR,DRY,DAY,0,0,0
1696854,2016-06-25,15:00:00,SATURDAY,Portland N,2,S,305.2,45.573486,-122.678561,MN,STRGHT,PACIFIC HY I-5,9418,NB EX LOMBARD EB C1,4,3202901,DRVR,0,9,PSNGR CAR,1,REAR,PDO,NONE,STRGHT,N,CLR,DRY,DAY,1,0,0
1696854,2016-06-25,15:00:00,SATURDAY,Portland N,2,S,305.2,45.573486,-122.678561,MN,STRGHT,PACIFIC HY I-5,9418,NB EX LOMBARD EB C1,4,3202902,DRVR,0,9,PSNGR CAR,0,REAR,PDO,NONE,STOP,N,CLR,DRY,DAY,1,0,0
1695075,2016-06-26,17:00:00,SUNDAY,Portland N,1,SE,302.52,45.537514,-122.668978,MN,STRGHT,PACIFIC HY I-5,9432,SB EX VANCOUVER C3,6,3199837,DRVR,0,9,PSNGR CAR,1,REAR,PDO,NONE,STRGHT,SE,CLR,DRY,DAY,1,0,0
1695075,2016-06-26,17:00:00,SUNDAY,Portland N,1,SE,302.52,45.537514,-122.668978,MN,STRGHT,PACIFIC HY I-5,9432,SB EX VANCOUVER C3,6,3199838,DRVR,0,9,PSNGR CAR,0,REAR,PDO,NONE,STRGHT,SE,CLR,DRY,DAY,1,0,0
1695083,2016-06-26,18:00:00,SUNDAY,Portland N,2,N,306.48,45.592061,-122.682589,MN,STRGHT,PACIFIC HY I-5,9412,NB EX VICTORY BV C1,6,3199847,DRVR,0,9,PSNGR CAR,1,REAR,PDO,NONE,STRGHT,N,CLR,DRY,DAY,0,0,0
1695083,2016-06-26,18:00:00,SUNDAY,Portland N,2,N,306.48,45.592061,-122.682589,MN,STRGHT,PACIFIC HY I-5,9412,NB EX VICTORY BV C1,6,3199848,DRVR,0,9,PSNGR CAR,0,REAR,PDO,NONE,STRGHT,N,CLR,DRY,DAY,0,0,0
1698218,2016-06-27,16:00:00,MONDAY,Portland N,1,S,304.38,45.562028,-122.678667,MN,STRGHT,PACIFIC HY I-5,9424,SB EX MINNESOTA C2,6,3205236,DRVR,0,9,PSNGR CAR,1,REAR,PDO,NONE,STRGHT,S,CLR,DRY,DAY,0,0,0
1698218,2016-06-27,16:00:00,MONDAY,Portland N,1,S,304.38,45.562028,-122.678667,MN,STRGHT,PACIFIC HY I-5,9424,SB EX MINNESOTA C2,6,3205237,DRVR,0,9,PSNGR CAR,0,REAR,PDO,NONE,STOP,S,CLR,DRY,DAY,0,0,0
1695256,2016-06-28,8:00:00,TUESDAY,Portland SW,2,N,299.14,45.492119,-122.673831,MN,STRGHT,PACIFIC HY I-5,9480,NB EX MACADAM AV C1,6,3200128,DRVR,0,9,PSNGR CAR,1,REAR,PDO,NONE,STRGHT,N,CLR,DRY,DAY,0,0,0
1695256,2016-06-28,8:00:00,TUESDAY,Portland SW,2,N,299.14,45.492119,-122.673831,MN,STRGHT,PACIFIC HY I-5,9480,NB EX MACADAM AV C1,6,3200129,DRVR,0,9,PSNGR CAR,0,REAR,PDO,NONE,STOP,N,CLR,DRY,DAY,0,0,0
1695253,2016-06-28,13:00:00,TUESDAY,Portland N,2,N,307.35,45.603739,-122.682756,MN,STRGHT,PACIFIC HY I-5,609,N DENVER AVE,6,3200123,DRVR,0,9,PSNGR CAR,1,REAR,PDO,NONE,STRGHT,N,CLR,DRY,DAY,0,0,0
1695253,2016-06-28,13:00:00,TUESDAY,Portland N,2,N,307.35,45.603739,-122.682756,MN,STRGHT,PACIFIC HY I-5,609,N DENVER AVE,6,3200124,DRVR,0,9,PSNGR CAR,0,REAR,PDO,NONE,STRGHT,N,CLR,DRY,DAY,0,0,0
1696305,2016-06-29,0:00:00,WEDNESDAY,Portland N,1,NW,302.63,45.538853,-122.670136,MN,STRGHT,PACIFIC HY I-5,9432,SB EX VANCOUVER C3,6,3201961,DRVR,0,9,SEMI TOW,1,REAR,PDO,NONE,STRGHT,SE,CLR,DRY,DAY,0,0,0
1696305,2016-06-29,0:00:00,WEDNESDAY,Portland N,1,NW,302.63,45.538853,-122.670136,MN,STRGHT,PACIFIC HY I-5,9432,SB EX VANCOUVER C3,6,3201962,DRVR,0,9,PSNGR CAR,0,REAR,PDO,NONE,STOP,SE,CLR,DRY,DAY,0,0,0
1695290,2016-06-29,8:00:00,WEDNESDAY,Portland NE,1,N,301.76,45.526411,-122.665414,MN,STRGHT,PACIFIC HY I-5,9448,SB EX MORRISN BR C7,6,3200181,DRVR,0,9,PSNGR CAR,1,REAR,PDO,NONE,STRGHT,S,CLR,DRY,DAY,0,0,0
1695290,2016-06-29,8:00:00,WEDNESDAY,Portland NE,1,N,301.76,45.526411,-122.665414,MN,STRGHT,PACIFIC HY I-5,9448,SB EX MORRISN BR C7,6,3200182,DRVR,0,9,PSNGR CAR,0,REAR,PDO,NONE,STOP,S,CLR,DRY,DAY,0,0,0
1694999,2016-06-30,15:00:00,THURSDAY,Portland N,2,NE,308,45.613064,-122.678081,MN,BRIDGE,PACIFIC HY I-5,9457,NB EF JANTZN BCH C2,6,3199711,DRVR,0,9,PSNGR CAR,1,SS-O,PDO,NONE,STRGHT,NE,CLR,DRY,DAY,0,0,0
1694999,2016-06-30,15:00:00,THURSDAY,Portland N,2,NE,308,45.613064,-122.678081,MN,BRIDGE,PACIFIC HY I-5,9457,NB EF JANTZN BCH C2,6,3199712,DRVR,0,9,PSNGR CAR,0,SS-O,PDO,NONE,STRGHT,NE,CLR,DRY,DAY,0,0,0
1697147,2016-07-01,15:00:00,FRIDAY,Portland SE,1,W,301.01,45.515817,-122.665833,CN,INTER,WATER AVE,9443,NB EXTO WATER AVE C6,,3203463,DRVR,0,9,PSNGR CAR,1,REAR,PDO,NONE,STRGHT,E,CLR,DRY,DAY,0,0,0
1697147,2016-07-01,15:00:00,FRIDAY,Portland SE,1,W,301.01,45.515817,-122.665833,CN,INTER,WATER AVE,9443,NB EXTO WATER AVE C6,,3203464,DRVR,0,9,PSNGR CAR,0,REAR,PDO,NONE,STOP,E,CLR,DRY,DAY,0,0,0
1696372,2016-07-05,8:00:00,TUESDAY,Portland SE,2,CN,301.36,45.521447,-122.665544,MN,INTER,PACIFIC HY I-5,9449,NB EF MORRISN BR C3,,3202080,DRVR,0,9,TRUCK,1,TURN,PDO,NONE,TURN-R,N,CLR,DRY,DAY,0,0,0
1696372,2016-07-05,8:00:00,TUESDAY,Portland SE,2,CN,301.36,45.521447,-122.665544,MN,INTER,PACIFIC HY I-5,9449,NB EF MORRISN BR C3,,3202081,DRVR,0,9,PSNGR CAR,0,TURN,PDO,NONE,STRGHT,N,CLR,DRY,DAY,0,0,0
1695852,2016-07-05,14:00:00,TUESDAY,Portland NE,1,N,301.92,45.528903,-122.665375,MN,STRGHT,PACIFIC HY I-5,9436,SB EX BANFIELD FY,6,3201151,DRVR,0,9,PSNGR CAR,1,REAR,PDO,NONE,STRGHT,S,CLR,DRY,DAY,0,0,0
1695852,2016-07-05,14:00:00,TUESDAY,Portland NE,1,N,301.92,45.528903,-122.665375,MN,STRGHT,PACIFIC HY I-5,9436,SB EX BANFIELD FY,6,3201152,DRVR,0,9,PSNGR CAR,0,REAR,PDO,NONE,STOP,S,CLR,DRY,DAY,0,0,0
1695800,2016-07-05,16:00:00,TUESDAY,Portland N,1,S,304.02,45.556669,-122.6787,MN,STRGHT,PACIFIC HY I-5,9425,SB EF MINNESOTA C3,6,3201064,DRVR,0,9,PSNGR CAR,1,REAR,PDO,NONE,STRGHT,S,CLR,DRY,DAY,0,0,0
1695800,2016-07-05,16:00:00,TUESDAY,Portland N,1,S,304.02,45.556669,-122.6787,MN,STRGHT,PACIFIC HY I-5,9425,SB EF MINNESOTA C3,6,3201065,DRVR,0,9,PSNGR CAR,0,REAR,PDO,NONE,STRGHT,S,CLR,DRY,DAY,0,0,0
1697367,2016-07-06,18:00:00,WEDNESDAY,Portland SW,2,N,299.23,45.493433,-122.673492,MN,STRGHT,PACIFIC HY I-5,9480,NB EX MACADAM AV C1,6,3203825,DRVR,0,9,PSNGR CAR,1,REAR,PDO,NONE,STRGHT,N,CLR,DRY,DAY,0,0,0
1697367,2016-07-06,18:00:00,WEDNESDAY,Portland SW,2,N,299.23,45.493433,-122.673492,MN,STRGHT,PACIFIC HY I-5,9480,NB EX MACADAM AV C1,6,3203826,DRVR,0,9,PSNGR CAR,0,REAR,PDO,NONE,STOP,N,CLR,DRY,DAY,0,0,0
1697009,2016-07-07,0:00:00,THURSDAY,Portland N,1,S,304.66,45.566108,-122.678714,MN,STRGHT,PACIFIC HY I-5,9421,SB EF PTLD BLVD C4,6,3203195,DRVR,0,9,PSNGR CAR,1,REAR,PDO,NONE,STRGHT,S,CLR,DRY,DAY,0,0,0
1697009,2016-07-07,0:00:00,THURSDAY,Portland N,1,S,304.66,45.566108,-122.678714,MN,STRGHT,PACIFIC HY I-5,9421,SB EF PTLD BLVD C4,6,3203196,DRVR,0,9,PSNGR CAR,0,REAR,PDO,NONE,STOP,S,CLR,DRY,DAY,0,0,0
1697170,2016-07-08,14:00:00,FRIDAY,Portland SW,1,S,299.66,45.499261,-122.673544,MN,STRGHT,PACIFIC HY I-5,9493,SB EF MARQUAM BR,4,3203497,DRVR,0,9,PSNGR CAR,1,REAR,PDO,NONE,STRGHT,S,CLR,DRY,DAY,0,0,0
1697170,2016-07-08,14:00:00,FRIDAY,Portland SW,1,S,299.66,45.499261,-122.673544,MN,STRGHT,PACIFIC HY I-5,9493,SB EF MARQUAM BR,4,3203498,DRVR,0,9,PSNGR CAR,0,REAR,PDO,NONE,STRGHT,S,CLR,DRY,DAY,0,0,0
1696998,2016-07-08,16:00:00,FRIDAY,Portland NE,1,S,301.64,45.524778,-122.665486,MN,STRGHT,PACIFIC HY I-5,9448,SB EX MORRISN BR C7,6,3203174,DRVR,0,9,PSNGR CAR,1,REAR,PDO,NONE,STRGHT,S,CLR,DRY,DAY,0,0,0
1696998,2016-07-08,16:00:00,FRIDAY,Portland NE,1,S,301.64,45.524778,-122.665486,MN,STRGHT,PACIFIC HY I-5,9448,SB EX MORRISN BR C7,6,3203175,DRVR,0,9,PSNGR CAR,0,REAR,PDO,NONE,STOP,S,CLR,DRY,DAY,0,0,0
1697177,2016-07-08,18:00:00,FRIDAY,Portland N,2,N,304.89,45.569114,-122.678508,MN,STRGHT,PACIFIC HY I-5,9422,NB EX PTLD BLVD C1,6,3203509,DRVR,0,9,PSNGR CAR,1,REAR,PDO,NONE,STRGHT,N,RAIN,WET,DAY,0,0,0
1697177,2016-07-08,18:00:00,FRIDAY,Portland N,2,N,304.89,45.569114,-122.678508,MN,STRGHT,PACIFIC HY I-5,9422,NB EX PTLD BLVD C1,6,3203510,DRVR,0,9,PSNGR CAR,0,REAR,PDO,NONE,STRGHT,N,RAIN,WET,DAY,0,0,0
1696057,2016-07-12,3:00:00,TUESDAY,Portland SE,1,CN,302.13,45.519153,-122.666481,CN,GRADE,SB EX BELMONT ST C2,9448,SB EXTO MORRSN BR C7,2,3201525,DRVR,0,9,PSNGR CAR,1,FIX,PDO,NONE,STRGHT,S,CLR,DRY,DLIT,0,0,0
1696032,2016-07-12,14:00:00,TUESDAY,Portland N,2,S,307.72,45.609067,-122.680403,MN,STRGHT,PACIFIC HY I-5,9456,NB EX JANTZN BCH C1,6,3201483,DRVR,0,9,PSNGR CAR,1,REAR,PDO,NONE,STRGHT,N,CLR,DRY,DAY,0,0,0
1696032,2016-07-12,14:00:00,TUESDAY,Portland N,2,S,307.72,45.609067,-122.680403,MN,STRGHT,PACIFIC HY I-5,9456,NB EX JANTZN BCH C1,6,3201484,DRVR,0,9,PSNGR CAR,0,REAR,PDO,NONE,STOP,N,CLR,DRY,DAY,0,0,0
1697545,2016-07-15,7:00:00,FRIDAY,Portland N,1,S,303.07,45.543789,-122.675214,MN,STRGHT,PACIFIC HY I-5,9455,SB EF GREELEY AV C2,6,3204145,DRVR,0,9,PSNGR CAR,1,REAR,PDO,NONE,STRGHT,S,CLR,DRY,DAY,0,0,0
1697545,2016-07-15,7:00:00,FRIDAY,Portland N,1,S,303.07,45.543789,-122.675214,MN,STRGHT,PACIFIC HY I-5,9455,SB EF GREELEY AV C2,6,3204146,DRVR,0,9,PSNGR CAR,0,REAR,PDO,NONE,STOP,S,CLR,DRY,DAY,0,0,0
1697562,2016-07-15,10:00:00,FRIDAY,Portland N,1,N,308.25,45.616378,-122.676489,MN,STRGHT,PACIFIC HY I-5,9458,SB EX JANTZN BCH C4,3,3204178,DRVR,0,9,PSNGR CAR,1,REAR,PDO,NONE,STRGHT,S,CLR,DRY,DAY,0,0,0
1697562,2016-07-15,10:00:00,FRIDAY,Portland N,1,N,308.25,45.616378,-122.676489,MN,STRGHT,PACIFIC HY I-5,9458,SB EX JANTZN BCH C4,3,3204179,DRVR,0,9,PSNGR CAR,0,REAR,PDO,NONE,STRGHT,S,CLR,DRY,DAY,0,0,0
1697493,2016-07-15,20:00:00,FRIDAY,Portland N,2,S,307.34,45.6036,-122.682797,MN,STRGHT,PACIFIC HY I-5,9101,NB EXTO I-5 NBD,6,3204045,DRVR,0,9,PSNGR CAR,1,SS-O,PDO,NONE,STRGHT,N,CLR,DRY,DUSK,0,0,0
1697493,2016-07-15,20:00:00,FRIDAY,Portland N,2,S,307.34,45.6036,-122.682797,MN,STRGHT,PACIFIC HY I-5,9101,NB EXTO I-5 NBD,6,3204046,DRVR,0,9,PSNGR CAR,0,SS-O,PDO,NONE,STRGHT,N,CLR,DRY,DUSK,0,0,0
1697646,2016-07-16,22:00:00,SATURDAY,Portland NE,1,N,301.93,45.529114,-122.665369,MN,STRGHT,PACIFIC HY I-5,9436,SB EX BANFIELD FY,7,3204328,DRVR,0,9,PSNGR CAR,1,SS-O,PDO,NONE,STRGHT,S,CLR,DRY,DLIT,0,0,0
1697646,2016-07-16,22:00:00,SATURDAY,Portland NE,1,N,301.93,45.529114,-122.665369,MN,STRGHT,PACIFIC HY I-5,9436,SB EX BANFIELD FY,7,3204329,DRVR,0,9,PSNGR CAR,0,SS-O,PDO,NONE,STRGHT,S,CLR,DRY,DLIT,0,0,0
1697618,2016-07-16,23:00:00,SATURDAY,Portland N,1,NW,302.65,45.539094,-122.670336,MN,STRGHT,PACIFIC HY I-5,9432,SB EX VANCOUVER C3,6,3204282,DRVR,0,9,PSNGR CAR,1,SS-O,PDO,NONE,STRGHT,SE,CLR,DRY,DLIT,0,0,0
1697618,2016-07-16,23:00:00,SATURDAY,Portland N,1,NW,302.65,45.539094,-122.670336,MN,STRGHT,PACIFIC HY I-5,9432,SB EX VANCOUVER C3,6,3204283,DRVR,0,9,PSNGR CAR,0,SS-O,PDO,NONE,STRGHT,SE,CLR,DRY,DLIT,0,0,0