crashid,date,hour,day,city_section,highwayid,compass,milepost,lat,lon,road_type,road_char,street_name,isect_num,isect_name,lane_quantity,vehicle_id,partic_type,age,gender,vehicle_type,striking_vehicle,collision_type,crash_severity,injury_severity,vehicle_movement,vehicle_direction,weather,road_cond,light_cond,speeding,alcohol,drug
1697700,2016-07-17,17:00:00,SUNDAY,Portland N,2,NW,302.82,45.540506,-122.671322,MN,STRGHT,PACIFIC HY I-5,9442,NB EX FREMONT BR C1,4,3204424,DRVR,0,9,PSNGR CAR,1,REAR,PDO,NONE,STRGHT,NW,CLR,DRY,DAY,1,0,0
1697700,2016-07-17,17:00:00,SUNDAY,Portland N,2,NW,302.82,45.540506,-122.671322,MN,STRGHT,PACIFIC HY I-5,9442,NB EX FREMONT BR C1,4,3204425,DRVR,0,9,PSNGR CAR,0,REAR,PDO,NONE,STOP,NW,CLR,DRY,DAY,1,0,0
1698472,2016-07-19,0:00:00,TUESDAY,Portland SW,2,S,299.13,45.491975,-122.673892,MN,STRGHT,PACIFIC HY I-5,9480,NB EX MACADAM AV C1,6,3205710,DRVR,0,9,PSNGR CAR,1,REAR,PDO,NONE,STRGHT,N,CLR,DRY,DAY,0,0,0
1698472,2016-07-19,0:00:00,TUESDAY,Portland SW,2,S,299.13,45.491975,-122.673892,MN,STRGHT,PACIFIC HY I-5,9480,NB EX MACADAM AV C1,6,3205711,DRVR,0,9,PSNGR CAR,0,REAR,PDO,NONE,STOP,N,CLR,DRY,DAY,0,0,0
1698196,2016-07-20,14:00:00,WEDNESDAY,Portland SW,2,N,299.25,45.493725,-122.673444,MN,STRGHT,PACIFIC HY I-5,9480,NB EX MACADAM AV C1,6,3205195,DRVR,0,9,PSNGR CAR,1,REAR,PDO,NONE,STRGHT,N,CLR,DRY,DAY,0,0,0
1698196,2016-07-20,14:00:00,WEDNESDAY,Portland SW,2,N,299.25,45.493725,-122.673444,MN,STRGHT,PACIFIC HY I-5,9480,NB EX MACADAM AV C1,6,3205196,DRVR,0,9,PSNGR CAR,0,REAR,PDO,NONE,STRGHT,N,CLR,DRY,DAY,0,0,0
1695481,2016-07-20,,WEDNESDAY,Portland N,2,N,307.98,45.612806,-122.678239,MN,STRGHT,PACIFIC HY I-5,9457,NB EF JANTZN BCH C2,6,3200503,DRVR,0,9,PSNGR CAR,1,SS-O,PDO,NONE,STRGHT,N,CLR,DRY,DAY,0,0,0
1695481,2016-07-20,,WEDNESDAY,Portland N,2,N,307.98,45.612806,-122.678239,MN,STRGHT,PACIFIC HY I-5,9457,NB EF JANTZN BCH C2,6,3200504,DRVR,0,9,FARM TRCTR,0,SS-O,PDO,NONE,STRGHT,N,CLR,DRY,DAY,0,0,0
1698640,2016-07-23,1:00:00,SATURDAY,Portland Bridges,2,W,300.4,45.508208,-122.668692,MN,BRIDGE,MARQUAM BRIDGE,9453,NB EXTO PAC HY I-5,4,3206021,DRVR,0,9,PSNGR CAR,1,REAR,PDO,NONE,STRGHT,E,CLR,DRY,DLIT,0,0,0
1698640,2016-07-23,1:00:00,SATURDAY,Portland Bridges,2,W,300.4,45.508208,-122.668692,MN,BRIDGE,MARQUAM BRIDGE,9453,NB EXTO PAC HY I-5,4,3206022,DRVR,0,9,PSNGR CAR,0,REAR,PDO,NONE,STRGHT,E,CLR,DRY,DLIT,0,0,0
1698661,2016-07-23,18:00:00,SATURDAY,Portland N,1,NW,302.63,45.538853,-122.670136,MN,STRGHT,PACIFIC HY I-5,9432,SB EX VANCOUVER C3,6,3206062,DRVR,0,9,PSNGR CAR,1,REAR,PDO,NONE,STRGHT,SE,CLR,DRY,DAY,0,0,0
1698661,2016-07-23,18:00:00,SATURDAY,Portland N,1,NW,302.63,45.538853,-122.670136,MN,STRGHT,PACIFIC HY I-5,9432,SB EX VANCOUVER C3,6,3206063,DRVR,0,9,PSNGR CAR,0,REAR,PDO,NONE,STRGHT,SE,CLR,DRY,DAY,0,0,0
1696533,2016-07-24,14:00:00,SUNDAY,Portland N,2,S,303.73,45.552394,-122.678522,MN,STRGHT,PACIFIC HY I-5,9428,NB EX MISSOURI C1,8,3202353,DRVR,0,9,SEMI TOW,1,REAR,PDO,NONE,STRGHT,N,CLR,DRY,DAY,0,0,0
1696533,2016-07-24,14:00:00,SUNDAY,Portland N,2,S,303.73,45.552394,-122.678522,MN,STRGHT,PACIFIC HY I-5,9428,NB EX MISSOURI C1,8,3202354,DRVR,0,9,PSNGR CAR,0,REAR,PDO,NONE,STRGHT,N,CLR,DRY,DAY,0,0,0
1698863,2016-07-25,15:00:00,MONDAY,Portland N,1,N,305,45.570842,-122.677944,CN,STRGHT,NB EF PTLD BLVD C2,1938,N ROSA PARKS WY,1,3206442,DRVR,0,9,PSNGR CAR,1,REAR,PDO,NONE,STRGHT,N,CLR,DRY,DAY,0,0,0
1698863,2016-07-25,15:00:00,MONDAY,Portland N,1,N,305,45.570842,-122.677944,CN,STRGHT,NB EF PTLD BLVD C2,1938,N ROSA PARKS WY,1,3206443,DRVR,0,9,PSNGR CAR,0,REAR,PDO,NONE,STRGHT,N,CLR,DRY,DAY,0,0,0
1697779,2016-07-26,8:00:00,TUESDAY,Portland SE,1,NW,301.15,45.518222,-122.665992,CN,STRGHT,NB ENFR MORRISON ST,1591,SE MORRISON ST,1,3204558,DRVR,0,9,PSNGR CAR,1,NCOL,PDO,NONE,STRGHT,NW,CLR,DRY,DAY,0,0,0
1699092,2016-07-26,14:00:00,TUESDAY,Portland N,2,N,305.33,45.575358,-122.678522,MN,STRGHT,PACIFIC HY I-5,9418,NB EX LOMBARD EB C1,4,3206864,DRVR,0,9,PSNGR CAR,1,REAR,PDO,NONE,STRGHT,N,CLR,DRY,DAY,0,0,0
1699092,2016-07-26,14:00:00,TUESDAY,Portland N,2,N,305.33,45.575358,-122.678522,MN,STRGHT,PACIFIC HY I-5,9418,NB EX LOMBARD EB C1,4,3206865,DRVR,0,9,PSNGR CAR,0,REAR,PDO,NONE,STRGHT,N,CLR,DRY,DAY,0,0,0
1699448,2016-07-27,13:00:00,WEDNESDAY,Portland N,2,N,307.85,45.610944,-122.679308,MN,STRGHT,PACIFIC HY I-5,9456,NB EX JANTZN BCH C1,6,3207501,DRVR,0,9,PSNGR CAR,1,REAR,PDO,NONE,STRGHT,N,CLR,DRY,DAY,0,0,0
1699448,2016-07-27,13:00:00,WEDNESDAY,Portland N,2,N,307.85,45.610944,-122.679308,MN,STRGHT,PACIFIC HY I-5,9456,NB EX JANTZN BCH C1,6,3207502,DRVR,0,9,PSNGR CAR,0,REAR,PDO,NONE,STOP,N,CLR,DRY,DAY,0,0,0
1699359,2016-07-28,17:00:00,THURSDAY,Portland SW,2,S,299,45.490192,-122.675033,MN,STRGHT,PACIFIC HY I-5,9480,NB EX MACADAM AV C1,6,3207340,DRVR,0,9,SEMI TOW,1,SS-O,PDO,NONE,STRGHT,N,CLR,DRY,DAY,0,0,0
1699359,2016-07-28,17:00:00,THURSDAY,Portland SW,2,S,299,45.490192,-122.675033,MN,STRGHT,PACIFIC HY I-5,9480,NB EX MACADAM AV C1,6,3207341,DRVR,0,9,PSNGR CAR,0,SS-O,PDO,NONE,STRGHT,N,CLR,DRY,DAY,0,0,0
1699184,2016-07-29,0:00:00,FRIDAY,Portland N,2,S,305.92,45.583986,-122.6791,MN,BRIDGE,PACIFIC HY I-5,9414,NB EX COL BLVD C1,6,3207037,DRVR,0,9,PSNGR CAR,1,SS-O,PDO,NONE,STRGHT,N,CLR,DRY,DAY,0,0,0
1699184,2016-07-29,0:00:00,FRIDAY,Portland N,2,S,305.92,45.583986,-122.6791,MN,BRIDGE,PACIFIC HY I-5,9414,NB EX COL BLVD C1,6,3207038,DRVR,0,9,PSNGR CAR,0,SS-O,PDO,NONE,STRGHT,N,CLR,DRY,DAY,0,0,0
1697904,2016-07-29,13:00:00,FRIDAY,Portland N,1,NW,302.68,45.539458,-122.670636,MN,STRGHT,PACIFIC HY I-5,9432,SB EX VANCOUVER C3,4,3204749,DRVR,0,9,PSNGR CAR,1,REAR,PDO,NONE,STRGHT,SE,CLR,DRY,DAY,0,0,0
1697904,2016-07-29,13:00:00,FRIDAY,Portland N,1,NW,302.68,45.539458,-122.670636,MN,STRGHT,PACIFIC HY I-5,9432,SB EX VANCOUVER C3,4,3204750,DRVR,0,9,PSNGR CAR,0,REAR,PDO,NONE,STRGHT,SE,CLR,DRY,DAY,0,0,0
1699302,2016-07-29,14:00:00,FRIDAY,Portland N,1,N,308.13,45.614806,-122.677411,MN,BRIDGE,PACIFIC HY I-5,9458,SB EX JANTZN BCH C4,3,3207242,DRVR,0,9,PSNGR CAR,1,REAR,PDO,NONE,STRGHT,S,CLR,DRY,DAY,0,0,0
1699302,2016-07-29,14:00:00,FRIDAY,Portland N,1,N,308.13,45.614806,-122.677411,MN,BRIDGE,PACIFIC HY I-5,9458,SB EX JANTZN BCH C4,3,3207243,DRVR,0,9,PSNGR CAR,0,REAR,PDO,NONE,STOP,S,CLR,DRY,DAY,0,0,0
1699821,2016-07-30,11:00:00,SATURDAY,Portland N,1,N,307.53,45.606778,-122.682031,MN,BRIDGE,PACIFIC HY I-5,9902,SB EXTO MARINE DR,7,3208174,DRVR,0,9,PSNGR CAR,1,OTH,PDO,NONE,STRGHT,S,CLR,DRY,DAY,0,0,0
1699821,2016-07-30,11:00:00,SATURDAY,Portland N,1,N,307.53,45.606778,-122.682031,MN,BRIDGE,PACIFIC HY I-5,9902,SB EXTO MARINE DR,7,3208175,DRVR,0,9,PSNGR CAR,0,OTH,PDO,NONE,STRGHT,S,CLR,DRY,DAY,0,0,0
1699824,2016-07-30,13:00:00,SATURDAY,Portland N,2,N,308.03,45.613453,-122.677844,MN,STRGHT,PACIFIC HY I-5,9457,NB EF JANTZN BCH C2,6,3208179,DRVR,0,9,PSNGR CAR,1,REAR,PDO,NONE,STRGHT,N,CLR,DRY,DAY,1,0,0
1699824,2016-07-30,13:00:00,SATURDAY,Portland N,2,N,308.03,45.613453,-122.677844,MN,STRGHT,PACIFIC HY I-5,9457,NB EF JANTZN BCH C2,6,3208180,DRVR,0,9,PSNGR CAR,0,REAR,PDO,NONE,STOP,N,CLR,DRY,DAY,1,0,0
1699841,2016-07-31,18:00:00,SUNDAY,Portland N,2,SW,307.72,45.609067,-122.680403,MN,STRGHT,PACIFIC HY I-5,9456,NB EX JANTZN BCH C1,6,3208210,DRVR,0,9,PSNGR CAR,1,REAR,PDO,NONE,STRGHT,NE,CLR,DRY,DAY,0,0,0
1699841,2016-07-31,18:00:00,SUNDAY,Portland N,2,SW,307.72,45.609067,-122.680403,MN,STRGHT,PACIFIC HY I-5,9456,NB EX JANTZN BCH C1,6,3208211,DRVR,0,9,PSNGR CAR,0,REAR,PDO,NONE,STOP,NE,CLR,DRY,DAY,0,0,0
1699848,2016-07-31,21:00:00,SUNDAY,Portland Bridges,1,NE,300.42,45.508406,-122.668347,MN,BRIDGE,MARQUAM BRIDGE,9452,SB EX MARQUAM BR,3,3208223,DRVR,0,9,PSNGR CAR,1,SS-O,PDO,NONE,STRGHT,SW,CLR,DRY,DLIT,0,0,0
1699848,2016-07-31,21:00:00,SUNDAY,Portland Bridges,1,NE,300.42,45.508406,-122.668347,MN,BRIDGE,MARQUAM BRIDGE,9452,SB EX MARQUAM BR,3,3208224,DRVR,0,9,PSNGR CAR,0,SS-O,PDO,NONE,STRGHT,SW,CLR,DRY,DLIT,0,0,0
1700309,2016-08-01,11:00:00,MONDAY,Portland N,2,S,303.73,45.552394,-122.678522,MN,STRGHT,PACIFIC HY I-5,9428,NB EX MISSOURI C1,8,3209046,DRVR,0,9,PSNGR CAR,1,SS-O,PDO,NONE,STRGHT,N,CLR,DRY,DAY,0,0,0
1700309,2016-08-01,11:00:00,MONDAY,Portland N,2,S,303.73,45.552394,-122.678522,MN,STRGHT,PACIFIC HY I-5,9428,NB EX MISSOURI C1,8,3209047,DRVR,0,9,PSNGR CAR,0,SS-O,PDO,NONE,STRGHT,N,CLR,DRY,DAY,0,0,0
1699906,2016-08-02,5:00:00,TUESDAY,Portland SW,1,S,299.24,45.493333,-122.673725,MN,STRGHT,PACIFIC HY I-5,9481,SB EF HOOD AVE C2,6,3208316,DRVR,0,9,PSNGR CAR,1,SS-O,PDO,NONE,STRGHT,S,CLR,DRY,DAWN,0,0,0
1699906,2016-08-02,5:00:00,TUESDAY,Portland SW,1,S,299.24,45.493333,-122.673725,MN,STRGHT,PACIFIC HY I-5,9481,SB EF HOOD AVE C2,6,3208317,DRVR,0,9,SEMI TOW,0,SS-O,PDO,NONE,STRGHT,S,CLR,DRY,DAWN,0,0,0
1700458,2016-08-02,19:00:00,TUESDAY,Portland N,2,N,307.82,45.610514,-122.679556,MN,STRGHT,PACIFIC HY I-5,9456,NB EX JANTZN BCH C1,6,3209318,DRVR,0,9,PSNGR CAR,1,SS-O,PDO,NONE,STRGHT,N,CLR,DRY,DAY,0,0,0
1700458,2016-08-02,19:00:00,TUESDAY,Portland N,2,N,307.82,45.610514,-122.679556,MN,STRGHT,PACIFIC HY I-5,9456,NB EX JANTZN BCH C1,6,3209319,DRVR,0,9,PSNGR CAR,0,SS-O,PDO,NONE,STRGHT,N,CLR,DRY,DAY,0,0,0
1701960,2016-08-04,18:00:00,THURSDAY,Portland N,2,S,303.92,45.555089,-122.678492,MN,STRGHT,PACIFIC HY I-5,9427,NB EF GOING ST C2,6,3212110,DRVR,0,9,PSNGR CAR,1,REAR,PDO,NONE,STRGHT,N,CLR,DRY,DAY,0,0,0
1701960,2016-08-04,18:00:00,THURSDAY,Portland N,2,S,303.92,45.555089,-122.678492,MN,STRGHT,PACIFIC HY I-5,9427,NB EF GOING ST C2,6,3212111,DRVR,0,9,PSNGR CAR,0,REAR,PDO,NONE,STOP,N,CLR,DRY,DAY,0,0,0
1699867,2016-08-05,15:00:00,FRIDAY,Portland SW,2,N,299.27,45.494019,-122.673419,MN,STRGHT,PACIFIC HY I-5,9480,NB EX MACADAM AV C1,6,3208258,DRVR,0,9,UNKNOWN,1,REAR,PDO,NONE,STRGHT,N,CLR,DRY,DAY,0,0,0
1699867,2016-08-05,15:00:00,FRIDAY,Portland SW,2,N,299.27,45.494019,-122.673419,MN,STRGHT,PACIFIC HY I-5,9480,NB EX MACADAM AV C1,6,3208259,DRVR,0,9,PSNGR CAR,0,REAR,PDO,NONE,STOP,N,CLR,DRY,DAY,0,0,0
1699930,2016-08-05,16:00:00,FRIDAY,Portland SE,1,S,301.05,45.517058,-122.665428,CN,BRIDGE,NB EF MORRISN BR C3,9503,EB EF MORRISN BR C5,1,3208361,DRVR,0,9,SEMI TOW,1,REAR,PDO,NONE,STRGHT,N,CLR,DRY,DAY,0,0,0
1699930,2016-08-05,16:00:00,FRIDAY,Portland SE,1,S,301.05,45.517058,-122.665428,CN,BRIDGE,NB EF MORRISN BR C3,9503,EB EF MORRISN BR C5,1,3208362,DRVR,0,9,PSNGR CAR,0,REAR,PDO,NONE,STRGHT,N,CLR,DRY,DAY,0,0,0
1699977,2016-08-05,17:00:00,FRIDAY,Portland N,2,S,304.99,45.570539,-122.678553,MN,STRGHT,PACIFIC HY I-5,9419,NB EF PTLD BLVD C2,4,3208451,DRVR,0,9,SEMI TOW,1,REAR,PDO,NONE,STRGHT,N,CLR,DRY,DAY,0,0,0
1699977,2016-08-05,17:00:00,FRIDAY,Portland N,2,S,304.99,45.570539,-122.678553,MN,STRGHT,PACIFIC HY I-5,9419,NB EF PTLD BLVD C2,4,3208452,DRVR,0,9,PSNGR CAR,0,REAR,PDO,NONE,STRGHT,N,CLR,DRY,DAY,0,0,0
1700000,2016-08-06,13:00:00,SATURDAY,Portland N,2,SE,302.72,45.539236,-122.670233,MN,STRGHT,PACIFIC HY I-5,9433,NB EF WILLIAMS C2,4,3208495,DRVR,0,9,PSNGR CAR,1,FIX,PDO,NONE,STRGHT,NW,CLR,DRY,DAY,0,0,0
1700058,2016-08-06,18:00:00,SATURDAY,Portland N,2,S,306.54,45.592828,-122.682925,MN,STRGHT,PACIFIC HY I-5,9901,EXTO MLK/MARINE C1,6,3208600,DRVR,0,9,PSNGR CAR,1,REAR,PDO,NONE,STRGHT,N,CLR,DRY,DAY,0,0,0
1700058,2016-08-06,18:00:00,SATURDAY,Portland N,2,S,306.54,45.592828,-122.682925,MN,STRGHT,PACIFIC HY I-5,9901,EXTO MLK/MARINE C1,6,3208601,DRVR,0,9,PSNGR CAR,0,REAR,PDO,NONE,STOP,N,CLR,DRY,DAY,0,0,0
1700008,2016-08-07,11:00:00,SUNDAY,Portland N,2,SE,302.51,45.536792,-122.668183,MN,STRGHT,PACIFIC HY I-5,9433,NB EF WILLIAMS C2,6,3208507,DRVR,0,9,SEMI TOW,1,OTH,PDO,NONE,STRGHT,NW,CLR,DRY,DAY,0,0,0
1700008,2016-08-07,11:00:00,SUNDAY,Portland N,2,SE,302.51,45.536792,-122.668183,MN,STRGHT,PACIFIC HY I-5,9433,NB EF WILLIAMS C2,6,3208508,DRVR,0,9,PSNGR CAR,0,OTH,PDO,NONE,STRGHT,NW,CLR,DRY,DAY,0,0,0
1700282,2016-08-08,16:00:00,MONDAY,Portland NE,2,SE,302.03,45.530775,-122.665172,MN,STRGHT,PACIFIC HY I-5,9434,NB EX WEIDLER C1,6,3208996,DRVR,0,9,PSNGR CAR,1,REAR,PDO,NONE,STRGHT,N,CLR,DRY,DAY,0,0,0
1700282,2016-08-08,16:00:00,MONDAY,Portland NE,2,SE,302.03,45.530775,-122.665172,MN,STRGHT,PACIFIC HY I-5,9434,NB EX WEIDLER C1,6,3208997,DRVR,0,9,PSNGR CAR,0,REAR,PDO,NONE,STRGHT,N,CLR,DRY,DAY,0,0,0
1701355,2016-08-08,21:00:00,MONDAY,Portland N,1,N,305.44,45.577608,-122.678683,MN,STRGHT,PACIFIC HY I-5,9415,SB EF LOMBARD WB C2,4,3210998,DRVR,0,9,PSNGR CAR,1,REAR,PDO,NONE,STRGHT,S,CLD,DRY,DLIT,0,1,0
1701355,2016-08-08,21:00:00,MONDAY,Portland N,1,N,305.44,45.577608,-122.678683,MN,STRGHT,PACIFIC HY I-5,9415,SB EF LOMBARD WB C2,4,3210999,DRVR,0,9,PSNGR CAR,0,REAR,PDO,NONE,STOP,S,CLD,DRY,DLIT,0,1,0
1700756,2016-08-09,10:00:00,TUESDAY,Portland NE,1,N,301.92,45.528903,-122.665375,MN,STRGHT,PACIFIC HY I-5,9436,SB EX BANFIELD FY,6,3209858,DRVR,0,9,PSNGR CAR,1,REAR,PDO,NONE,STRGHT,S,CLD,DRY,DAY,0,0,0
1700756,2016-08-09,10:00:00,TUESDAY,Portland NE,1,N,301.92,45.528903,-122.665375,MN,STRGHT,PACIFIC HY I-5,9436,SB EX BANFIELD FY,6,3209859,DRVR,0,9,PSNGR CAR,0,REAR,PDO,NONE,STRGHT,S,CLD,DRY,DAY,0,0,0
1700375,2016-08-09,15:00:00,TUESDAY,Portland SW,1,S,299.33,45.494586,-122.673586,MN,STRGHT,PACIFIC HY I-5,9481,SB EF HOOD AVE C2,6,3209170,DRVR,0,9,UNKNOWN,1,SS-O,PDO,NONE,STRGHT,S,UNK,UNK,DAY,0,0,0
1700375,2016-08-09,15:00:00,TUESDAY,Portland SW,1,S,299.33,45.494586,-122.673586,MN,STRGHT,PACIFIC HY I-5,9481,SB EF HOOD AVE C2,6,3209171,DRVR,0,9,PSNGR CAR,0,SS-O,PDO,NONE,STRGHT,S,UNK,UNK,DAY,0,0,0
1700457,2016-08-09,16:00:00,TUESDAY,Portland SE,1,S,301.12,45.518006,-122.666953,MN,STRGHT,PACIFIC HY I-5,9439,SB ENFR BANFIELD C2,6,3209316,DRVR,0,9,PSNGR CAR,1,REAR,PDO,NONE,STRGHT,S,CLR,DRY,DAY,0,0,0
1700457,2016-08-09,16:00:00,TUESDAY,Portland SE,1,S,301.12,45.518006,-122.666953,MN,STRGHT,PACIFIC HY I-5,9439,SB ENFR BANFIELD C2,6,3209317,DRVR,0,9,PSNGR CAR,0,REAR,PDO,NONE,STOP,S,CLR,DRY,DAY,0,0,0
1700017,2016-08-10,6:00:00,WEDNESDAY,Portland SW,1,N,299.86,45.502144,-122.674364,MN,STRGHT,SB EF MARQUAM BR,9496,SB EX HOOD AVE C2,2,3208523,DRVR,0,9,SEMI TOW,1,REAR,PDO,NONE,STRGHT,S,UNK,UNK,DAY,0,0,0
1700017,2016-08-10,6:00:00,WEDNESDAY,Portland SW,1,N,299.86,45.502144,-122.674364,MN,STRGHT,SB EF MARQUAM BR,9496,SB EX HOOD AVE C2,2,3208524,DRVR,0,9,PSNGR CAR,0,REAR,PDO,NONE,STOP,S,UNK,UNK,DAY,0,0,0
1700487,2016-08-10,13:00:00,WEDNESDAY,Portland NE,1,W,301.57,45.523811,-122.665044,CN,STRGHT,NB EXTO BANFIELD C1,305,BANFIELD FY,2,3209372,DRVR,0,9,SEMI TOW,1,SS-O,PDO,NONE,STRGHT,E,CLR,DRY,DAY,0,0,0
1700487,2016-08-10,13:00:00,WEDNESDAY,Portland NE,1,W,301.57,45.523811,-122.665044,CN,STRGHT,NB EXTO BANFIELD C1,305,BANFIELD FY,2,3209373,DRVR,0,9,PSNGR CAR,0,SS-O,PDO,NONE,STRGHT,E,CLR,DRY,DAY,0,0,0
1700624,2016-08-10,15:00:00,WEDNESDAY,Portland N,1,N,303.72,45.552319,-122.67875,MN,STRGHT,PACIFIC HY I-5,9430,SB EX FREMONT BR,8,3209615,DRVR,0,9,PSNGR CAR,1,REAR,PDO,NONE,STRGHT,S,CLR,DRY,DAY,0,0,0
1700624,2016-08-10,15:00:00,WEDNESDAY,Portland N,1,N,303.72,45.552319,-122.67875,MN,STRGHT,PACIFIC HY I-5,9430,SB EX FREMONT BR,8,3209616,DRVR,0,9,PSNGR CAR,0,REAR,PDO,NONE,STOP,S,CLR,DRY,DAY,0,0,0
1700608,2016-08-10,19:00:00,WEDNESDAY,Portland SW,2,S,299.46,45.496819,-122.673289,MN,STRGHT,PACIFIC HY I-5,9492,NB EX MARQUAM BR,6,3209588,DRVR,0,9,PSNGR CAR,1,SS-O,PDO,NONE,STRGHT,N,CLR,DRY,DAY,0,0,0
1700608,2016-08-10,19:00:00,WEDNESDAY,Portland SW,2,S,299.46,45.496819,-122.673289,MN,STRGHT,PACIFIC HY I-5,9492,NB EX MARQUAM BR,6,3209589,DRVR,0,9,PSNGR CAR,0,SS-O,PDO,NONE,STRGHT,N,CLR,DRY,DAY,0,0,0
1700747,2016-08-11,0:00:00,THURSDAY,Portland NE,1,NW,301.89,45.532361,-122.665692,CN,CURVE,SB EF WILLIAMS C5,302,PACIFIC HY I-5,2,3209843,DRVR,0,9,PSNGR CAR,1,SS-O,PDO,NONE,STRGHT,SE,CLR,DRY,DAY,0,0,0
1700747,2016-08-11,0:00:00,THURSDAY,Portland NE,1,NW,301.89,45.532361,-122.665692,CN,CURVE,SB EF WILLIAMS C5,302,PACIFIC HY I-5,2,3209844,DRVR,0,9,PSNGR CAR,0,SS-O,PDO,NONE,STRGHT,SE,CLR,DRY,DAY,0,0,0
1701151,2016-08-12,0:00:00,FRIDAY,Portland SW,2,N,299.33,45.494903,-122.673372,MN,STRGHT,PACIFIC HY I-5,9480,NB EX MACADAM AV C1,6,3210610,DRVR,0,9,PSNGR CAR,1,REAR,PDO,NONE,STRGHT,N,CLR,DRY,DAY,0,0,0
1701151,2016-08-12,0:00:00,FRIDAY,Portland SW,2,N,299.33,45.494903,-122.673372,MN,STRGHT,PACIFIC HY I-5,9480,NB EX MACADAM AV C1,6,3210611,DRVR,0,9,PSNGR CAR,0,REAR,PDO,NONE,STOP,N,CLR,DRY,DAY,0,0,0
1701087,2016-08-12,9:00:00,FRIDAY,Portland Bridges,1,NE,300.65,45.511278,-122.667136,MN,BRIDGE,MARQUAM BRIDGE,9551,WB EF MARQUAM BR C1,6,3210487,DRVR,0,9,PSNGR CAR,1,SS-O,PDO,NONE,STRGHT,SW,CLR,DRY,DAY,0,0,0
1701087,2016-08-12,9:00:00,FRIDAY,Portland Bridges,1,NE,300.65,45.511278,-122.667136,MN,BRIDGE,MARQUAM BRIDGE,9551,WB EF MARQUAM BR C1,6,3210488,DRVR,0,9,PSNGR CAR,0,SS-O,PDO,NONE,STRGHT,SW,CLR,DRY,DAY,0,0,0
1700876,2016-08-14,0:00:00,SUNDAY,Portland N,1,N,306.68,45.594611,-122.683922,MN,STRGHT,PACIFIC HY I-5,9411,SB EF VICTORY BV C3,6,3210080,DRVR,0,9,PSNGR CAR,1,REAR,PDO,NONE,STRGHT,S,CLR,DRY,DAY,0,0,0
1700876,2016-08-14,0:00:00,SUNDAY,Portland N,1,N,306.68,45.594611,-122.683922,MN,STRGHT,PACIFIC HY I-5,9411,SB EF VICTORY BV C3,6,3210081,DRVR,0,9,PSNGR CAR,0,REAR,PDO,NONE,STOP,S,CLR,DRY,DAY,0,0,0
1700821,2016-08-14,18:00:00,SUNDAY,Portland NE,2,NW,302.1,45.531725,-122.665225,MN,STRGHT,PACIFIC HY I-5,9434,NB EX WEIDLER C1,6,3209978,DRVR,0,9,PSNGR CAR,1,REAR,PDO,NONE,STRGHT,NW,CLR,DRY,DAY,0,0,0
1700821,2016-08-14,18:00:00,SUNDAY,Portland NE,2,NW,302.1,45.531725,-122.665225,MN,STRGHT,PACIFIC HY I-5,9434,NB EX WEIDLER C1,6,3209979,DRVR,0,9,PSNGR CAR,0,REAR,PDO,NONE,STOP,NW,CLR,DRY,DAY,0,0,0
1700987,2016-08-15,13:00:00,MONDAY,Portland SW,1,N,299.84,45.501858,-122.674267,MN,STRGHT,SB EF MARQUAM BR,9496,SB EX HOOD AVE C2,2,3210291,DRVR,0,9,PSNGR CAR,1,SS-O,PDO,NONE,STRGHT,S,CLR,DRY,DAY,0,0,0
1700987,2016-08-15,13:00:00,MONDAY,Portland SW,1,N,299.84,45.501858,-122.674267,MN,STRGHT,SB EF MARQUAM BR,9496,SB EX HOOD AVE C2,2,3210292,DRVR,0,9,PSNGR CAR,0,SS-O,PDO,NONE,STRGHT,S,CLR,DRY,DAY,0,0,0
1701329,2016-08-15,14:00:00,MONDAY,Portland N,2,SE,302.5,45.536675,-122.668086,MN,STRGHT,PACIFIC HY I-5,9433,NB EF WILLIAMS C2,6,3210951,DRVR,0,9,PSNGR CAR,1,REAR,PDO,NONE,STRGHT,N,CLR,DRY,DAY,0,0,0
1701329,2016-08-15,14:00:00,MONDAY,Portland N,2,SE,302.5,45.536675,-122.668086,MN,STRGHT,PACIFIC HY I-5,9433,NB EF WILLIAMS C2,6,3210952,DRVR,0,9,PSNGR CAR,0,REAR,PDO,NONE,STOP,N,CLR,DRY,DAY,0,0,0
1701026,2016-08-15,17:00:00,MONDAY,Portland N,2,N,305.16,45.572947,-122.678572,MN,STRGHT,PACIFIC HY I-5,9419,NB EF PTLD BLVD C2,5,3210368,DRVR,0,9,PSNGR CAR,1,SS-O,PDO,NONE,STRGHT,N,CLR,DRY,DAY,0,0,0