crashid,date,hour,day,city_section,highwayid,compass,milepost,lat,lon,road_type,road_char,street_name,isect_num,isect_name,lane_quantity,vehicle_id,partic_type,age,gender,vehicle_type,striking_vehicle,collision_type,crash_severity,injury_severity,vehicle_movement,vehicle_direction,weather,road_cond,light_cond,speeding,alcohol,drug
1701026,2016-08-15,17:00:00,MONDAY,Portland N,2,N,305.16,45.572947,-122.678572,MN,STRGHT,PACIFIC HY I-5,9419,NB EF PTLD BLVD C2,5,3210369,DRVR,0,9,PSNGR CAR,0,SS-O,PDO,NONE,STRGHT,N,CLR,DRY,DAY,0,0,0
1701467,2016-08-16,8:00:00,TUESDAY,Portland NE,1,S,301.51,45.523208,-122.66555,MN,STRGHT,PACIFIC HY I-5,9448,SB EX MORRISN BR C7,5,3211189,DRVR,0,9,PSNGR CAR,1,REAR,PDO,NONE,STRGHT,S,CLR,DRY,DAY,0,0,0
1701467,2016-08-16,8:00:00,TUESDAY,Portland NE,1,S,301.51,45.523208,-122.66555,MN,STRGHT,PACIFIC HY I-5,9448,SB EX MORRISN BR C7,5,3211190,DRVR,0,9,PSNGR CAR,0,REAR,PDO,NONE,STOP,S,CLR,DRY,DAY,0,0,0
1701429,2016-08-16,19:00:00,TUESDAY,Portland N,2,S,305.4,45.576375,-122.678508,MN,STRGHT,PACIFIC HY I-5,9416,NB EX LOMBARD WB C2,4,3211122,DRVR,0,9,PSNGR CAR,1,REAR,PDO,NONE,STRGHT,N,CLR,DRY,DAY,0,0,0
1701429,2016-08-16,19:00:00,TUESDAY,Portland N,2,S,305.4,45.576375,-122.678508,MN,STRGHT,PACIFIC HY I-5,9416,NB EX LOMBARD WB C2,4,3211123,DRVR,0,9,PSNGR CAR,0,REAR,PDO,NONE,STOP,N,CLR,DRY,DAY,0,0,0
1703317,2016-08-18,0:00:00,THURSDAY,Portland N,2,S,307.74,45.609356,-122.680219,MN,STRGHT,PACIFIC HY I-5,9456,NB EX JANTZN BCH C1,6,3214573,DRVR,0,9,PSNGR CAR,1,REAR,PDO,NONE,STRGHT,N,CLR,DRY,DAY,0,0,0
1703317,2016-08-18,0:00:00,THURSDAY,Portland N,2,S,307.74,45.609356,-122.680219,MN,STRGHT,PACIFIC HY I-5,9456,NB EX JANTZN BCH C1,6,3214574,DRVR,0,9,PSNGR CAR,0,REAR,PDO,NONE,STOP,N,CLR,DRY,DAY,0,0,0
1701251,2016-08-20,10:00:00,SATURDAY,Portland Bridges,2,SW,300.41,45.508294,-122.668542,MN,BRIDGE,MARQUAM BRIDGE,9453,NB EXTO PAC HY I-5,8,3210803,DRVR,0,9,PSNGR CAR,1,REAR,PDO,NONE,STRGHT,NE,CLR,DRY,DAY,0,0,0
1701251,2016-08-20,10:00:00,SATURDAY,Portland Bridges,2,SW,300.41,45.508294,-122.668542,MN,BRIDGE,MARQUAM BRIDGE,9453,NB EXTO PAC HY I-5,8,3210804,DRVR,0,9,PSNGR CAR,0,REAR,PDO,NONE,STRGHT,NE,CLR,DRY,DAY,0,0,0
1702628,2016-08-20,11:00:00,SATURDAY,Portland SE,2,N,301.47,45.522978,-122.665372,MN,STRGHT,PACIFIC HY I-5,9449,NB EF MORRISN BR C3,4,3213300,DRVR,0,9,PSNGR CAR,1,SS-O,PDO,NONE,STRGHT,N,CLR,DRY,DAY,0,0,0
1702628,2016-08-20,11:00:00,SATURDAY,Portland SE,2,N,301.47,45.522978,-122.665372,MN,STRGHT,PACIFIC HY I-5,9449,NB EF MORRISN BR C3,4,3213301,DRVR,0,9,PSNGR CAR,0,SS-O,PDO,NONE,STRGHT,N,CLR,DRY,DAY,0,0,0
1702633,2016-08-20,14:00:00,SATURDAY,Portland N,2,N,306.78,45.595942,-122.684197,MN,STRGHT,PACIFIC HY I-5,9901,EXTO MLK/MARINE C1,6,3213309,DRVR,0,9,PSNGR CAR,1,REAR,PDO,NONE,STRGHT,N,CLR,DRY,DAY,0,0,0
1702633,2016-08-20,14:00:00,SATURDAY,Portland N,2,N,306.78,45.595942,-122.684197,MN,STRGHT,PACIFIC HY I-5,9901,EXTO MLK/MARINE C1,6,3213310,DRVR,0,9,PSNGR CAR,0,REAR,PDO,NONE,STRGHT,N,CLR,DRY,DAY,0,0,0
1702373,2016-08-20,18:00:00,SATURDAY,Portland NE,2,SE,302.08,45.531456,-122.665194,MN,STRGHT,PACIFIC HY I-5,9434,NB EX WEIDLER C1,6,3212838,DRVR,0,9,PSNGR CAR,1,REAR,PDO,NONE,STRGHT,NW,CLR,DRY,DAY,0,0,0
1702373,2016-08-20,18:00:00,SATURDAY,Portland NE,2,SE,302.08,45.531456,-122.665194,MN,STRGHT,PACIFIC HY I-5,9434,NB EX WEIDLER C1,6,3212839,DRVR,0,9,PSNGR CAR,0,REAR,PDO,NONE,STOP,NW,CLR,DRY,DAY,0,0,0
1701245,2016-08-20,22:00:00,SATURDAY,Portland NE,1,N,301.95,45.529536,-122.665364,MN,STRGHT,PACIFIC HY I-5,9436,SB EX BANFIELD FY,6,3210791,DRVR,0,9,PSNGR CAR,1,REAR,PDO,NONE,STRGHT,S,CLR,DRY,DLIT,0,0,0
1701245,2016-08-20,22:00:00,SATURDAY,Portland NE,1,N,301.95,45.529536,-122.665364,MN,STRGHT,PACIFIC HY I-5,9436,SB EX BANFIELD FY,6,3210792,DRVR,0,9,PSNGR CAR,0,REAR,PDO,NONE,STOP,S,CLR,DRY,DLIT,0,0,0
1700143,2016-08-20,,SATURDAY,Portland N,1,S,305.83,45.582894,-122.678897,MN,STRGHT,PACIFIC HY I-5,9413,SB EF COL BLVD C2,4,3208751,DRVR,0,9,PSNGR CAR,1,REAR,PDO,NONE,STRGHT,S,CLR,DRY,DAY,0,0,0
1700143,2016-08-20,,SATURDAY,Portland N,1,S,305.83,45.582894,-122.678897,MN,STRGHT,PACIFIC HY I-5,9413,SB EF COL BLVD C2,4,3208752,DRVR,0,9,PSNGR CAR,0,REAR,PDO,NONE,STOP,S,CLR,DRY,DAY,0,0,0
1702846,2016-08-22,3:00:00,MONDAY,Portland N,1,NW,303.03,45.543086,-122.673992,CN,STRGHT,NB EX GREELEY AV C1,322,PACIFIC HY I-5,1,3213689,DRVR,0,9,PSNGR CAR,1,FIX,PDO,NONE,STRGHT,N,CLR,DRY,DLIT,0,1,0
1702897,2016-08-22,13:00:00,MONDAY,Portland N,1,NW,303.5,45.549219,-122.678753,MN,STRGHT,PACIFIC HY I-5,9430,SB EX FREMONT BR,8,3213780,DRVR,0,9,PSNGR CAR,1,REAR,PDO,NONE,STRGHT,SE,CLR,DRY,DAY,0,0,0
1702897,2016-08-22,13:00:00,MONDAY,Portland N,1,NW,303.5,45.549219,-122.678753,MN,STRGHT,PACIFIC HY I-5,9430,SB EX FREMONT BR,8,3213781,DRVR,0,9,PSNGR CAR,0,REAR,PDO,NONE,STOP,SE,CLR,DRY,DAY,0,0,0
1700085,2016-08-23,13:00:00,TUESDAY,Portland SW,2,S,299.5,45.497408,-122.673261,MN,STRGHT,PACIFIC HY I-5,9492,NB EX MARQUAM BR,6,3208647,DRVR,0,9,SEMI TOW,1,REAR,PDO,NONE,STRGHT,N,CLR,DRY,DAY,0,0,0
1700085,2016-08-23,13:00:00,TUESDAY,Portland SW,2,S,299.5,45.497408,-122.673261,MN,STRGHT,PACIFIC HY I-5,9492,NB EX MARQUAM BR,6,3208648,DRVR,0,9,PSNGR CAR,0,REAR,PDO,NONE,STOP,N,CLR,DRY,DAY,0,0,0
1703488,2016-08-24,15:00:00,WEDNESDAY,Portland N,2,S,305.4,45.576375,-122.678508,MN,STRGHT,PACIFIC HY I-5,9416,NB EX LOMBARD WB C2,6,3214891,DRVR,0,9,PSNGR CAR,1,REAR,PDO,NONE,STRGHT,N,UNK,UNK,DAY,0,0,0
1703488,2016-08-24,15:00:00,WEDNESDAY,Portland N,2,S,305.4,45.576375,-122.678508,MN,STRGHT,PACIFIC HY I-5,9416,NB EX LOMBARD WB C2,6,3214892,DRVR,0,9,PSNGR CAR,0,REAR,PDO,NONE,STOP,N,UNK,UNK,DAY,0,0,0
1703420,2016-08-24,18:00:00,WEDNESDAY,Portland N,2,S,306.66,45.594361,-122.683608,MN,STRGHT,PACIFIC HY I-5,9901,EXTO MLK/MARINE C1,6,3214761,DRVR,0,9,SEMI TOW,1,REAR,PDO,NONE,STRGHT,N,CLR,DRY,DAY,0,0,0
1703420,2016-08-24,18:00:00,WEDNESDAY,Portland N,2,S,306.66,45.594361,-122.683608,MN,STRGHT,PACIFIC HY I-5,9901,EXTO MLK/MARINE C1,6,3214762,DRVR,0,9,PSNGR CAR,0,REAR,PDO,NONE,STOP,N,CLR,DRY,DAY,0,0,0
1702192,2016-08-25,13:00:00,THURSDAY,Portland N,2,S,307,45.59895,-122.684089,MN,STRGHT,PACIFIC HY I-5,609,N DENVER AVE,6,3212517,DRVR,0,9,PSNGR CAR,1,REAR,PDO,NONE,STRGHT,N,CLR,DRY,DAY,0,0,0
1702192,2016-08-25,13:00:00,THURSDAY,Portland N,2,S,307,45.59895,-122.684089,MN,STRGHT,PACIFIC HY I-5,609,N DENVER AVE,6,3212518,DRVR,0,9,PSNGR CAR,0,REAR,PDO,NONE,STOP,N,CLR,DRY,DAY,0,0,0
1702455,2016-08-26,0:00:00,FRIDAY,Portland N,1,N,305.14,45.572872,-122.678744,MN,STRGHT,PACIFIC HY I-5,9420,SB EX PTLD BLVD C3,4,3212983,DRVR,0,9,PSNGR CAR,1,REAR,PDO,NONE,STRGHT,S,CLR,DRY,DAY,0,0,0
1702455,2016-08-26,0:00:00,FRIDAY,Portland N,1,N,305.14,45.572872,-122.678744,MN,STRGHT,PACIFIC HY I-5,9420,SB EX PTLD BLVD C3,4,3212984,DRVR,0,9,PSNGR CAR,0,REAR,PDO,NONE,STOP,S,CLR,DRY,DAY,0,0,0
1702479,2016-08-26,16:00:00,FRIDAY,Portland Bridges,2,SW,300.29,45.507261,-122.670328,MN,BRIDGE,MARQUAM BRIDGE,9453,NB EXTO PAC HY I-5,6,3213028,DRVR,0,9,PSNGR CAR,1,REAR,PDO,NONE,STRGHT,SW,CLR,DRY,DAY,0,0,0
1702479,2016-08-26,16:00:00,FRIDAY,Portland Bridges,2,SW,300.29,45.507261,-122.670328,MN,BRIDGE,MARQUAM BRIDGE,9453,NB EXTO PAC HY I-5,6,3213029,DRVR,0,9,PSNGR CAR,0,REAR,PDO,NONE,STOP,SW,CLR,DRY,DAY,0,0,0
1702556,2016-08-27,13:00:00,SATURDAY,Portland SW,2,N,300,45.504136,-122.673814,MN,BRIDGE,NB EF MACADAM AV C4,9492,NB EX MARQUAM BR,2,3213171,DRVR,0,9,PSNGR CAR,1,REAR,PDO,NONE,STRGHT,N,CLR,DRY,DAY,0,0,0
1702556,2016-08-27,13:00:00,SATURDAY,Portland SW,2,N,300,45.504136,-122.673814,MN,BRIDGE,NB EF MACADAM AV C4,9492,NB EX MARQUAM BR,2,3213172,DRVR,0,9,PSNGR CAR,0,REAR,PDO,NONE,STOP,N,CLR,DRY,DAY,0,0,0
1700092,2016-08-28,11:00:00,SUNDAY,Portland NE,1,N,301.72,45.525803,-122.665444,MN,STRGHT,PACIFIC HY I-5,9448,SB EX MORRISN BR C7,6,3208660,DRVR,0,9,SEMI TOW,1,SS-O,PDO,NONE,STRGHT,S,CLR,DRY,DAY,0,0,0
1700092,2016-08-28,11:00:00,SUNDAY,Portland NE,1,N,301.72,45.525803,-122.665444,MN,STRGHT,PACIFIC HY I-5,9448,SB EX MORRISN BR C7,6,3208661,DRVR,0,9,PSNGR CAR,0,SS-O,PDO,NONE,STRGHT,S,CLR,DRY,DAY,0,0,0
1702594,2016-08-28,19:00:00,SUNDAY,Portland N,1,S,308.24,45.616247,-122.676564,MN,BRIDGE,PACIFIC HY I-5,9458,SB EX JANTZN BCH C4,3,3213240,DRVR,0,9,PSNGR CAR,1,REAR,PDO,NONE,STRGHT,S,CLR,DRY,DAY,0,0,0
1702594,2016-08-28,19:00:00,SUNDAY,Portland N,1,S,308.24,45.616247,-122.676564,MN,BRIDGE,PACIFIC HY I-5,9458,SB EX JANTZN BCH C4,3,3213241,DRVR,0,9,PSNGR CAR,0,REAR,PDO,NONE,STRGHT,S,CLR,DRY,DAY,0,0,0
1702355,2016-08-29,6:00:00,MONDAY,Portland N,1,N,304.49,45.563656,-122.678703,MN,STRGHT,PACIFIC HY I-5,9424,SB EX MINNESOTA C2,6,3212806,DRVR,0,9,PSNGR CAR,1,SS-O,PDO,NONE,STRGHT,S,CLR,DRY,DAY,0,0,0
1702355,2016-08-29,6:00:00,MONDAY,Portland N,1,N,304.49,45.563656,-122.678703,MN,STRGHT,PACIFIC HY I-5,9424,SB EX MINNESOTA C2,6,3212807,DRVR,0,9,PSNGR CAR,0,SS-O,PDO,NONE,STRGHT,S,CLR,DRY,DAY,0,0,0
1702686,2016-08-29,7:00:00,MONDAY,Portland SE,1,NE,300.71,45.511839,-122.667153,CN,BRIDGE,NB EXTO BANFIELD C1,302,PACIFIC HY I-5,2,3213407,DRVR,0,9,PSNGR CAR,1,REAR,PDO,NONE,STRGHT,NE,CLR,DRY,DAY,0,0,0
1702686,2016-08-29,7:00:00,MONDAY,Portland SE,1,NE,300.71,45.511839,-122.667153,CN,BRIDGE,NB EXTO BANFIELD C1,302,PACIFIC HY I-5,2,3213408,DRVR,0,9,PSNGR CAR,0,REAR,PDO,NONE,STRGHT,NE,CLR,DRY,DAY,0,0,0
1703990,2016-09-01,19:00:00,THURSDAY,Portland N,1,N,305.45,45.577744,-122.678683,MN,STRGHT,PACIFIC HY I-5,9415,SB EF LOMBARD WB C2,4,3215838,DRVR,0,9,PSNGR CAR,1,FIX,PDO,NONE,STRGHT,S,RAIN,WET,DAY,1,0,0
1707397,2016-09-02,13:00:00,FRIDAY,Portland Bridges,1,NE,300.37,45.507939,-122.669156,MN,BRIDGE,MARQUAM BRIDGE,9452,SB EX MARQUAM BR,8,3222032,DRVR,0,9,PSNGR CAR,1,SS-O,PDO,NONE,STRGHT,SW,RAIN,WET,DAY,0,0,0
1707397,2016-09-02,13:00:00,FRIDAY,Portland Bridges,1,NE,300.37,45.507939,-122.669156,MN,BRIDGE,MARQUAM BRIDGE,9452,SB EX MARQUAM BR,8,3222033,DRVR,0,9,UNKNOWN,0,SS-O,PDO,NONE,STRGHT,SW,RAIN,WET,DAY,0,0,0
1705761,2016-09-03,18:00:00,SATURDAY,Portland NE,1,S,302,45.530589,-122.66535,MN,STRGHT,PACIFIC HY I-5,9435,SB EF WILLIAMS C5,6,3219048,DRVR,0,9,MTRCYCLE,1,REAR,PDO,NONE,STRGHT,S,CLR,DRY,DAY,0,0,0
1705761,2016-09-03,18:00:00,SATURDAY,Portland NE,1,S,302,45.530589,-122.66535,MN,STRGHT,PACIFIC HY I-5,9435,SB EF WILLIAMS C5,6,3219049,DRVR,0,9,PSNGR CAR,0,REAR,PDO,NONE,STRGHT,S,CLR,DRY,DAY,0,0,0
1704090,2016-09-07,5:00:00,WEDNESDAY,Portland NE,2,N,302,45.530367,-122.665167,MN,BRIDGE,PACIFIC HY I-5,9437,NB EF BANFIELD FY,6,3216031,DRVR,0,9,PSNGR CAR,1,SS-O,PDO,NONE,STRGHT,N,CLR,WET,DARK,0,0,0
1704090,2016-09-07,5:00:00,WEDNESDAY,Portland NE,2,N,302,45.530367,-122.665167,MN,BRIDGE,PACIFIC HY I-5,9437,NB EF BANFIELD FY,6,3216032,DRVR,0,9,SEMI TOW,0,SS-O,PDO,NONE,STRGHT,N,CLR,WET,DARK,0,0,0
1705079,2016-09-11,17:00:00,SUNDAY,Portland NE,2,NW,302.28,45.534078,-122.666039,MN,STRGHT,PACIFIC HY I-5,9434,NB EX WEIDLER C1,6,3217808,DRVR,0,9,PSNGR CAR,1,REAR,PDO,NONE,STRGHT,NW,CLR,DRY,DAY,0,0,0
1705079,2016-09-11,17:00:00,SUNDAY,Portland NE,2,NW,302.28,45.534078,-122.666039,MN,STRGHT,PACIFIC HY I-5,9434,NB EX WEIDLER C1,6,3217809,DRVR,0,9,PSNGR CAR,0,REAR,PDO,NONE,STOP,NW,CLR,DRY,DAY,0,0,0
1705196,2016-09-12,14:00:00,MONDAY,Portland NE,1,W,301.59,45.524125,-122.664897,CN,BRIDGE,NB EXTO BANFIELD C1,9436,SB EX BANFIELD FY,2,3218018,DRVR,0,9,PSNGR CAR,1,REAR,PDO,NONE,STRGHT,E,CLR,DRY,DAY,0,0,0
1705196,2016-09-12,14:00:00,MONDAY,Portland NE,1,W,301.59,45.524125,-122.664897,CN,BRIDGE,NB EXTO BANFIELD C1,9436,SB EX BANFIELD FY,2,3218019,DRVR,0,9,PSNGR CAR,0,REAR,PDO,NONE,STRGHT,E,CLR,DRY,DAY,0,0,0
1705469,2016-09-13,15:00:00,TUESDAY,Portland SW,2,N,299.33,45.494903,-122.673372,MN,STRGHT,PACIFIC HY I-5,9482,NB EX CORBETT AV C1,6,3218523,DRVR,0,9,PSNGR CAR,1,REAR,PDO,NONE,STRGHT,N,CLR,DRY,DAY,0,0,0
1705469,2016-09-13,15:00:00,TUESDAY,Portland SW,2,N,299.33,45.494903,-122.673372,MN,STRGHT,PACIFIC HY I-5,9482,NB EX CORBETT AV C1,6,3218524,DRVR,0,9,PSNGR CAR,0,REAR,PDO,NONE,STRGHT,N,CLR,DRY,DAY,0,0,0
1706471,2016-09-14,17:00:00,WEDNESDAY,Portland SW,1,SE,299.85,45.502,-122.674317,MN,STRGHT,SB EF MARQUAM BR,9496,SB EX HOOD AVE C2,4,3220342,DRVR,0,9,PSNGR CAR,1,REAR,PDO,NONE,STRGHT,SE,CLR,DRY,DAY,0,0,0
1706471,2016-09-14,17:00:00,WEDNESDAY,Portland SW,1,SE,299.85,45.502,-122.674317,MN,STRGHT,SB EF MARQUAM BR,9496,SB EX HOOD AVE C2,4,3220343,DRVR,0,9,PSNGR CAR,0,REAR,PDO,NONE,STRGHT,SE,CLR,DRY,DAY,0,0,0
1707329,2016-09-14,17:00:00,WEDNESDAY,Portland N,1,SW,305.44,45.577225,-122.6775,CN,INTER,N LOMBARD ST,9418,NB EX LOMBARD EB C1,,3221908,DRVR,0,9,PSNGR CAR,1,REAR,PDO,NONE,STRGHT,NE,UNK,UNK,DAY,0,0,0
1707329,2016-09-14,17:00:00,WEDNESDAY,Portland N,1,SW,305.44,45.577225,-122.6775,CN,INTER,N LOMBARD ST,9418,NB EX LOMBARD EB C1,,3221909,DRVR,0,9,PSNGR CAR,0,REAR,PDO,NONE,STOP,NE,UNK,UNK,DAY,0,0,0
1706641,2016-09-14,18:00:00,WEDNESDAY,Portland SE,2,S,300.64,45.510889,-122.666731,MN,STRGHT,PACIFIC HY I-5,9460,NB EXTO BANFIELD C1,6,3220654,DRVR,0,9,PSNGR CAR,1,REAR,PDO,NONE,STRGHT,N,CLR,DRY,DAY,0,0,0
1706641,2016-09-14,18:00:00,WEDNESDAY,Portland SE,2,S,300.64,45.510889,-122.666731,MN,STRGHT,PACIFIC HY I-5,9460,NB EXTO BANFIELD C1,6,3220655,DRVR,0,9,PSNGR CAR,0,REAR,PDO,NONE,STOP,N,CLR,DRY,DAY,0,0,0
1707335,2016-09-14,20:00:00,WEDNESDAY,Portland NE,1,N,301.93,45.529114,-122.665369,MN,STRGHT,PACIFIC HY I-5,9436,SB EX BANFIELD FY,6,3221918,DRVR,0,9,PSNGR CAR,1,REAR,PDO,NONE,STRGHT,S,CLR,DRY,DLIT,0,0,0
1707335,2016-09-14,20:00:00,WEDNESDAY,Portland NE,1,N,301.93,45.529114,-122.665369,MN,STRGHT,PACIFIC HY I-5,9436,SB EX BANFIELD FY,6,3221919,DRVR,0,9,PSNGR CAR,0,REAR,PDO,NONE,STOP,S,CLR,DRY,DLIT,0,0,0
1706760,2016-09-15,13:00:00,THURSDAY,Portland N,2,N,308.25,45.616317,-122.676164,MN,BRIDGE,PACIFIC HY I-5,9457,NB EF JANTZN BCH C2,6,3220879,DRVR,0,9,PSNGR CAR,1,REAR,PDO,NONE,STRGHT,N,CLR,DRY,DAY,0,0,0
1706760,2016-09-15,13:00:00,THURSDAY,Portland N,2,N,308.25,45.616317,-122.676164,MN,BRIDGE,PACIFIC HY I-5,9457,NB EF JANTZN BCH C2,6,3220880,DRVR,0,9,PSNGR CAR,0,REAR,PDO,NONE,STOP,N,CLR,DRY,DAY,0,0,0
1708619,2016-09-16,16:00:00,FRIDAY,Portland N,2,N,303.18,45.544586,-122.675997,MN,CURVE,NB EX GREELEY AV C1,322,PACIFIC HY I-5,1,3224305,DRVR,0,9,PSNGR CAR,1,FIX,PDO,NONE,STRGHT,N,RAIN,WET,DAY,1,0,0
1707421,2016-09-21,9:00:00,WEDNESDAY,Portland N,2,N,308.35,45.617619,-122.675394,MN,BRIDGE,PACIFIC HY I-5,9457,NB EF JANTZN BCH C2,3,3222074,DRVR,0,9,UNKNOWN,1,REAR,PDO,NONE,STRGHT,N,UNK,UNK,DAY,0,0,0
1707421,2016-09-21,9:00:00,WEDNESDAY,Portland N,2,N,308.35,45.617619,-122.675394,MN,BRIDGE,PACIFIC HY I-5,9457,NB EF JANTZN BCH C2,3,3222075,DRVR,0,9,UNKNOWN,0,REAR,PDO,NONE,STOP,N,UNK,UNK,DAY,0,0,0
1708038,2016-09-24,1:00:00,SATURDAY,Portland N,1,SE,302.85,45.541464,-122.672458,MN,STRGHT,PACIFIC HY I-5,9443,SB EX FREMONT BR C1,6,3223211,DRVR,0,9,PSNGR CAR,1,FIX,PDO,NONE,STRGHT,SE,CLD,DRY,DLIT,0,1,0
1700958,2016-09-27,17:00:00,TUESDAY,Portland SW,2,NW,300,45.504136,-122.673814,MN,STRGHT,NB EF MACADAM AV C4,9492,NB EX MARQUAM BR,2,3210236,DRVR,0,9,PSNGR CAR,1,REAR,PDO,NONE,STRGHT,NW,CLR,DRY,DAY,0,0,0
1700958,2016-09-27,17:00:00,TUESDAY,Portland SW,2,NW,300,45.504136,-122.673814,MN,STRGHT,NB EF MACADAM AV C4,9492,NB EX MARQUAM BR,2,3210237,DRVR,0,9,PSNGR CAR,0,REAR,PDO,NONE,STRGHT,NW,CLR,DRY,DAY,0,0,0
1707515,2016-09-28,8:00:00,WEDNESDAY,Portland NE,2,SE,302.05,45.531047,-122.665181,MN,STRGHT,PACIFIC HY I-5,9434,NB EX WEIDLER C1,6,3222248,DRVR,0,9,SEMI TOW,1,SS-O,PDO,NONE,STRGHT,NW,CLR,DRY,DAY,0,0,0
1707515,2016-09-28,8:00:00,WEDNESDAY,Portland NE,2,SE,302.05,45.531047,-122.665181,MN,STRGHT,PACIFIC HY I-5,9434,NB EX WEIDLER C1,6,3222249,DRVR,0,9,PSNGR CAR,0,SS-O,PDO,NONE,STRGHT,NW,CLR,DRY,DAY,0,0,0
1707511,2016-09-28,15:00:00,WEDNESDAY,Portland SW,1,NW,299.85,45.502,-122.674317,MN,STRGHT,SB EF MARQUAM BR,9496,SB EX HOOD AVE C2,2,3222241,DRVR,0,9,PSNGR CAR,1,REAR,PDO,NONE,STRGHT,SE,CLR,DRY,DAY,0,0,0
1707511,2016-09-28,15:00:00,WEDNESDAY,Portland SW,1,NW,299.85,45.502,-122.674317,MN,STRGHT,SB EF MARQUAM BR,9496,SB EX HOOD AVE C2,2,3222242,DRVR,0,9,PSNGR CAR,0,REAR,PDO,NONE,STOP,SE,CLR,DRY,DAY,0,0,0
1707524,2016-09-28,20:00:00,WEDNESDAY,Portland SE,1,N,301.46,45.522606,-122.665575,MN,STRGHT,PACIFIC HY I-5,9439,SB ENFR BANFIELD C2,5,3222264,DRVR,0,9,PSNGR CAR,1,REAR,PDO,NONE,STRGHT,S,CLR,DRY,DUSK,0,0,0
1707524,2016-09-28,20:00:00,WEDNESDAY,Portland SE,1,N,301.46,45.522606,-122.665575,MN,STRGHT,PACIFIC HY I-5,9439,SB ENFR BANFIELD C2,5,3222265,DRVR,0,9,PSNGR CAR,0,REAR,PDO,NONE,STOP,S,CLR,DRY,DUSK,0,0,0
1708430,2016-09-30,13:00:00,FRIDAY,Portland N,2,N,303.79,45.553292,-122.678514,MN,STRGHT,PACIFIC HY I-5,9428,NB EX MISSOURI C1,8,3223957,DRVR,0,9,PSNGR CAR,1,REAR,PDO,NONE,STRGHT,N,CLR,DRY,DAY,1,0,0
1708430,2016-09-30,13:00:00,FRIDAY,Portland N,2,N,303.79,45.553292,-122.678514,MN,STRGHT,PACIFIC HY I-5,9428,NB EX MISSOURI C1,8,3223958,DRVR,0,9,PSNGR CAR,0,REAR,PDO,NONE,STRGHT,N,CLR,DRY,DAY,1,0,0
1708322,2016-09-30,14:00:00,FRIDAY,Portland N,2,N,308.26,45.616447,-122.676086,MN,BRIDGE,PACIFIC HY I-5,9457,NB EF JANTZN BCH C2,6,3223743,DRVR,0,9,PSNGR CAR,1,REAR,PDO,NONE,STRGHT,N,CLR,DRY,DAY,0,0,0
1708322,2016-09-30,14:00:00,FRIDAY,Portland N,2,N,308.26,45.616447,-122.676086,MN,BRIDGE,PACIFIC HY I-5,9457,NB EF JANTZN BCH C2,6,3223744,DRVR,0,9,PSNGR CAR,0,REAR,PDO,NONE,STOP,N,CLR,DRY,DAY,0,0,0
1709004,2016-10-02,11:00:00,SUNDAY,Portland N,1,N,304.27,45.559728,-122.678147,CN,STRGHT,NB EF MISSOURI C1,1572,N MISSOURI AVE,1,3224981,DRVR,0,9,PSNGR CAR,1,FIX,PDO,NONE,STRGHT,N,CLD,WET,DAY,1,0,0
1709080,2016-10-03,15:00:00,MONDAY,Portland N,1,N,303.5,45.549219,-122.678753,MN,STRGHT,PACIFIC HY I-5,9430,SB EX FREMONT BR,8,3225118,DRVR,0,9,PSNGR CAR,1,SS-O,PDO,NONE,STRGHT,S,RAIN,WET,DAY,0,0,0
1709080,2016-10-03,15:00:00,MONDAY,Portland N,1,N,303.5,45.549219,-122.678753,MN,STRGHT,PACIFIC HY I-5,9430,SB EX FREMONT BR,8,3225119,DRVR,0,9,UNKNOWN,0,SS-O,PDO,NONE,STRGHT,S,RAIN,WET,DAY,0,0,0
1710644,2016-10-05,8:00:00,WEDNESDAY,Portland N,1,N,303.57,45.550206,-122.678753,MN,STRGHT,PACIFIC HY I-5,9430,SB EX FREMONT BR,8,3227934,DRVR,0,9,PSNGR CAR,1,REAR,PDO,NONE,STRGHT,S,RAIN,WET,DAY,1,0,0
1710644,2016-10-05,8:00:00,WEDNESDAY,Portland N,1,N,303.57,45.550206,-122.678753,MN,STRGHT,PACIFIC HY I-5,9430,SB EX FREMONT BR,8,3227935,DRVR,0,9,PSNGR CAR,0,REAR,PDO,NONE,STOP,S,RAIN,WET,DAY,1,0,0
1710036,2016-10-07,5:00:00,FRIDAY,Portland NE,2,N,302,45.530367,-122.665167,MN,STRGHT,PACIFIC HY I-5,9437,NB EF BANFIELD FY,6,3226852,DRVR,0,9,SEMI TOW,1,SS-O,PDO,NONE,STRGHT,N,RAIN,WET,DLIT,0,0,0