crashid,date,hour,day,city_section,highwayid,compass,milepost,lat,lon,road_type,road_char,street_name,isect_num,isect_name,lane_quantity,vehicle_id,partic_type,age,gender,vehicle_type,striking_vehicle,collision_type,crash_severity,injury_severity,vehicle_movement,vehicle_direction,weather,road_cond,light_cond,speeding,alcohol,drug
1710036,2016-10-07,5:00:00,FRIDAY,Portland NE,2,N,302,45.530367,-122.665167,MN,STRGHT,PACIFIC HY I-5,9437,NB EF BANFIELD FY,6,3226853,DRVR,0,9,PSNGR CAR,0,SS-O,PDO,NONE,STRGHT,N,RAIN,WET,DLIT,0,0,0
1710501,2016-10-07,8:00:00,FRIDAY,Portland N,2,N,306.75,45.595536,-122.684083,MN,STRGHT,PACIFIC HY I-5,9901,EXTO MLK/MARINE C1,6,3227672,DRVR,0,9,PSNGR CAR,1,SS-O,PDO,NONE,STRGHT,N,CLD,WET,DAY,1,0,0
1710501,2016-10-07,8:00:00,FRIDAY,Portland N,2,N,306.75,45.595536,-122.684083,MN,STRGHT,PACIFIC HY I-5,9901,EXTO MLK/MARINE C1,6,3227673,DRVR,0,9,PSNGR CAR,0,SS-O,PDO,NONE,STRGHT,N,CLD,WET,DAY,1,0,0
1710123,2016-10-07,14:00:00,FRIDAY,Portland N,1,SE,302.9,45.542,-122.673097,MN,STRGHT,PACIFIC HY I-5,9443,SB EX FREMONT BR C1,6,3227009,DRVR,0,9,PSNGR CAR,1,REAR,PDO,NONE,STRGHT,SE,CLR,WET,DAY,0,0,0
1710123,2016-10-07,14:00:00,FRIDAY,Portland N,1,SE,302.9,45.542,-122.673097,MN,STRGHT,PACIFIC HY I-5,9443,SB EX FREMONT BR C1,6,3227010,DRVR,0,9,PSNGR CAR,0,REAR,PDO,NONE,STOP,SE,CLR,WET,DAY,0,0,0
1710590,2016-10-08,18:00:00,SATURDAY,Portland SE,1,NE,300.85,45.514089,-122.667919,MN,STRGHT,MARQUAM BRIDGE,9452,SB EX MARQUAM BR,6,3227832,DRVR,0,9,PSNGR CAR,1,SS-O,PDO,NONE,STRGHT,SW,CLR,DRY,DAY,0,0,0
1710590,2016-10-08,18:00:00,SATURDAY,Portland SE,1,NE,300.85,45.514089,-122.667919,MN,STRGHT,MARQUAM BRIDGE,9452,SB EX MARQUAM BR,6,3227833,DRVR,0,9,PSNGR CAR,0,SS-O,PDO,NONE,STRGHT,SW,CLR,DRY,DAY,0,0,0
1708225,2016-10-09,0:00:00,SUNDAY,Portland N,1,NW,302.96,45.542631,-122.673853,MN,STRGHT,PACIFIC HY I-5,9443,SB EX FREMONT BR C1,6,3223564,DRVR,0,9,PSNGR CAR,1,SS-O,PDO,NONE,STRGHT,SE,RAIN,WET,DAY,0,0,0
1708225,2016-10-09,0:00:00,SUNDAY,Portland N,1,NW,302.96,45.542631,-122.673853,MN,STRGHT,PACIFIC HY I-5,9443,SB EX FREMONT BR C1,6,3223565,DRVR,0,9,PSNGR CAR,0,SS-O,PDO,NONE,STRGHT,SE,RAIN,WET,DAY,0,0,0
1708284,2016-10-09,19:00:00,SUNDAY,Portland NE,1,N,301.72,45.525803,-122.665444,MN,STRGHT,PACIFIC HY I-5,9448,SB EX MORRISN BR C7,6,3223673,DRVR,0,9,PSNGR CAR,1,REAR,PDO,NONE,STRGHT,S,RAIN,WET,DLIT,0,0,0
1708284,2016-10-09,19:00:00,SUNDAY,Portland NE,1,N,301.72,45.525803,-122.665444,MN,STRGHT,PACIFIC HY I-5,9448,SB EX MORRISN BR C7,6,3223674,DRVR,0,9,UNKNOWN,0,REAR,PDO,NONE,STRGHT,S,RAIN,WET,DLIT,0,0,0
1709015,2016-10-10,0:00:00,MONDAY,Portland N,1,E,307.65,45.6113,-122.679703,CN,TRANS,SB EF JANTZN BCH C5,432,N CENTER AVE,2,3225000,DRVR,0,9,PSNGR CAR,1,SS-O,PDO,NONE,STRGHT,E,CLR,DRY,DAY,0,0,0
1709015,2016-10-10,0:00:00,MONDAY,Portland N,1,E,307.65,45.6113,-122.679703,CN,TRANS,SB EF JANTZN BCH C5,432,N CENTER AVE,2,3225001,DRVR,0,9,OTH BUS,0,SS-O,PDO,NONE,STRGHT,E,CLR,DRY,DAY,0,0,0
1709001,2016-10-10,10:00:00,MONDAY,Portland N,2,N,303.86,45.554258,-122.678503,MN,STRGHT,PACIFIC HY I-5,9428,NB EX MISSOURI C1,8,3224975,DRVR,0,9,SEMI TOW,1,SS-O,PDO,NONE,STRGHT,N,CLR,DRY,DAY,0,0,0
1709001,2016-10-10,10:00:00,MONDAY,Portland N,2,N,303.86,45.554258,-122.678503,MN,STRGHT,PACIFIC HY I-5,9428,NB EX MISSOURI C1,8,3224976,DRVR,0,9,PSNGR CAR,0,SS-O,PDO,NONE,STRGHT,N,CLR,DRY,DAY,0,0,0
1709481,2016-10-11,15:00:00,TUESDAY,Portland SW,1,NW,299.91,45.502872,-122.674528,MN,STRGHT,SB EF MARQUAM BR,9496,SB EX HOOD AVE C2,2,3225853,DRVR,0,9,PSNGR CAR,1,REAR,PDO,NONE,STRGHT,SE,CLR,UNK,DAY,0,0,0
1709481,2016-10-11,15:00:00,TUESDAY,Portland SW,1,NW,299.91,45.502872,-122.674528,MN,STRGHT,SB EF MARQUAM BR,9496,SB EX HOOD AVE C2,2,3225854,DRVR,0,9,PSNGR CAR,0,REAR,PDO,NONE,STOP,SE,CLR,UNK,DAY,0,0,0
1709150,2016-10-12,15:00:00,WEDNESDAY,Portland N,1,SE,302.84,45.541356,-122.672333,MN,STRGHT,PACIFIC HY I-5,9443,SB EX FREMONT BR C1,6,3225246,DRVR,0,9,PSNGR CAR,1,REAR,PDO,NONE,STRGHT,SE,CLR,DRY,DAY,0,0,0
1709150,2016-10-12,15:00:00,WEDNESDAY,Portland N,1,SE,302.84,45.541356,-122.672333,MN,STRGHT,PACIFIC HY I-5,9443,SB EX FREMONT BR C1,6,3225247,DRVR,0,9,PSNGR CAR,0,REAR,PDO,NONE,STOP,SE,CLR,DRY,DAY,0,0,0
1709139,2016-10-12,17:00:00,WEDNESDAY,Portland N,1,SE,305.04,45.571358,-122.678178,CN,STRGHT,NB EF PTLD BLVD C2,322,PACIFIC HY I-5,1,3225225,DRVR,0,9,PSNGR CAR,1,REAR,PDO,NONE,STRGHT,NW,CLR,DRY,DAY,0,0,0
1709139,2016-10-12,17:00:00,WEDNESDAY,Portland N,1,SE,305.04,45.571358,-122.678178,CN,STRGHT,NB EF PTLD BLVD C2,322,PACIFIC HY I-5,1,3225226,DRVR,0,9,PSNGR CAR,0,REAR,PDO,NONE,STOP,NW,CLR,DRY,DAY,0,0,0
1706620,2016-10-13,15:00:00,THURSDAY,Portland N,1,N,308.03,45.613497,-122.678189,MN,BRIDGE,PACIFIC HY I-5,9458,SB EX JANTZN BCH C4,3,3220615,DRVR,0,9,PSNGR CAR,1,SS-O,PDO,NONE,STRGHT,S,RAIN,WET,DAY,0,0,0
1706620,2016-10-13,15:00:00,THURSDAY,Portland N,1,N,308.03,45.613497,-122.678189,MN,BRIDGE,PACIFIC HY I-5,9458,SB EX JANTZN BCH C4,3,3220616,DRVR,0,9,PSNGR CAR,0,SS-O,PDO,NONE,STRGHT,S,RAIN,WET,DAY,0,0,0
1706638,2016-10-13,16:00:00,THURSDAY,Portland N,2,S,307,45.59895,-122.684089,MN,STRGHT,PACIFIC HY I-5,609,N DENVER AVE,6,3220648,DRVR,0,9,PSNGR CAR,1,REAR,PDO,NONE,STRGHT,N,RAIN,WET,DAY,0,0,0
1706638,2016-10-13,16:00:00,THURSDAY,Portland N,2,S,307,45.59895,-122.684089,MN,STRGHT,PACIFIC HY I-5,609,N DENVER AVE,6,3220649,DRVR,0,9,PSNGR CAR,0,REAR,PDO,NONE,STOP,N,RAIN,WET,DAY,0,0,0
1710780,2016-10-13,18:00:00,THURSDAY,Portland NE,1,S,301.56,45.523811,-122.665525,MN,STRGHT,PACIFIC HY I-5,9436,SB EX BANFIELD FY,6,3228171,DRVR,0,9,UNKNOWN,1,REAR,PDO,NONE,STRGHT,S,RAIN,WET,DLIT,0,0,0
1710780,2016-10-13,18:00:00,THURSDAY,Portland NE,1,S,301.56,45.523811,-122.665525,MN,STRGHT,PACIFIC HY I-5,9436,SB EX BANFIELD FY,6,3228172,DRVR,0,9,PSNGR CAR,0,REAR,PDO,NONE,STRGHT,S,RAIN,WET,DLIT,0,0,0
1706648,2016-10-13,23:00:00,THURSDAY,Portland NE,1,W,301.62,45.52455,-122.664533,CN,BRIDGE,NB EXTO BANFIELD C1,9436,SB EX BANFIELD FY,2,3220668,DRVR,0,9,PSNGR CAR,1,REAR,PDO,NONE,STRGHT,E,RAIN,WET,DLIT,0,0,0
1706648,2016-10-13,23:00:00,THURSDAY,Portland NE,1,W,301.62,45.52455,-122.664533,CN,BRIDGE,NB EXTO BANFIELD C1,9436,SB EX BANFIELD FY,2,3220669,DRVR,0,9,PSNGR CAR,0,REAR,PDO,NONE,STRGHT,E,RAIN,WET,DLIT,0,0,0
1709854,2016-10-16,3:00:00,SUNDAY,Portland SE,2,S,300.64,45.510889,-122.666731,MN,BRIDGE,PACIFIC HY I-5,9452,SB EX MARQUAM BR,4,3226529,DRVR,0,9,PSNGR CAR,1,FIX,PDO,NONE,STRGHT,N,RAIN,WET,DLIT,1,0,0
1710060,2016-10-17,15:00:00,MONDAY,Portland SE,1,S,301.23,45.519494,-122.665922,CN,STRGHT,NB EF MORRISN BR C3,9451,NB ENFR MORRISON ST,1,3226894,DRVR,0,9,PSNGR CAR,1,REAR,PDO,NONE,STRGHT,N,CLR,DRY,DAY,0,0,0
1710060,2016-10-17,15:00:00,MONDAY,Portland SE,1,S,301.23,45.519494,-122.665922,CN,STRGHT,NB EF MORRISN BR C3,9451,NB ENFR MORRISON ST,1,3226895,DRVR,0,9,PSNGR CAR,0,REAR,PDO,NONE,STOP,N,CLR,DRY,DAY,0,0,0
1710609,2016-10-18,17:00:00,TUESDAY,Portland N,2,S,303.63,45.550786,-122.678539,MN,STRGHT,PACIFIC HY I-5,9428,NB EX MISSOURI C1,8,3227869,DRVR,0,9,PSNGR CAR,1,REAR,PDO,NONE,STRGHT,N,CLR,DRY,DAY,0,0,0
1710609,2016-10-18,17:00:00,TUESDAY,Portland N,2,S,303.63,45.550786,-122.678539,MN,STRGHT,PACIFIC HY I-5,9428,NB EX MISSOURI C1,8,3227870,DRVR,0,9,PSNGR CAR,0,REAR,PDO,NONE,STOP,N,CLR,DRY,DAY,0,0,0
1710654,2016-10-19,16:00:00,WEDNESDAY,Portland N,1,S,304.46,45.563219,-122.678697,MN,STRGHT,PACIFIC HY I-5,9424,SB EX MINNESOTA C2,6,3227953,DRVR,0,9,PSNGR CAR,1,REAR,PDO,NONE,STRGHT,S,CLR,WET,DAY,0,0,0
1710654,2016-10-19,16:00:00,WEDNESDAY,Portland N,1,S,304.46,45.563219,-122.678697,MN,STRGHT,PACIFIC HY I-5,9424,SB EX MINNESOTA C2,6,3227954,DRVR,0,9,PSNGR CAR,0,REAR,PDO,NONE,STOP,S,CLR,WET,DAY,0,0,0
1710732,2016-10-19,19:00:00,WEDNESDAY,Portland NE,1,N,301.94,45.529325,-122.665367,MN,STRGHT,PACIFIC HY I-5,9436,SB EX BANFIELD FY,6,3228085,DRVR,0,9,SEMI TOW,1,SS-O,PDO,NONE,STRGHT,S,RAIN,WET,DLIT,0,0,0
1710732,2016-10-19,19:00:00,WEDNESDAY,Portland NE,1,N,301.94,45.529325,-122.665367,MN,STRGHT,PACIFIC HY I-5,9436,SB EX BANFIELD FY,6,3228086,DRVR,0,9,UNKNOWN,0,SS-O,PDO,NONE,STRGHT,S,RAIN,WET,DLIT,0,0,0
1710716,2016-10-22,3:00:00,SATURDAY,Portland N,1,N,307.01,45.599331,-122.684247,MN,STRGHT,PACIFIC HY I-5,609,N DENVER AVE,6,3228058,DRVR,0,9,PSNGR CAR,1,FIX,PDO,NONE,STRGHT,S,CLR,WET,DARK,0,0,0
1710726,2016-10-22,14:00:00,SATURDAY,Portland N,1,N,308.24,45.616247,-122.676564,MN,BRIDGE,PACIFIC HY I-5,9456,NB EX JANTZN BCH C1,6,3228076,DRVR,0,9,PSNGR CAR,1,REAR,PDO,NONE,STRGHT,S,CLR,DRY,DAY,0,0,0
1710726,2016-10-22,14:00:00,SATURDAY,Portland N,1,N,308.24,45.616247,-122.676564,MN,BRIDGE,PACIFIC HY I-5,9456,NB EX JANTZN BCH C1,6,3228077,DRVR,0,9,PSNGR CAR,0,REAR,PDO,NONE,STOP,S,CLR,DRY,DAY,0,0,0
1710694,2016-10-22,15:00:00,SATURDAY,Portland N,2,S,307.46,45.605256,-122.68225,MN,STRGHT,PACIFIC HY I-5,9101,NB EXTO I-5 NBD,6,3228021,DRVR,0,9,PSNGR CAR,1,REAR,PDO,NONE,STRGHT,N,CLR,DRY,DAY,0,0,0
1710694,2016-10-22,15:00:00,SATURDAY,Portland N,2,S,307.46,45.605256,-122.68225,MN,STRGHT,PACIFIC HY I-5,9101,NB EXTO I-5 NBD,6,3228022,DRVR,0,9,PSNGR CAR,0,REAR,PDO,NONE,STOP,N,CLR,DRY,DAY,0,0,0
1711806,2016-10-24,16:00:00,MONDAY,Portland N,2,S,305.21,45.573622,-122.678558,MN,STRGHT,PACIFIC HY I-5,9418,NB EX LOMBARD EB C1,6,3229973,DRVR,0,9,PSNGR CAR,1,REAR,PDO,NONE,STRGHT,N,RAIN,WET,DAY,0,0,0
1711806,2016-10-24,16:00:00,MONDAY,Portland N,2,S,305.21,45.573622,-122.678558,MN,STRGHT,PACIFIC HY I-5,9418,NB EX LOMBARD EB C1,6,3229974,DRVR,0,9,PSNGR CAR,0,REAR,PDO,NONE,STOP,N,RAIN,WET,DAY,0,0,0
1711543,2016-10-26,4:00:00,WEDNESDAY,Portland SW,2,S,299.12,45.491831,-122.673956,MN,STRGHT,PACIFIC HY I-5,9480,NB EX MACADAM AV C1,6,3229512,DRVR,0,9,UNKNOWN,1,REAR,PDO,NONE,STRGHT,N,RAIN,WET,DLIT,0,0,0
1711543,2016-10-26,4:00:00,WEDNESDAY,Portland SW,2,S,299.12,45.491831,-122.673956,MN,STRGHT,PACIFIC HY I-5,9480,NB EX MACADAM AV C1,6,3229513,DRVR,0,9,PSNGR CAR,0,REAR,PDO,NONE,STRGHT,N,RAIN,WET,DLIT,0,0,0
1711524,2016-10-26,7:00:00,WEDNESDAY,Portland N,1,S,307.42,45.605267,-122.682503,MN,STRGHT,PACIFIC HY I-5,9902,SB EXTO MARINE DR,6,3229475,DRVR,0,9,PSNGR CAR,1,REAR,PDO,NONE,STRGHT,S,RAIN,WET,DAY,0,0,0
1711524,2016-10-26,7:00:00,WEDNESDAY,Portland N,1,S,307.42,45.605267,-122.682503,MN,STRGHT,PACIFIC HY I-5,9902,SB EXTO MARINE DR,6,3229476,DRVR,0,9,PSNGR CAR,0,REAR,PDO,NONE,STRGHT,S,RAIN,WET,DAY,0,0,0
1711453,2016-10-27,7:00:00,THURSDAY,Portland N,2,N,304.16,45.558497,-122.678456,MN,STRGHT,PACIFIC HY I-5,9427,NB EF GOING ST C2,6,3229351,DRVR,0,9,PSNGR CAR,1,FIX,PDO,NONE,STRGHT,N,RAIN,WET,DAWN,0,0,0
1711066,2016-10-27,14:00:00,THURSDAY,Portland N,2,S,306.67,45.594489,-122.683664,MN,STRGHT,PACIFIC HY I-5,9901,EXTO MLK/MARINE C1,6,3228667,DRVR,0,9,PSNGR CAR,1,REAR,PDO,NONE,STRGHT,N,CLR,DRY,DAY,0,0,0
1711066,2016-10-27,14:00:00,THURSDAY,Portland N,2,S,306.67,45.594489,-122.683664,MN,STRGHT,PACIFIC HY I-5,9901,EXTO MLK/MARINE C1,6,3228668,DRVR,0,9,PSNGR CAR,0,REAR,PDO,NONE,STOP,N,CLR,DRY,DAY,0,0,0
1711345,2016-10-29,1:00:00,SATURDAY,Portland SE,2,S,300.64,45.510889,-122.666731,MN,BRIDGE,PACIFIC HY I-5,9460,NB EXTO BANFIELD C1,6,3229150,DRVR,0,9,PSNGR CAR,1,SS-O,PDO,NONE,STRGHT,N,UNK,UNK,DLIT,0,0,0
1711345,2016-10-29,1:00:00,SATURDAY,Portland SE,2,S,300.64,45.510889,-122.666731,MN,BRIDGE,PACIFIC HY I-5,9460,NB EXTO BANFIELD C1,6,3229151,DRVR,0,9,PSNGR CAR,0,SS-O,PDO,NONE,STRGHT,N,UNK,UNK,DLIT,0,0,0
1711399,2016-10-29,11:00:00,SATURDAY,Portland Bridges,1,NE,300.31,45.507378,-122.670128,MN,BRIDGE,MARQUAM BRIDGE,9551,WB EF MARQUAM BR C1,3,3229254,DRVR,0,9,PSNGR CAR,1,REAR,PDO,NONE,STRGHT,NE,CLR,DRY,DAY,0,0,0
1711399,2016-10-29,11:00:00,SATURDAY,Portland Bridges,1,NE,300.31,45.507378,-122.670128,MN,BRIDGE,MARQUAM BRIDGE,9551,WB EF MARQUAM BR C1,3,3229255,DRVR,0,9,PSNGR CAR,0,REAR,PDO,NONE,STOP,NE,CLR,DRY,DAY,0,0,0
1711327,2016-10-29,11:00:00,SATURDAY,Portland N,1,N,303.49,45.549078,-122.678753,MN,STRGHT,PACIFIC HY I-5,9430,SB EX FREMONT BR,8,3229118,DRVR,0,9,PSNGR CAR,1,REAR,PDO,NONE,STRGHT,S,CLR,DRY,DAY,0,0,0
1711327,2016-10-29,11:00:00,SATURDAY,Portland N,1,N,303.49,45.549078,-122.678753,MN,STRGHT,PACIFIC HY I-5,9430,SB EX FREMONT BR,8,3229119,DRVR,0,9,PSNGR CAR,0,REAR,PDO,NONE,STOP,S,CLR,DRY,DAY,0,0,0
1711282,2016-10-30,19:00:00,SUNDAY,Portland N,1,NE,302.94,45.542206,-122.672586,CN,BRIDGE,NB EX FREMONT BR C1,322,PACIFIC HY I-5,2,3229038,DRVR,0,9,PSNGR CAR,1,SS-O,PDO,NONE,STRGHT,NE,CLR,WET,DLIT,0,0,0
1711282,2016-10-30,19:00:00,SUNDAY,Portland N,1,NE,302.94,45.542206,-122.672586,CN,BRIDGE,NB EX FREMONT BR C1,322,PACIFIC HY I-5,2,3229039,DRVR,0,9,PSNGR CAR,0,SS-O,PDO,NONE,STRGHT,NE,CLR,WET,DLIT,0,0,0
1711482,2016-10-31,5:00:00,MONDAY,Portland N,1,SW,305.44,45.577225,-122.6775,CN,INTER,N LOMBARD ST,9418,NB EX LOMBARD EB C1,1,3229403,DRVR,0,9,PSNGR CAR,1,SS-O,PDO,NONE,STRGHT,NE,RAIN,WET,DLIT,0,0,0
1711482,2016-10-31,5:00:00,MONDAY,Portland N,1,SW,305.44,45.577225,-122.6775,CN,INTER,N LOMBARD ST,9418,NB EX LOMBARD EB C1,1,3229404,DRVR,0,9,PSNGR CAR,0,SS-O,PDO,NONE,STOP,NE,RAIN,WET,DLIT,0,0,0
1712132,2016-11-02,7:00:00,WEDNESDAY,Portland Bridges,1,E,300.4,45.508219,-122.668672,MN,BRIDGE,MARQUAM BRIDGE,9453,NB EXTO PAC HY I-5,8,3230535,DRVR,0,9,PSNGR CAR,1,SS-O,PDO,NONE,STRGHT,E,CLR,DRY,DAY,1,0,0
1712132,2016-11-02,7:00:00,WEDNESDAY,Portland Bridges,1,E,300.4,45.508219,-122.668672,MN,BRIDGE,MARQUAM BRIDGE,9453,NB EXTO PAC HY I-5,8,3230536,DRVR,0,9,PSNGR CAR,0,SS-O,PDO,NONE,STOP,E,CLR,DRY,DAY,1,0,0
1712155,2016-11-02,23:00:00,WEDNESDAY,Portland N,2,S,307.75,45.6095,-122.680136,MN,STRGHT,PACIFIC HY I-5,9456,NB EX JANTZN BCH C1,6,3230572,DRVR,0,9,PSNGR CAR,1,REAR,PDO,NONE,STRGHT,N,RAIN,WET,DLIT,1,0,0
1712155,2016-11-02,23:00:00,WEDNESDAY,Portland N,2,S,307.75,45.6095,-122.680136,MN,STRGHT,PACIFIC HY I-5,9456,NB EX JANTZN BCH C1,6,3230573,DRVR,0,9,PSNGR CAR,0,REAR,PDO,NONE,STRGHT,N,RAIN,WET,DLIT,1,0,0
1712414,2016-11-04,2:00:00,FRIDAY,Portland NE,1,SW,301.73,45.525222,-122.662197,CN,STRGHT,NB EXTO BANFIELD C1,305,BANFIELD FY,2,3231019,DRVR,0,9,PSNGR CAR,1,SS-O,PDO,NONE,STRGHT,NE,CLR,DRY,DLIT,0,0,0
1712414,2016-11-04,2:00:00,FRIDAY,Portland NE,1,SW,301.73,45.525222,-122.662197,CN,STRGHT,NB EXTO BANFIELD C1,305,BANFIELD FY,2,3231020,DRVR,0,9,PSNGR CAR,0,SS-O,PDO,NONE,STRGHT,NE,CLR,DRY,DLIT,0,0,0
1712375,2016-11-04,11:00:00,FRIDAY,Portland NE,1,N,301.73,45.525956,-122.665436,MN,STRGHT,PACIFIC HY I-5,9448,SB EX MORRISN BR C7,6,3230958,DRVR,0,9,PSNGR CAR,1,REAR,PDO,NONE,STRGHT,S,UNK,UNK,DAY,0,0,0
1712375,2016-11-04,11:00:00,FRIDAY,Portland NE,1,N,301.73,45.525956,-122.665436,MN,STRGHT,PACIFIC HY I-5,9448,SB EX MORRISN BR C7,6,3230959,DRVR,0,9,PSNGR CAR,0,REAR,PDO,NONE,STOP,S,UNK,UNK,DAY,0,0,0
1712365,2016-11-05,9:00:00,SATURDAY,Portland N,1,E,305.31,45.569911,-122.679603,CN,INTER,N ROSA PARKS WY,9420,SB EX PTLD BLVD C3,,3230942,DRVR,0,9,PSNGR CAR,1,FIX,PDO,NONE,TURN-L,E,RAIN,WET,DAY,0,0,0
1713214,2016-11-06,0:00:00,SUNDAY,Portland NE,1,S,301.85,45.527781,-122.66535,MN,STRGHT,PACIFIC HY I-5,9436,SB EX BANFIELD FY,4,3232429,DRVR,0,9,PSNGR CAR,1,REAR,PDO,NONE,STRGHT,S,CLR,DRY,DAY,0,0,0
1713214,2016-11-06,0:00:00,SUNDAY,Portland NE,1,S,301.85,45.527781,-122.66535,MN,STRGHT,PACIFIC HY I-5,9436,SB EX BANFIELD FY,4,3232430,DRVR,0,9,PSNGR CAR,0,REAR,PDO,NONE,STOP,S,CLR,DRY,DAY,0,0,0
1713128,2016-11-06,17:00:00,SUNDAY,Portland NE,1,N,301.92,45.528903,-122.665375,MN,STRGHT,PACIFIC HY I-5,9436,SB EX BANFIELD FY,6,3232283,DRVR,0,9,PSNGR CAR,1,SS-O,PDO,NONE,STRGHT,S,CLR,DRY,DLIT,0,0,0
1713128,2016-11-06,17:00:00,SUNDAY,Portland NE,1,N,301.92,45.528903,-122.665375,MN,STRGHT,PACIFIC HY I-5,9436,SB EX BANFIELD FY,6,3232284,DRVR,0,9,PSNGR CAR,0,SS-O,PDO,NONE,STRGHT,S,CLR,DRY,DLIT,0,0,0
1711761,2016-11-08,0:00:00,TUESDAY,Portland N,1,N,304.08,45.557564,-122.678697,MN,STRGHT,PACIFIC HY I-5,9425,SB EF MINNESOTA C3,6,3229889,DRVR,0,9,PSNGR CAR,1,SS-O,PDO,NONE,STRGHT,S,CLR,DRY,DAY,0,0,0
1711761,2016-11-08,0:00:00,TUESDAY,Portland N,1,N,304.08,45.557564,-122.678697,MN,STRGHT,PACIFIC HY I-5,9425,SB EF MINNESOTA C3,6,3229890,DRVR,0,9,SEMI TOW,0,SS-O,PDO,NONE,STRGHT,S,CLR,DRY,DAY,0,0,0
1711784,2016-11-08,19:00:00,TUESDAY,Portland N,2,N,306.5,45.592317,-122.6827,MN,STRGHT,PACIFIC HY I-5,9412,NB EX VICTORY BV C1,6,3229934,DRVR,0,9,PSNGR CAR,1,SS-O,PDO,NONE,STRGHT,N,UNK,UNK,DLIT,0,0,0
1711784,2016-11-08,19:00:00,TUESDAY,Portland N,2,N,306.5,45.592317,-122.6827,MN,STRGHT,PACIFIC HY I-5,9412,NB EX VICTORY BV C1,6,3229935,DRVR,0,9,TRUCK,0,SS-O,PDO,NONE,STRGHT,N,UNK,UNK,DLIT,0,0,0
1712214,2016-11-09,6:00:00,WEDNESDAY,Portland N,1,N,308.26,45.616508,-122.676411,MN,BRIDGE,PACIFIC HY I-5,9458,SB EX JANTZN BCH C4,3,3230674,DRVR,0,9,PSNGR CAR,1,SS-O,PDO,NONE,STRGHT,S,RAIN,WET,DARK,0,0,0
1712214,2016-11-09,6:00:00,WEDNESDAY,Portland N,1,N,308.26,45.616508,-122.676411,MN,BRIDGE,PACIFIC HY I-5,9458,SB EX JANTZN BCH C4,3,3230675,DRVR,0,9,PSNGR CAR,0,SS-O,PDO,NONE,STRGHT,S,RAIN,WET,DARK,0,0,0
1712225,2016-11-09,17:00:00,WEDNESDAY,Portland Bridges,1,NE,300.4,45.508219,-122.668672,MN,BRIDGE,MARQUAM BRIDGE,9551,WB EF MARQUAM BR C1,3,3230697,DRVR,0,9,PSNGR CAR,1,REAR,PDO,NONE,STRGHT,NE,CLR,DRY,DUSK,0,0,0
1712225,2016-11-09,17:00:00,WEDNESDAY,Portland Bridges,1,NE,300.4,45.508219,-122.668672,MN,BRIDGE,MARQUAM BRIDGE,9551,WB EF MARQUAM BR C1,3,3230698,DRVR,0,9,PSNGR CAR,0,REAR,PDO,NONE,STOP,NE,CLR,DRY,DUSK,0,0,0
1711873,2016-11-09,18:00:00,WEDNESDAY,Portland SE,1,N,301.16,45.518539,-122.665989,CN,BRIDGE,NB EF MORRISN BR C3,9503,EB EF MORRISN BR C5,1,3230087,DRVR,0,9,SEMI TOW,1,REAR,PDO,NONE,STRGHT,N,CLD,DRY,DUSK,0,0,0
1711873,2016-11-09,18:00:00,WEDNESDAY,Portland SE,1,N,301.16,45.518539,-122.665989,CN,BRIDGE,NB EF MORRISN BR C3,9503,EB EF MORRISN BR C5,1,3230088,,,,MTRCYCLE,0,REAR,PDO,,PRKD-P,N,CLD,DRY,DUSK,0,0,0
1703116,2016-11-10,16:00:00,THURSDAY,Portland N,1,N,305.93,45.584206,-122.679389,MN,STRGHT,PACIFIC HY I-5,9413,SB EF COL BLVD C2,6,3214192,DRVR,0,9,PSNGR CAR,1,REAR,PDO,NONE,STRGHT,S,CLR,DRY,DAY,0,0,0
1703116,2016-11-10,16:00:00,THURSDAY,Portland N,1,N,305.93,45.584206,-122.679389,MN,STRGHT,PACIFIC HY I-5,9413,SB EF COL BLVD C2,6,3214193,DRVR,0,9,PSNGR CAR,0,REAR,PDO,NONE,STOP,S,CLR,DRY,DAY,0,0,0
1698887,2016-11-11,7:00:00,FRIDAY,Portland N,2,SE,302.7,45.539003,-122.670039,MN,STRGHT,PACIFIC HY I-5,9442,NB EX FREMONT BR C1,7,3206485,DRVR,0,9,SEMI TOW,1,REAR,PDO,NONE,STRGHT,N,FOG,DRY,DAY,0,0,0
1698887,2016-11-11,7:00:00,FRIDAY,Portland N,2,SE,302.7,45.539003,-122.670039,MN,STRGHT,PACIFIC HY I-5,9442,NB EX FREMONT BR C1,7,3206486,DRVR,0,9,PSNGR CAR,0,REAR,PDO,NONE,STRGHT,N,FOG,DRY,DAY,0,0,0