crashid,date,hour,day,city_section,highwayid,compass,milepost,lat,lon,road_type,road_char,street_name,isect_num,isect_name,lane_quantity,vehicle_id,partic_type,age,gender,vehicle_type,striking_vehicle,collision_type,crash_severity,injury_severity,vehicle_movement,vehicle_direction,weather,road_cond,light_cond,speeding,alcohol,drug
1712594,2016-11-11,17:00:00,FRIDAY,Portland Bridges,1,NE,300.35,45.507753,-122.669481,MN,BRIDGE,MARQUAM BRIDGE,9551,WB EF MARQUAM BR C1,3,3231335,DRVR,0,9,PSNGR CAR,1,SS-O,PDO,NONE,STRGHT,NE,CLR,DRY,DLIT,0,0,0
1712594,2016-11-11,17:00:00,FRIDAY,Portland Bridges,1,NE,300.35,45.507753,-122.669481,MN,BRIDGE,MARQUAM BRIDGE,9551,WB EF MARQUAM BR C1,3,3231336,DRVR,0,9,PSNGR CAR,0,SS-O,PDO,NONE,STRGHT,NE,CLR,DRY,DLIT,0,0,0
1713287,2016-11-14,11:00:00,MONDAY,Portland N,1,NE,303.83,45.553875,-122.678344,CN,CURVE,PACIFIC HY I-5,9428,NB EX MISSOURI C1,2,3232561,DRVR,0,9,PSNGR CAR,1,REAR,PDO,NONE,STRGHT,NE,CLR,DRY,DAY,0,0,0
1713287,2016-11-14,11:00:00,MONDAY,Portland N,1,NE,303.83,45.553875,-122.678344,CN,CURVE,PACIFIC HY I-5,9428,NB EX MISSOURI C1,2,3232562,DRVR,0,9,PSNGR CAR,0,REAR,PDO,NONE,STOP,NE,CLR,DRY,DAY,0,0,0
1712953,2016-11-15,17:00:00,TUESDAY,Portland N,1,SE,302.37,45.535656,-122.667444,MN,STRGHT,PACIFIC HY I-5,9432,SB EX VANCOUVER C3,6,3231970,DRVR,0,9,UNKNOWN,1,REAR,PDO,NONE,STRGHT,SE,CLR,DRY,DUSK,0,0,0
1712953,2016-11-15,17:00:00,TUESDAY,Portland N,1,SE,302.37,45.535656,-122.667444,MN,STRGHT,PACIFIC HY I-5,9432,SB EX VANCOUVER C3,6,3231971,DRVR,0,9,PSNGR CAR,0,REAR,PDO,NONE,STOP,SE,CLR,DRY,DUSK,0,0,0
1713811,2016-11-16,16:00:00,WEDNESDAY,Portland SW,1,S,299.53,45.497369,-122.673486,MN,STRGHT,PACIFIC HY I-5,9493,SB EF MARQUAM BR,8,3233512,DRVR,0,9,SEMI TOW,1,SS-O,PDO,NONE,STRGHT,S,UNK,UNK,DAY,0,0,0
1713811,2016-11-16,16:00:00,WEDNESDAY,Portland SW,1,S,299.53,45.497369,-122.673486,MN,STRGHT,PACIFIC HY I-5,9493,SB EF MARQUAM BR,8,3233513,DRVR,0,9,PSNGR CAR,0,SS-O,PDO,NONE,STRGHT,S,UNK,UNK,DAY,0,0,0
1713660,2016-11-17,7:00:00,THURSDAY,Portland NE,1,S,302.28,45.534369,-122.665719,CN,INTER,NE WEIDLER ST,9434,NB EX WEIDLER C1,,3233233,DRVR,0,9,PSNGR CAR,1,REAR,PDO,NONE,TURN-R,E,RAIN,WET,DAWN,0,0,0
1713660,2016-11-17,7:00:00,THURSDAY,Portland NE,1,S,302.28,45.534369,-122.665719,CN,INTER,NE WEIDLER ST,9434,NB EX WEIDLER C1,,3233234,DRVR,0,9,PSNGR CAR,0,REAR,PDO,NONE,TURN-R,E,RAIN,WET,DAWN,0,0,0
1713751,2016-11-17,13:00:00,THURSDAY,Portland NE,2,NW,302.33,45.534686,-122.666461,MN,STRGHT,PACIFIC HY I-5,9434,NB EX WEIDLER C1,6,3233404,DRVR,0,9,PSNGR CAR,1,REAR,PDO,NONE,STRGHT,N,CLR,DRY,DAY,0,0,0
1713751,2016-11-17,13:00:00,THURSDAY,Portland NE,2,NW,302.33,45.534686,-122.666461,MN,STRGHT,PACIFIC HY I-5,9434,NB EX WEIDLER C1,6,3233405,DRVR,0,9,PSNGR CAR,0,REAR,PDO,NONE,STRGHT,N,CLR,DRY,DAY,0,0,0
1714064,2016-11-19,14:00:00,SATURDAY,Portland SW,1,S,299.55,45.497647,-122.673478,MN,STRGHT,PACIFIC HY I-5,9493,SB EF MARQUAM BR,8,3233957,DRVR,0,9,PSNGR CAR,1,SS-O,PDO,NONE,STRGHT,S,RAIN,WET,DAY,0,0,0
1714064,2016-11-19,14:00:00,SATURDAY,Portland SW,1,S,299.55,45.497647,-122.673478,MN,STRGHT,PACIFIC HY I-5,9493,SB EF MARQUAM BR,8,3233958,DRVR,0,9,PSNGR CAR,0,SS-O,PDO,NONE,STRGHT,S,RAIN,WET,DAY,0,0,0
1714115,2016-11-19,16:00:00,SATURDAY,Portland N,1,N,304.18,45.559053,-122.678675,MN,STRGHT,PACIFIC HY I-5,9425,SB EF MINNESOTA C3,6,3234048,DRVR,0,9,PSNGR CAR,1,REAR,PDO,NONE,STRGHT,S,RAIN,WET,DUSK,0,0,0
1714115,2016-11-19,16:00:00,SATURDAY,Portland N,1,N,304.18,45.559053,-122.678675,MN,STRGHT,PACIFIC HY I-5,9425,SB EF MINNESOTA C3,6,3234049,DRVR,0,9,UNKNOWN,0,REAR,PDO,NONE,STRGHT,S,RAIN,WET,DUSK,0,0,0
1714118,2016-11-19,17:00:00,SATURDAY,Portland NE,1,S,301.54,45.523572,-122.665536,MN,STRGHT,PACIFIC HY I-5,9448,SB EX MORRISN BR C7,6,3234054,DRVR,0,9,PSNGR CAR,1,REAR,PDO,NONE,STRGHT,S,RAIN,WET,DLIT,0,0,0
1714118,2016-11-19,17:00:00,SATURDAY,Portland NE,1,S,301.54,45.523572,-122.665536,MN,STRGHT,PACIFIC HY I-5,9448,SB EX MORRISN BR C7,6,3234055,DRVR,0,9,PSNGR CAR,0,REAR,PDO,NONE,STRGHT,S,RAIN,WET,DLIT,0,0,0
1713943,2016-11-19,23:00:00,SATURDAY,Portland N,1,S,308.53,45.611331,-122.678675,CN,CURVE,NB EF JANTZN BCH C2,322,PACIFIC HY I-5,2,3233746,DRVR,0,9,PSNGR CAR,1,FIX,PDO,NONE,STRGHT,N,RAIN,WET,DLIT,1,0,0
1714346,2016-11-20,0:00:00,SUNDAY,Portland N,2,SE,302.9,45.541508,-122.672286,MN,STRGHT,PACIFIC HY I-5,9454,NB EX GREELEY AV C1,6,3234452,DRVR,0,9,PSNGR CAR,1,REAR,PDO,NONE,STRGHT,NW,RAIN,WET,DAY,0,0,0
1714346,2016-11-20,0:00:00,SUNDAY,Portland N,2,SE,302.9,45.541508,-122.672286,MN,STRGHT,PACIFIC HY I-5,9454,NB EX GREELEY AV C1,6,3234453,DRVR,0,9,PSNGR CAR,0,REAR,PDO,NONE,STRGHT,NW,RAIN,WET,DAY,0,0,0
1714959,2016-11-22,0:00:00,TUESDAY,Portland N,2,N,308.25,45.616317,-122.676164,MN,BRIDGE,PACIFIC HY I-5,9457,NB EF JANTZN BCH C2,6,3235510,DRVR,0,9,PSNGR CAR,1,REAR,PDO,NONE,STRGHT,N,RAIN,WET,DAY,0,0,0
1714959,2016-11-22,0:00:00,TUESDAY,Portland N,2,N,308.25,45.616317,-122.676164,MN,BRIDGE,PACIFIC HY I-5,9457,NB EF JANTZN BCH C2,6,3235511,DRVR,0,9,PSNGR CAR,0,REAR,PDO,NONE,STOP,N,RAIN,WET,DAY,0,0,0
1710494,2016-11-23,11:00:00,WEDNESDAY,Portland N,1,SE,302.62,45.538731,-122.670036,MN,STRGHT,PACIFIC HY I-5,9432,SB EX VANCOUVER C3,6,3227660,DRVR,0,9,PSNGR CAR,1,REAR,PDO,NONE,STRGHT,SE,UNK,UNK,DAY,0,0,0
1710494,2016-11-23,11:00:00,WEDNESDAY,Portland N,1,SE,302.62,45.538731,-122.670036,MN,STRGHT,PACIFIC HY I-5,9432,SB EX VANCOUVER C3,6,3227661,DRVR,0,9,PSNGR CAR,0,REAR,PDO,NONE,STOP,SE,UNK,UNK,DAY,0,0,0
1715140,2016-11-24,13:00:00,THURSDAY,Portland SW,1,UN,299.52,45.497231,-122.673489,MN,STRGHT,PACIFIC HY I-5,9493,SB EF MARQUAM BR,6,3235810,DRVR,0,9,PSNGR CAR,1,REAR,PDO,NONE,STRGHT,S,RAIN,WET,DAY,0,0,0
1715140,2016-11-24,13:00:00,THURSDAY,Portland SW,1,UN,299.52,45.497231,-122.673489,MN,STRGHT,PACIFIC HY I-5,9493,SB EF MARQUAM BR,6,3235811,DRVR,0,9,PSNGR CAR,0,REAR,PDO,NONE,STOP,S,RAIN,WET,DAY,0,0,0
1715135,2016-11-24,20:00:00,THURSDAY,Portland N,2,S,306.66,45.594361,-122.683608,MN,STRGHT,PACIFIC HY I-5,9901,EXTO MLK/MARINE C1,6,3235800,DRVR,0,9,UNKNOWN,1,REAR,PDO,NONE,STRGHT,N,RAIN,WET,DLIT,0,0,0
1715135,2016-11-24,20:00:00,THURSDAY,Portland N,2,S,306.66,45.594361,-122.683608,MN,STRGHT,PACIFIC HY I-5,9901,EXTO MLK/MARINE C1,6,3235801,DRVR,0,9,PSNGR CAR,0,REAR,PDO,NONE,STRGHT,N,RAIN,WET,DLIT,0,0,0
1713396,2016-11-25,19:00:00,FRIDAY,Portland SE,1,S,300.5,45.509206,-122.667119,MN,BRIDGE,PACIFIC HY I-5,9460,NB EXTO BANFIELD C1,3,3232767,DRVR,0,9,PSNGR CAR,1,REAR,PDO,NONE,STRGHT,N,CLR,WET,DLIT,0,0,0
1713396,2016-11-25,19:00:00,FRIDAY,Portland SE,1,S,300.5,45.509206,-122.667119,MN,BRIDGE,PACIFIC HY I-5,9460,NB EXTO BANFIELD C1,3,3232768,DRVR,0,9,PSNGR CAR,0,REAR,PDO,NONE,STOP,N,CLR,WET,DLIT,0,0,0
1713290,2016-11-26,17:00:00,SATURDAY,Portland N,1,SE,302.45,45.536644,-122.668264,MN,STRGHT,PACIFIC HY I-5,9432,SB EX VANCOUVER C3,6,3232567,DRVR,0,9,PSNGR CAR,1,REAR,PDO,NONE,STRGHT,SE,RAIN,WET,DLIT,0,0,0
1713290,2016-11-26,17:00:00,SATURDAY,Portland N,1,SE,302.45,45.536644,-122.668264,MN,STRGHT,PACIFIC HY I-5,9432,SB EX VANCOUVER C3,6,3232568,DRVR,0,9,PSNGR CAR,0,REAR,PDO,NONE,STOP,SE,RAIN,WET,DLIT,0,0,0
1713530,2016-11-26,17:00:00,SATURDAY,Portland Bridges,2,W,300.45,45.508639,-122.667947,MN,BRIDGE,MARQUAM BRIDGE,9453,NB EXTO PAC HY I-5,3,3233001,DRVR,0,9,PSNGR CAR,1,REAR,PDO,NONE,STRGHT,W,RAIN,WET,DLIT,0,0,0
1713530,2016-11-26,17:00:00,SATURDAY,Portland Bridges,2,W,300.45,45.508639,-122.667947,MN,BRIDGE,MARQUAM BRIDGE,9453,NB EXTO PAC HY I-5,3,3233002,DRVR,0,9,PSNGR CAR,0,REAR,PDO,NONE,STRGHT,W,RAIN,WET,DLIT,0,0,0
1713517,2016-11-26,18:00:00,SATURDAY,Portland N,1,S,304.45,45.563069,-122.678692,MN,STRGHT,PACIFIC HY I-5,9424,SB EX MINNESOTA C2,6,3232976,DRVR,0,9,PSNGR CAR,1,REAR,PDO,NONE,STRGHT,S,RAIN,WET,DUSK,0,0,0
1713517,2016-11-26,18:00:00,SATURDAY,Portland N,1,S,304.45,45.563069,-122.678692,MN,STRGHT,PACIFIC HY I-5,9424,SB EX MINNESOTA C2,6,3232977,DRVR,0,9,PSNGR CAR,0,REAR,PDO,NONE,STOP,S,RAIN,WET,DUSK,0,0,0
1713806,2016-11-29,18:00:00,TUESDAY,Portland N,1,N,303.5,45.549219,-122.678753,MN,STRGHT,PACIFIC HY I-5,9430,SB EX FREMONT BR,8,3233503,DRVR,0,9,PSNGR CAR,1,REAR,PDO,NONE,STRGHT,S,UNK,UNK,DUSK,0,0,0
1713806,2016-11-29,18:00:00,TUESDAY,Portland N,1,N,303.5,45.549219,-122.678753,MN,STRGHT,PACIFIC HY I-5,9430,SB EX FREMONT BR,8,3233504,DRVR,0,9,PSNGR CAR,0,REAR,PDO,NONE,STOP,S,UNK,UNK,DUSK,0,0,0
1714463,2016-12-02,13:00:00,FRIDAY,Portland SE,1,S,300.5,45.509206,-122.667119,MN,BRIDGE,PACIFIC HY I-5,9460,NB EXTO BANFIELD C1,3,3234667,DRVR,0,9,PSNGR CAR,1,REAR,PDO,NONE,STRGHT,N,CLR,DRY,DAY,0,0,0
1714463,2016-12-02,13:00:00,FRIDAY,Portland SE,1,S,300.5,45.509206,-122.667119,MN,BRIDGE,PACIFIC HY I-5,9460,NB EXTO BANFIELD C1,3,3234668,DRVR,0,9,PSNGR CAR,0,REAR,PDO,NONE,STRGHT,N,CLR,DRY,DAY,0,0,0
1714576,2016-12-03,17:00:00,SATURDAY,Portland SE,2,S,300.64,45.510889,-122.666731,MN,BRIDGE,PACIFIC HY I-5,9460,NB EXTO BANFIELD C1,3,3234860,DRVR,0,9,PSNGR CAR,1,REAR,PDO,NONE,STRGHT,N,RAIN,WET,DLIT,0,0,0
1714576,2016-12-03,17:00:00,SATURDAY,Portland SE,2,S,300.64,45.510889,-122.666731,MN,BRIDGE,PACIFIC HY I-5,9460,NB EXTO BANFIELD C1,3,3234861,DRVR,0,9,UNKNOWN,0,REAR,PDO,NONE,STOP,N,RAIN,WET,DLIT,0,0,0
1714579,2016-12-03,17:00:00,SATURDAY,Portland NE,2,S,301.74,45.52675,-122.66525,MN,BRIDGE,PACIFIC HY I-5,9437,NB EF BANFIELD FY,6,3234865,DRVR,0,9,PSNGR CAR,1,REAR,PDO,NONE,STRGHT,N,RAIN,WET,DUSK,0,0,0
1714579,2016-12-03,17:00:00,SATURDAY,Portland NE,2,S,301.74,45.52675,-122.66525,MN,BRIDGE,PACIFIC HY I-5,9437,NB EF BANFIELD FY,6,3234866,DRVR,0,9,PSNGR CAR,0,REAR,PDO,NONE,STOP,N,RAIN,WET,DUSK,0,0,0
1714569,2016-12-03,19:00:00,SATURDAY,Portland N,1,SE,302.37,45.535656,-122.667444,MN,STRGHT,PACIFIC HY I-5,9432,SB EX VANCOUVER C3,6,3234846,DRVR,0,9,PSNGR CAR,1,REAR,PDO,NONE,STRGHT,SE,RAIN,WET,DLIT,0,0,0
1714569,2016-12-03,19:00:00,SATURDAY,Portland N,1,SE,302.37,45.535656,-122.667444,MN,STRGHT,PACIFIC HY I-5,9432,SB EX VANCOUVER C3,6,3234847,DRVR,0,9,PSNGR CAR,0,REAR,PDO,NONE,STOP,SE,RAIN,WET,DLIT,0,0,0
1714813,2016-12-05,15:00:00,MONDAY,Portland NE,1,W,301.67,45.525014,-122.663575,CN,BRIDGE,NB EXTO BANFIELD C1,9436,SB EX BANFIELD FY,2,3235270,DRVR,0,9,PSNGR CAR,1,REAR,PDO,NONE,STRGHT,E,CLR,WET,DAY,0,0,0
1714813,2016-12-05,15:00:00,MONDAY,Portland NE,1,W,301.67,45.525014,-122.663575,CN,BRIDGE,NB EXTO BANFIELD C1,9436,SB EX BANFIELD FY,2,3235271,DRVR,0,9,PSNGR CAR,0,REAR,PDO,NONE,STOP,E,CLR,WET,DAY,0,0,0
1698699,2016-12-07,16:00:00,WEDNESDAY,Portland SE,1,NE,300.71,45.511839,-122.667153,CN,BRIDGE,NB EXTO BANFIELD C1,302,PACIFIC HY I-5,2,3206128,DRVR,0,9,PSNGR CAR,1,REAR,PDO,NONE,STRGHT,SW,CLR,DRY,DAY,0,0,0
1698699,2016-12-07,16:00:00,WEDNESDAY,Portland SE,1,NE,300.71,45.511839,-122.667153,CN,BRIDGE,NB EXTO BANFIELD C1,302,PACIFIC HY I-5,2,3206129,DRVR,0,9,PSNGR CAR,0,REAR,PDO,NONE,STOP,SW,CLR,DRY,DAY,0,0,0
1698873,2016-12-08,13:00:00,THURSDAY,Portland N,1,N,308.36,45.617819,-122.675644,MN,BRIDGE,PACIFIC HY I-5,9458,SB EX JANTZN BCH C4,3,3206460,DRVR,0,9,SEMI TOW,1,REAR,PDO,NONE,STRGHT,S,SNOW,ICE,DAY,1,0,0
1698873,2016-12-08,13:00:00,THURSDAY,Portland N,1,N,308.36,45.617819,-122.675644,MN,BRIDGE,PACIFIC HY I-5,9458,SB EX JANTZN BCH C4,3,3206461,DRVR,0,9,UNKNOWN,0,REAR,PDO,NONE,STOP,S,SNOW,ICE,DAY,1,0,0
1713981,2016-12-10,0:00:00,SATURDAY,Portland N,1,E,307.69,45.604175,-122.685197,CN,CURVE,EB EXTO MARINE DR,9902,SB EXTO MARINE DR,1,3233808,DRVR,0,9,PSNGR CAR,1,FIX,PDO,NONE,STRGHT,W,CLR,ICE,DAY,1,0,0
1716389,2016-12-11,13:00:00,SUNDAY,Portland N,2,CN,307.97,45.612675,-122.678317,MN,INTER,PACIFIC HY I-5,9457,NB EF JANTZN BCH C2,,3237897,DRVR,0,9,PSNGR CAR,1,TURN,PDO,NONE,STRGHT,N,CLR,WET,DAY,0,0,0
1716389,2016-12-11,13:00:00,SUNDAY,Portland N,2,CN,307.97,45.612675,-122.678317,MN,INTER,PACIFIC HY I-5,9457,NB EF JANTZN BCH C2,,3237898,DRVR,0,9,PSNGR CAR,0,TURN,PDO,NONE,TURN-R,N,CLR,WET,DAY,0,0,0
1716292,2016-12-13,16:00:00,TUESDAY,Portland SW,2,CN,299.9,45.502731,-122.673258,MN,INTER,NB EF MACADAM AV C4,9492,NB EX MARQUAM BR,,3237735,DRVR,0,9,PSNGR CAR,1,TURN,PDO,NONE,TURN-R,N,CLR,DRY,DUSK,0,0,0
1716292,2016-12-13,16:00:00,TUESDAY,Portland SW,2,CN,299.9,45.502731,-122.673258,MN,INTER,NB EF MACADAM AV C4,9492,NB EX MARQUAM BR,,3237736,DRVR,0,9,SEMI TOW,0,TURN,PDO,NONE,STRGHT,N,CLR,DRY,DUSK,0,0,0
1716277,2016-12-13,18:00:00,TUESDAY,Portland Bridges,1,NE,300.45,45.508686,-122.667861,MN,BRIDGE,MARQUAM BRIDGE,9452,SB EX MARQUAM BR,3,3237708,DRVR,0,9,PSNGR CAR,1,REAR,PDO,NONE,STRGHT,NE,CLR,DRY,DLIT,1,0,0
1716277,2016-12-13,18:00:00,TUESDAY,Portland Bridges,1,NE,300.45,45.508686,-122.667861,MN,BRIDGE,MARQUAM BRIDGE,9452,SB EX MARQUAM BR,3,3237709,DRVR,0,9,PSNGR CAR,0,REAR,PDO,NONE,STOP,NE,CLR,DRY,DLIT,1,0,0
1715667,2016-12-13,19:00:00,TUESDAY,Portland N,2,N,306.56,45.593083,-122.683039,MN,STRGHT,PACIFIC HY I-5,9412,NB EX VICTORY BV C1,6,3236699,DRVR,0,9,PSNGR CAR,1,REAR,PDO,NONE,STRGHT,N,CLR,DRY,DLIT,0,0,0
1715667,2016-12-13,19:00:00,TUESDAY,Portland N,2,N,306.56,45.593083,-122.683039,MN,STRGHT,PACIFIC HY I-5,9412,NB EX VICTORY BV C1,6,3236700,DRVR,0,9,PSNGR CAR,0,REAR,PDO,NONE,STOP,N,CLR,DRY,DLIT,0,0,0
1715280,2016-12-14,0:00:00,WEDNESDAY,Portland N,1,NW,302.9,45.541661,-122.672147,CN,STRGHT,NB EX FREMONT BR C1,322,PACIFIC HY I-5,2,3236064,DRVR,0,9,PSNGR CAR,1,REAR,PDO,NONE,STRGHT,NE,SNOW,ICE,DAY,0,0,0
1715280,2016-12-14,0:00:00,WEDNESDAY,Portland N,1,NW,302.9,45.541661,-122.672147,CN,STRGHT,NB EX FREMONT BR C1,322,PACIFIC HY I-5,2,3236065,DRVR,0,9,PSNGR CAR,0,REAR,PDO,NONE,STRGHT,NE,SNOW,ICE,DAY,0,0,0
1716531,2016-12-14,17:00:00,WEDNESDAY,Portland N,1,CN,306.48,45.584069,-122.675378,CN,INTER,N COLUMBIA BLVD,9414,NB EX COL BLVD C1,,3238145,DRVR,0,9,PSNGR CAR,1,TURN,PDO,NONE,STRGHT,W,SNOW,ICE,DLIT,0,0,0
1716531,2016-12-14,17:00:00,WEDNESDAY,Portland N,1,CN,306.48,45.584069,-122.675378,CN,INTER,N COLUMBIA BLVD,9414,NB EX COL BLVD C1,,3238146,DRVR,0,9,SEMI TOW,0,TURN,PDO,NONE,TURN-L,E,SNOW,ICE,DLIT,0,0,0
1714176,2016-12-14,20:00:00,WEDNESDAY,Portland SW,1,CN,300.06,45.4975,-122.673825,CN,INTER,SW HOOD AVE,9496,SB EX HOOD AVE C2,,3234160,DRVR,0,9,PSNGR CAR,1,TURN,PDO,NONE,TURN-R,S,SNOW,ICE,DARK,0,0,0
1714176,2016-12-14,20:00:00,WEDNESDAY,Portland SW,1,CN,300.06,45.4975,-122.673825,CN,INTER,SW HOOD AVE,9496,SB EX HOOD AVE C2,,3234161,DRVR,0,9,PSNGR CAR,0,TURN,PDO,NONE,STRGHT,S,SNOW,ICE,DARK,0,0,0
1716583,2016-12-16,13:00:00,FRIDAY,Portland N,2,N,306.5,45.592317,-122.6827,MN,STRGHT,PACIFIC HY I-5,9412,NB EX VICTORY BV C1,6,3238221,DRVR,0,9,PSNGR CAR,1,REAR,PDO,NONE,STRGHT,N,CLD,WET,DAY,0,0,0
1716583,2016-12-16,13:00:00,FRIDAY,Portland N,2,N,306.5,45.592317,-122.6827,MN,STRGHT,PACIFIC HY I-5,9412,NB EX VICTORY BV C1,6,3238222,DRVR,0,9,PSNGR CAR,0,REAR,PDO,NONE,STRGHT,N,CLD,WET,DAY,0,0,0
1715801,2016-12-19,9:00:00,MONDAY,Portland NE,2,S,302.08,45.531456,-122.665194,MN,STRGHT,PACIFIC HY I-5,9434,NB EX WEIDLER C1,6,3236927,DRVR,0,9,PSNGR CAR,1,SS-O,PDO,NONE,STRGHT,N,RAIN,WET,DAY,0,0,0
1715801,2016-12-19,9:00:00,MONDAY,Portland NE,2,S,302.08,45.531456,-122.665194,MN,STRGHT,PACIFIC HY I-5,9434,NB EX WEIDLER C1,6,3236928,DRVR,0,9,UNKNOWN,0,SS-O,PDO,NONE,STRGHT,N,RAIN,WET,DAY,0,0,0
1715208,2016-12-20,10:00:00,TUESDAY,Portland N,2,SE,302.72,45.539236,-122.670233,MN,STRGHT,PACIFIC HY I-5,9442,NB EX FREMONT BR C1,4,3235932,DRVR,0,9,PSNGR CAR,1,REAR,PDO,NONE,STRGHT,NW,CLR,WET,DAY,0,0,0
1715208,2016-12-20,10:00:00,TUESDAY,Portland N,2,SE,302.72,45.539236,-122.670233,MN,STRGHT,PACIFIC HY I-5,9442,NB EX FREMONT BR C1,4,3235933,DRVR,0,9,PSNGR CAR,0,REAR,PDO,NONE,STOP,NW,CLR,WET,DAY,0,0,0
1715747,2016-12-22,17:00:00,THURSDAY,Portland N,2,UN,303,45.542614,-122.673622,MN,BRIDGE,PACIFIC HY I-5,9454,NB EX GREELEY AV C1,6,3236833,DRVR,0,9,PSNGR CAR,1,BACK,PDO,NONE,BACK,SE,CLR,DRY,DUSK,0,0,0
1715747,2016-12-22,17:00:00,THURSDAY,Portland N,2,UN,303,45.542614,-122.673622,MN,BRIDGE,PACIFIC HY I-5,9454,NB EX GREELEY AV C1,6,3236834,DRVR,0,9,TRUCK,0,BACK,PDO,NONE,BACK,SE,CLR,DRY,DUSK,0,0,0
1716133,2016-12-23,16:00:00,FRIDAY,Portland N,1,SE,304.39,45.561719,-122.678258,CN,STRGHT,NB EF MISSOURI C1,322,PACIFIC HY I-5,1,3237455,DRVR,0,9,PSNGR CAR,1,REAR,PDO,NONE,STRGHT,NW,CLR,DRY,DAY,0,0,0
1716133,2016-12-23,16:00:00,FRIDAY,Portland N,1,SE,304.39,45.561719,-122.678258,CN,STRGHT,NB EF MISSOURI C1,322,PACIFIC HY I-5,1,3237456,DRVR,0,9,PSNGR CAR,0,REAR,PDO,NONE,STOP,NW,CLR,DRY,DAY,0,0,0
1716139,2016-12-23,18:00:00,FRIDAY,Portland N,1,E,308.12,45.613242,-122.679056,CN,INTER,NB EX JANTZN BCH C1,9457,NB EF JANTZN BCH C2,,3237465,DRVR,0,9,UNKNOWN,1,SS-O,PDO,NONE,STRGHT,E,UNK,WET,DLIT,0,0,0
1716139,2016-12-23,18:00:00,FRIDAY,Portland N,1,E,308.12,45.613242,-122.679056,CN,INTER,NB EX JANTZN BCH C1,9457,NB EF JANTZN BCH C2,,3237466,DRVR,0,9,PSNGR CAR,0,SS-O,PDO,NONE,STRGHT,E,UNK,WET,DLIT,0,0,0
1715769,2016-12-24,,SATURDAY,Portland N,2,S,307,45.59895,-122.684089,MN,STRGHT,PACIFIC HY I-5,609,N DENVER AVE,6,3236871,DRVR,0,9,PSNGR CAR,1,REAR,PDO,NONE,STRGHT,N,CLR,WET,DLIT,0,0,0
1715769,2016-12-24,,SATURDAY,Portland N,2,S,307,45.59895,-122.684089,MN,STRGHT,PACIFIC HY I-5,609,N DENVER AVE,6,3236872,DRVR,0,9,PSNGR CAR,0,REAR,PDO,NONE,STOP,N,CLR,WET,DLIT,0,0,0
1716117,2016-12-28,14:00:00,WEDNESDAY,Portland N,2,S,305.4,45.576375,-122.678508,MN,STRGHT,PACIFIC HY I-5,9416,NB EX LOMBARD WB C2,6,3237427,DRVR,0,9,PSNGR CAR,1,REAR,PDO,NONE,STRGHT,N,CLR,DRY,DAY,0,0,0
1716117,2016-12-28,14:00:00,WEDNESDAY,Portland N,2,S,305.4,45.576375,-122.678508,MN,STRGHT,PACIFIC HY I-5,9416,NB EX LOMBARD WB C2,6,3237428,DRVR,0,9,PSNGR CAR,0,REAR,PDO,NONE,STRGHT,N,CLR,DRY,DAY,0,0,0
1716120,2016-12-28,23:00:00,WEDNESDAY,Portland N,1,N,303.52,45.549503,-122.678753,MN,STRGHT,PACIFIC HY I-5,9431,NB EF FREMONT BR,8,3237433,DRVR,0,9,PSNGR CAR,1,FIX,PDO,NONE,STRGHT,S,CLR,ICE,DLIT,0,0,0
1715939,2016-12-30,14:00:00,FRIDAY,Portland N,1,NW,302.7,45.5397,-122.670836,MN,STRGHT,PACIFIC HY I-5,9432,SB EX VANCOUVER C3,6,3237146,DRVR,0,9,PSNGR CAR,1,SS-O,PDO,NONE,STRGHT,SE,CLR,DRY,DAY,0,0,0
1715939,2016-12-30,14:00:00,FRIDAY,Portland N,1,NW,302.7,45.5397,-122.670836,MN,STRGHT,PACIFIC HY I-5,9432,SB EX VANCOUVER C3,6,3237147,DRVR,0,9,OTH BUS,0,SS-O,PDO,NONE,STRGHT,SE,CLR,DRY,DAY,0,0,0
1715933,2016-12-30,16:00:00,FRIDAY,Portland NE,1,N,301.97,45.529956,-122.665356,MN,STRGHT,PACIFIC HY I-5,9435,SB EF WILLIAMS C5,6,3237138,DRVR,0,9,PSNGR CAR,1,SS-O,PDO,NONE,STRGHT,S,CLR,DRY,DAY,0,0,0
1715933,2016-12-30,16:00:00,FRIDAY,Portland NE,1,N,301.97,45.529956,-122.665356,MN,STRGHT,PACIFIC HY I-5,9435,SB EF WILLIAMS C5,6,3237139,DRVR,0,9,PSNGR CAR,0,SS-O,PDO,NONE,STRGHT,S,CLR,DRY,DAY,0,0,0